bafkreigjjhjx2j2b526d3poeg23w2xan4rcgnzvcxinsssv7n37lu5p7s4,0x19B3Eb3Af5D93b77a5619b047De0EED7115A19e7,active,423640.56516918045,2502.052456189641,427339.85566537414,1657125715
QmeoNQXWU7Uam1SYYLwT7pjnTbtU3qy81PEAcgdeHYkvuq,0x19B3Eb3Af5D93b77a5619b047De0EED7115A19e7,closed,3164903.322213334,4490049.877252013,7655329.840184313,1656285741
QmWEfwveAg713g6GjPPEgzdh3cPPadB1zUGmhDuTtf82jg,0x19B3Eb3Af5D93b77a5619b047De0EED7115A19e7,closed,7974820.476404228,4299.518447647121,7979465.991923551,1656285589
QmTZTSq9LguJFcWnoZKqmANWiNBBrJCUEC3vVEQbseR4YN,0x19B3Eb3Af5D93b77a5619b047De0EED7115A19e7,closed,7977201.527804883,3212.841775985184,7980414.513825925,1656285501
QmTv4DARwft9sjaiBKpmqJj81YaBBGM5ejK995KrceJekH,0x19B3Eb3Af5D93b77a5619b047De0EED7115A19e7,closed,7931374.500824241,47874.833548913935,7980511.743699276,1656285422
QmNYBB9fxtygJhDE6kjtUfdvTkY34J37oSDCZqjuzocAAR,0x19B3Eb3Af5D93b77a5619b047De0EED7115A19e7,closed,107687.80111982713,1106057.1876255802,1229864.7894396137,1654526182
0x82fc4ccbda1070c19860e42bf3a2c3bf506468cd6952c5d31902b58e56d60c1d,0x9e6e344f94305d36eA59912b0911fE2c9149Ed3E,closed,4062369.1921392446,0,4062369.1921392446,1653306696
QmZjuu85i1dYhmfgoGi9gpRKs1u1e2w19tb2qCiFGXCXFp,0x19B3Eb3Af5D93b77a5619b047De0EED7115A19e7,closed,7075600.135072062,1567.3209576024196,7088921.671852226,1652756806
QmVfGe7ZqUS4HZhpxssPXPKJF8sCctcEsN1Sybo3p4F4zb,0x19B3Eb3Af5D93b77a5619b047De0EED7115A19e7,closed,9586540.758429635,858778.3216363458,10445319.080065982,1651653700
QmNqLbJf6x5HXSRy3FjcY5McpgGGnFho7GySmGZd8nXeKF,0x19B3Eb3Af5D93b77a5619b047De0EED7115A19e7,closed,350710.75694752514,5633073.967823343,6064262.230059365,1651014876
QmX6ZJtJN3KxjYiFHKDy1CK4vkUVTEeqq5Wy2PwArgj8bH,0x19B3Eb3Af5D93b77a5619b047De0EED7115A19e7,closed,6611792.833805346,39258.7964498837,7479318.365732023,1650349922
QmfW6KBcb7wSgKjGzcFSputWz2yjk1PTpgzvFDM7kMQcyu,0x19B3Eb3Af5D93b77a5619b047De0EED7115A19e7,closed,6683122.225758805,829022.7777022598,7512145.003461067,1650349765
QmXpwPVwDoiL8HcKjq5aQAYVEc2mtLSmnYDt5q7JKunjff,0x19B3Eb3Af5D93b77a5619b047De0EED7115A19e7,closed,3879363.6985128294,516445.5693835789,4395810.544854847,1650347910
QmfBBhhpDYYNbK3BQzmsn1eLoP5ihJxZch1keQ8kMu5aeZ,0x19B3Eb3Af5D93b77a5619b047De0EED7115A19e7,closed,6287902.732331629,2540.3349513472463,6290883.838115279,1648741442
QmcDgHnhXNWMQQU6zp6eYM3nhywN317JtQLtNWtwBVXHsx,0x19B3Eb3Af5D93b77a5619b047De0EED7115A19e7,closed,6392277.196595402,514455.7399157589,6906732.936511161,1648441207
QmbZ6cYVvfoKvkDX14jRcN86z6bfV135npUfhxmENjHnQ1,0x19B3Eb3Af5D93b77a5619b047De0EED7115A19e7,closed,6567131.315941584,33.919276868989265,6567165.235218453,1646375135
0x40bc0da24aaa4490c3f1487efe5d40898e96aaae4d0f15f5a387c2759990483e,0x4bb4c1B0745ef7B4642fEECcd0740deC417ca0a0,closed,6557509.338920129,0,6557509.338920129,1643854915
0xb24d3a29eb928bb2c555a216ff07f8abb402ab828e1c4dd19c190e2d835f7769,0x5ce7757eE32E521895514873c3e1934FAaB95813,closed,308.612393033818,6501.730880901783,5144580.85425878,1642471287
0x10ee7606bec41f086ea5671eb2912b8fbd4a29ed318167060f17b420020f5fa7,0x5ce7757eE32E521895514873c3e1934FAaB95813,closed,20697.07997215872,210182.03441561133,5152876.110970266,1642470413
0x9d89e5a120034460ab75236f792bd83e94b1161d43243db1bc2195540b6e4d54,0x5ce7757eE32E521895514873c3e1934FAaB95813,closed,5549245.625170078,19117.70856924012,5574995.055512122,1642469997
0xed9b41b36631a1694db83deebb126d2cb8151aa09ad93d4bd5dd9a0d46892f47,0x309AA9bd63eB5bd1653435D78F2d9ccc4ba0a8Dd,closed,191799.5652597964,7151036.507380312,8042310.658690038,1640154912
0x2284566a721e02e3b5d96314243acac736fb6b28027fcffc5d63527b095e703e,0x1C0Aa8cCD568d90d61659F060D1bFb1e6f855A20,closed,2570556.3622386204,28004.40782054585,2600903.13035205,1640043868
0xb0a18a4179f8594dff36c5360c9a8f4e83fd36f86efe4a010d7ffa251f0367d1,0x1C0Aa8cCD568d90d61659F060D1bFb1e6f855A20,closed,5092131.842926746,8704.103907419401,5100835.946834166,1638304440
0x3e8c549e82d973bfa76f8ae705b453af8f19a465c8418de8ad042509eb44142f,0xBd31D988151DE348C928254D5622148Fdf7AF73C,closed,106049.23305496263,1367.2388917909673,108070.50453733256,1637147810
0x8315ab4c4ef39731bbae23c398efc7888732f08bb42e9c33ca7db5bca91764b1,0x1C0Aa8cCD568d90d61659F060D1bFb1e6f855A20,closed,6728695.233648746,2567.1267762288144,6746547.566232128,1636559402
QmcwEVRfidkg5U8n3Z9CWgZfb63Fdy9Gy3BPX9z6xZL7nr,0x1C0Aa8cCD568d90d61659F060D1bFb1e6f855A20,closed,3361810.2412042143,197706.93725672548,3559517.178460951,1634683431
QmNT8bY7aJRFUMtfbFp9m7JHcUgEVCNZzWE67Crr9oAVrA,0x285b7EEa81a5B66B62e7276a24c1e0F83F7409c1,closed,12358627.302780304,4328467.722805527,16687095.02558583,1628800241
QmfEqngSUDtZHgQf5U9wEpkskwK38zWKbyEeWp3pfz2hPE,0x285b7EEa81a5B66B62e7276a24c1e0F83F7409c1,closed,14266737.701309118,59281.02303513961,14326018.724344257,1628800088
QmefFaAG2DoFKPdNegZpZHU6yTbXrWYxiwuKPkNQjFtGAC,0x285b7EEa81a5B66B62e7276a24c1e0F83F7409c1,closed,10300382.160948947,4586897.481081551,14887279.642030533,1628799874
QmaC15SjeAuAMbUnFp8GP5mk836K68nhsTXWFyWfjh1Rta,0x285b7EEa81a5B66B62e7276a24c1e0F83F7409c1,closed,14214335.217999551,1771.9266284094183,14221223.784852626,1628799537
QmXTSo2CoFqp8VNqb9Jy8zqgiiKZ9AAPnGwqA3sPaVkBzC,0x285b7EEa81a5B66B62e7276a24c1e0F83F7409c1,closed,14320715.589776186,1194.3433521932484,14321909.93312838,1628799290
QmWqj4HqaY5eFQAKJjTc1BJDXy4HQuTJcGf62qvyRpjFfq,0x285b7EEa81a5B66B62e7276a24c1e0F83F7409c1,closed,26933.610851656456,39936.61874941731,66870.22960107388,1620336122
QmU7jQsPbzCsBvapwZMGaHTjHb7CUqKz91KSz8iqYez4wv,0x285b7EEa81a5B66B62e7276a24c1e0F83F7409c1,closed,79912.78484270362,2.280105476948418,79915.06494818057,1620335840
QmPuCGmPXv1UFqQPk9UF6WhRssHv5qMGKj5HU3wDqbugua,0x285b7EEa81a5B66B62e7276a24c1e0F83F7409c1,closed,64605.83421433819,6818.97720144753,71532.6765636522,1620334390
QmSB39Li1wiNBQuCN2fJkndkoeBomVbp4qY84m56BpDX6Y,0x61Bf9c100F997f8218a01244C00Cd303AF95877f,closed,130717.59941454564,7328.88318303787,155550.30372921578,1619731497
QmYMmj3WsXUSg2fs3TMCkYoPHPMpJziyddLf144JjTXD1E,0xEBD819806B7c1B9631AD4Bb858960604B2B0D011,closed,4647.826275817895,0.02354869752918736,5265.024495894046,1618386400
QmT4yzmAFN3U5ZHHeZJcti18oa8b8hR3jJ41dn81DZ98D8,0x4472f355eB0e48675519a6D7eACe3596a8431694,closed,1688.730224613368,4655.959463930432,6344.689688543801,1618299436
QmfQb4nkcimGkTeQ5cLrdpymuYUW1SuAKec8VzMvQT6AS2,0xAbc6848bFEB8CfDA888eD0C5A3962e9FA7b556A6,closed,5712.681451485252,136.66934339108354,5849.350794876335,1617886176
QmbVauQU7ZvnscS23DMgzb91W2xvcHhAQ4y7Mmy3dG8nF1,0x9fC6CD1A8eBC2D40C43906B1e698a0460260eFEa,closed,53833.66747722707,15982.562601720803,69816.23007894786,1617428983
QmSDwPmm9VTi9dHmg63tMWx1j7MButsRWEenCYQcT8ADL6,0x285b7EEa81a5B66B62e7276a24c1e0F83F7409c1,closed,22916128.873697303,296491.56895710854,23229710.916318275,1617088141
QmUrmCsmi2dSZ8ytyDSSHnyUQAqYF33YDPeUbUaYuQReg8,0x285b7EEa81a5B66B62e7276a24c1e0F83F7409c1,closed,473861.48709514295,7306292.223401576,7796055.892919112,1617087132
QmdXP1DogPQm6J5PeEwofVJCL4a1vHd16CvC6CCT9nLDS4,0x285b7EEa81a5B66B62e7276a24c1e0F83F7409c1,closed,7769634.137217326,17154.331083545767,7794769.388677391,1617086100
QmaDuNa98xK1a2dG7hVZccQnRtK5v6jgN6WZbREY9pfQhA,0x9fC6CD1A8eBC2D40C43906B1e698a0460260eFEa,closed,31666.531163153715,161.15429077718204,31827.685453930844,1616940882
QmUaez8y5xRhTv2MeGKvhb7k939qkWmxgZ2R5fmgmVMEpf,0x45f45a83B71b0d1AC1B993797d88cc3C08985D66,closed,195.54717801205877,0,196.73393887373518,1616321580
QmVWm97oWPeJ4gyn8B5c9HN82j6f4C3nRcPh1h72cCCAjf,0x9ebe424B7bf85Ac8ba42b3f4C9c46DF6809A322A,closed,15331.85074700041,2555.118310152736,17886.969057153143,1616290710
QmVGtM2NoZ51Zdo4zWeBEPgVJNdU6Fn5pYR11NReK9zzo7,0x83B48a8698Ed024f35D0bf16c719acCF3202F953,closed,47832.74175916925,16821.973092929296,64728.96746717627,1616083913
QmXr8XYU9hTB7znvfcAhMvZiceYQcRPEjXZFXx8HbUAXpw,0x83B48a8698Ed024f35D0bf16c719acCF3202F953,closed,32515.41877459921,551.3716770030984,35892.71878214353,1616083793
QmP3S2wkv8rA3XSm9KD35Yjdt8yWvjQTsAUk4X8s73usgL,0x9437e277C8Ee0815943DaBf393179E0dBd9B0739,closed,4631.192624370151,153.37722823094222,4784.569852601093,1615990811
QmRf7QiUTuAcAKH7Vav4ZhUbPQNwBw6Yra2XhUXPmQwU8N,0xBa745f8B0e83ab6113f6E1d72957a2EF2B140f3C,closed,2197.051915370336,3230.094265568887,5501.121103882344,1615949731
QmWEXJ7r32FgEy9J12sFyv6YFhMCn1zzwmVpzK7mzuhwtJ,0xa9B90D41890A8E05Ba826880B188b501F3ae7Aea,closed,31257.37387822157,888.589607988356,32145.963486209926,1615380589
QmcJiUjM4fZT4txw4F2tjteqcrAdEw1bRfQKVRH45ZBuLy,0x86C5649E1a5ad603A09260933a456c5B35c4E68D,closed,54189.97083842536,341.9826170633042,155650.18407601732,1615378769
QmYBCGv3dW6svrgHyCZTtsFy3fpG8LqET2PCzDDVLjWYq4,0x3AE4Eb569e045fd918e5a6CAB0a8bcBFF6B1cAda,closed,16229945.92869308,746809.2987608312,16976757.519026745,1615376877
QmcYeM9DNbehjm8JVQXoPKSx4M9knmaVAAPacJ5txy1RFf,0xa9B90D41890A8E05Ba826880B188b501F3ae7Aea,closed,31649.434242692023,4163.829205355336,35813.263448047364,1615370428
QmXjgif8mZNqkcJcM3gXAiNiTGZEVr5TJTZLKyZDm9kC9q,0x128201B26deF69e2672a5d9cB0cbAa7557523661,closed,125390.20103239392,92047.4590091422,217437.66004153577,1615330203
QmctDcHexBteqShgNjkWPj9EkKJYhPrH8ABnqeaPkHPe2y,0x8d43370012a87871675C8962a711B6987c2Ea2D5,closed,43448.434034589234,8773.89862961144,52222.33266420066,1615106872
QmWkbufyEs87jDSDP95pQTmgBej7Vm1G7UyE95i8Y2cVgh,0x8D2DD1Bcc45A67F99E79cf0D4C81A7c0E6399803,closed,61114.39921847099,249.23463572159463,61363.63385419259,1615013759
QmW5iv3ADDzhbdoi7pxFaNg6cqFBKxLe8DVcG7vVDhnsQD,0x6F6417FF89386a5B59E112b051Bfa7c48d1eaA97,closed,4839.905897737741,0,4839.905897737741,1613805400
QmTrcCybeUbhhYX65iNLMDwf1Mefgoikza38SdsPMV4Bv2,0xF9E89c3b514fC0c9048A2ba2475739A52e697e0F,closed,3.491745471567371,14328.51789205283,14332.009637524397,1613336455
QmbR6KM71PTNSt2zmgPSB23sCZrLy5sKRe8SzWCTxXhnAP,0x9ee1B8Fd52321De805772EFea2F6AeFeEeDc735d,closed,608.8167358539717,0,608.8167358539717,1613284021
QmXSBJuJ23d7J11aorkGYG2x4aY4dQb4kMD4Lwbs25EN8S,0xB2A5c803247e275a2B9a4BD0d2f28e8183C607dD,closed,577.4019024458343,0,577.4019024458343,1612074247
QmPwBGy98NARoEcUfuWPgzMdJdiaZub1gVic67DcSs6NZQ,0x285b7EEa81a5B66B62e7276a24c1e0F83F7409c1,closed,3017142.925793838,4432.786985273746,12378570.582220586,1611784226
QmW22zbD56EQkCSb8QvL5iZcUX5bXVdGXBzZ9xGnJmsdVk,0x91212de083d29342F670FB69Ffa68176369e3B20,closed,1218.2769430966043,0,1218.2769430966043,1611743660
QmbiBCS8vv1ssiWMEcHraXVvXJVrfJe258GXCuEj96mXAr,0x07843F1Da93d580AA75a2B6FbC119Fa56849557b,closed,34025.89874479003,118.68310294368968,34144.58184773372,1611704405
QmW7VxtDGkyJ4pC2DAYhAUbWNXMJmfo47kAJzgVJ6vBTsc,0x71e5BA181bde54aAc2244CD209517b245e210042,closed,0,0,0,1611210347
QmYBojkztQbtPiCdYEfAMY4cQd8kyuGHGuaH3kPL6vmXZ9,0x8C254640D1b9d27bF58bF6f6878D1c2647b4E5E7,closed,1928.3494268764136,0,1928.3494268764136,1610266835
QmaJaCuBq26sLR9VWHZjhQUq83g6uNH862KBwiWgRnNPn2,0x8C254640D1b9d27bF58bF6f6878D1c2647b4E5E7,closed,0,0,0,1610246807
QmQbZmBGhBG8jXRkwG9S1BcsCG6r7nT9qhpneCMPSQd7Nb,0x8C254640D1b9d27bF58bF6f6878D1c2647b4E5E7,closed,0,0,0,1610246443
QmfYNxnWf62q988H7c8UzDnsp8XaNwBjjf1JXVSyyngkcf,0x285b7EEa81a5B66B62e7276a24c1e0F83F7409c1,closed,5049008.320109607,13322.10996347424,5062330.4300730815,1609987897
Qmbc6ozDHFQyKtAEfZwH4BKA36RJYvbjdGWVzThUPrf2AA,0x996c5c9EdDcc5244d9216631fDF3E8EC482E765f,closed,67254.66571854158,0,67254.66571854158,1608145188
QmUe9Q3BUHvJgmjENevKAU5hCfsYMU9wozHVnT9aqnuMMx,0x996c5c9EdDcc5244d9216631fDF3E8EC482E765f,closed,0,0,0,1608145039
QmcvdHzLsQ49dMEXi5VMykHYpgE3oVzCMNqGSbehATLmYg,0x285b7EEa81a5B66B62e7276a24c1e0F83F7409c1,closed,15193250.14486971,0,15193250.14486971,1607748418
QmU8oxTvWkXrzgejRkjGot74FmVHR42Pq2VRtnLAYEnJyd,0x285b7EEa81a5B66B62e7276a24c1e0F83F7409c1,closed,6870252.770938196,5613.754757468211,6875866.525695665,1606801296
Qmczqhvmmepe9wwuvw7Uuhk7GKb29Gu5cW73VrLxjG7T1K,0x285b7EEa81a5B66B62e7276a24c1e0F83F7409c1,closed,12908305.447608557,13124418.35109304,26032723.798701975,1606801018
QmUDaXEniNB8NBHnqQM5dmXXsGW8QLgS4jxguhQb2k2CAj,0x285b7EEa81a5B66B62e7276a24c1e0F83F7409c1,closed,51742.53049715554,130158.81574927075,3035713.442488563,1606288687
QmZWRSCQNegKbRMsMSQZmSAaerTNXFoD2A3YvqpbmSyCHm,0xfc2A0dB072b5D91E22a08beBF8909b280A01785F,closed,0,0,0,1606275420
QmYE9CMHXW815Ez2U8G9PCxecm6ryqJWFAQSJUjq6Nu5ip,0xfc2A0dB072b5D91E22a08beBF8909b280A01785F,closed,0,0,0,1606275285
Qma72FtSbiRJj4v4VLNfXXM3xV6N12J1dVfg9x7dFvZVMo,0x58E603d9824976F7a3940C6B408F0Ffa523a216C,closed,0,0,0,1606260319
QmcAYok9eTiRB1ApuiiTD49q7z7JgFwEtGQyVGFhRPFdQW,0x285b7EEa81a5B66B62e7276a24c1e0F83F7409c1,closed,10257503.1216992,0,10257503.121699201,1605733181
Qmajj2U9nM9fCJ6Yo5t3m2E2SdecREF9URW4noUs2Z7wwS,0x285b7EEa81a5B66B62e7276a24c1e0F83F7409c1,closed,49895.43283775082,5718164.364947884,11316428.216040451,1605732035
QmNVpSsNyR5MbMXFg3wNW3cxK8KUSSUYroUxxBF5HKtQsj,0x5bd7Daa872D4e4EBe77420E368C0d683317840bA,closed,0,0,0,1605024296
QmXvC4djfTYjbb9TgYJ3HeoCBoJZuPyhrPMHuqWoVhUydC,0xa4214cab2b92900F82a32Ee881D15a8809F764ee,closed,3923.6757174779914,0,3923.6757174779914,1604002059
QmeV6iDgAmZs3H5Nkh2errBjF2Mtkw9mqSqPFqHaE8fMXb,0x4086E3e1e99a563989a9390faCff553A4f29b6eE,closed,11842577.024592351,1211520.96039744,13054097.98498979,1603452877
QmXPpdqKLv3L3ti5WJVpwQy1tzYz431CNkbcs8uvxuWEoH,0x73Ba2Da99734F0507a01D03B10A168551415cBb7,closed,0,0,0,1603176794
QmWcCAZgdy9hekPiCsGcN5ytbnqrudka9feYtona27N9gw,0x7FaA32b18C874b2eB4B42bC0d0924eFBBed49423,closed,0,0,0,1603013193
QmUFuj1RPpNX4AvVsqzcNXKGCQ1ug5nKixW1ncq4yGV45H,0x285b7EEa81a5B66B62e7276a24c1e0F83F7409c1,closed,7408414.937132987,68388.45975562578,7476803.396888613,1602740456
QmXDb66rDMFxjJXPY72b9iyjSrDtqdMgGL6DDnFTksUnGC,0x4E615efF185e767aCF06780B674A4852ac8d1C72,closed,0,3528.388438477117,3528.388438477117,1602595976
QmWbtqg5am84Z1i13tLx1NsnEth8ikouuUiWoKrw21faqk,0x7A9dbEAd85731D7ec80D28e63aE6bACCA99F948E,closed,0,0,0,1601986903
QmPhM4SXbfihdGaLXJ2TCDNkd4wToptEtPw9Gz64sKeQ8s,0x5d2e1fE7c61a8C69b29e834be08fa3Ded886DCF1,closed,0,0,0,1601920391
QmQ8kiLzGTWH1dbPLqKccRVPeRVy1JiW3HiZXSg6n8brCe,0x587448b57044DF31C66a7051F96E1A34480F4bB4,closed,0,10951.121823384472,10951.121823384472,1601914625
QmQ567b5Bwg6oUb7xqr1bpQ5JDUTHAYAozkUUdrsCfVs1V,0x285b7EEa81a5B66B62e7276a24c1e0F83F7409c1,closed,11612644.290280404,0,11612644.290280405,1601887474
QmXwDpjsnoMKujSANruJiV6W8G7LBQVq6VQK3K39J4azk1,0x285b7EEa81a5B66B62e7276a24c1e0F83F7409c1,closed,7087416.913844838,9967.125693169022,7097384.039538006,1601440747
QmTXmwr3bYKeyLXApZnrtq1uppJBGMRgbacMTtbk9DULL7,0xEdba3A794B15880659b4459E02350C1c73cE2375,closed,0,0,0,1601003695
QmZTwyGgJb7k6RofLJW2hMy2yMaE2p2zyE6hGbdaWHmUUY,0x30a0911731f6eC80c87C4b99f27c254639A3Abcd,closed,20840462.28526317,0,20840462.285263166,1600953081
QmXg8Vq6sNpNWYRvM3GyCQbyDVRk8kRNF3PytGoexrDGgL,0x30a0911731f6eC80c87C4b99f27c254639A3Abcd,closed,6020409.7265776945,1089380.8835062825,10642617.432371492,1600952315
QmRxm2o1QAZb6Xv5qfDPXaRte8v8dFsSZHNs7rc6Tb67Zv,0xCBB6682f949dd8F8ec2C48DE75f952149F0cE490,closed,0,0,0,1600914350
QmVNYANPeQaoxqmh46S2fpR2j8iKa1qW4RxWqT6PuRRafh,0x285b7EEa81a5B66B62e7276a24c1e0F83F7409c1,closed,5582063.389116249,21325.13660601929,5603388.525722268,1600800208
QmWQjtyfmJZ6CQEu2ULsAyTrLoBnHZr9Nw5y9wCcRRZUD3,0x30a0911731f6eC80c87C4b99f27c254639A3Abcd,closed,6473962.52514867,1078.5607668900016,6475041.085915559,1600799760
Qme8MYH2nWR3qcecxnVU5F824VJ2LjeKKr5mNaVdQ7ZfcF,0x285b7EEa81a5B66B62e7276a24c1e0F83F7409c1,closed,435.0928500931365,568253.9623847066,664111.0826862779,1600416845
QmS8n7JVy9p96e1Kooe4LMzR49yCuqySxM1vTuZZjRktYF,0x285b7EEa81a5B66B62e7276a24c1e0F83F7409c1,closed,402.31828886219944,0,1236.051887540263,1600414067
QmZ7s6137TcW7rBXePy29sKzX7hX4CtBnnQj1tGUDdFGMV,0xd76c6901c3e6E7f4C2C504aA27830B665EC2de75,closed,0,0,0,1600353276
QmbJQ9x525xBqFqGShcJUWZqFcDUso1uVs1MxhnV8UySW2,0x81893b7A5661D4BBADB29c5900d26af6BFE81Aeb,closed,undefined,undefined,0,1600323868
QmPZ9oZ9odtHBDKhuMJSrM6sWCimEh9LMGinehqJC8VEwL,0x81893b7A5661D4BBADB29c5900d26af6BFE81Aeb,closed,undefined,undefined,0,1600322410
QmScN4xYPDDZNmkcpz2bZYqg1TUrxBikKs2wii3iNvNasd,0x33c3af383d912B5DE662a3964e6008F1CB5DdAF7,closed,0,7.274948236168812,1536.645056206999,1600218884
QmSzYHrXfD8NrMZ2ch12dgT7mDYEdskiu2YqZ5bNeH3pvf,0xB5CE69909FB22BC37702f1504c1eF8e23084Da49,closed,812.9830761700636,24.91672683108632,837.8998030011498,1600210326
QmPELBjaXJMuoPvi6xkzjCv6Gc6qxNrhFQYrFSEFcBzdid,0x82e5290C810539e120193DFA8B1C1207BAd89FAB,closed,351.95027494989057,0,588.8996210160724,1600167428
Qmdpr5nfFdHVsMQskUaEX8TqT54PrAUvFFvuwft7zc9pHU,0x333eE98d84b087208353038e10E1b4600A0A3967,active,undefined,undefined,0,1600139157
QmXsUc969nZBevTQhMPgF5WD6mJKjn836yk4R9EgRYxVgF,0x27726763E0dd39F3582650fdB5287B81D04bDD92,closed,0,25.00000000001336,1360.3804612836552,1600137081
QmY1XoFHjHTroNRwRowGsxwhjaKTj97Zrw2m7VcTpurUvh,0xf6423ebAEf6996Aee56ecb1D49be02613aF8555E,closed,669.6731495426818,0,669.6731495426818,1600023757
Qmc3BQR939HTQdungssb5HJj8tczqzX5rdnNkKLmnhqyFX,0xf6423ebAEf6996Aee56ecb1D49be02613aF8555E,closed,0,0,0,1600021820
QmWbNxa23q6pTinJBTYTApVEyTUqx3N5udN38HvczWkD3p,0xE5B2124767F10D21F643Db08E4eBf0f17250d582,closed,0,0,96.57008352303151,1600020250
QmPquCKbEBK41zMh8Kxbo42tdRfo6xjxUy7VPFBw38STY1,0x10747f32528d086c781630DFe377F1A3f524d6f4,closed,0,0,0,1600010934
QmeEUyk6kC8WRtqhZ8WWbnTHLU4UPmNvLeZqCSkZSxTnr5,0x10747f32528d086c781630DFe377F1A3f524d6f4,closed,25.88650516030859,0,25.886505160308594,1600010578
QmcJemBfHfrmCrrvAdcVk8U4zqM3XGj2DZ68gDdPr7cjzo,0x10747f32528d086c781630DFe377F1A3f524d6f4,closed,undefined,undefined,0,1600010351
QmREmG7pozfySg8YEctH35dKGaHPUKsVuSZmW5UAakAh76,0x10747f32528d086c781630DFe377F1A3f524d6f4,closed,0,0,0,1600010275
QmQmrAAhjbiYUTUqFvjcxhZ79Eo3nZj5JsrsRLrbJY5sjz,0x1846837591FCDEfF4ec8e01Ef8bB76645672b153,closed,68.69242766177852,0,68.69242766177852,1599997700
QmZ58Lp1JDvMXB6qXopsgwvz5VTgZ6ihCpzwjHYymBDH2q,0x069e85D4F1010DD961897dC8C095FBB5FF297434,closed,189.7858329963204,124.91033191074042,314.69616490706085,1599962293
QmSd8QEpwjoJ9pHRPLRhqNTA8FQRz4Vs4d8g9xNvAbrwy2,0xa4A381864C03bDBd624ACb190c3fd4FB00e4923d,closed,192.97742825528076,1581.6369922494189,1774.6144205046992,1599936152
QmV7hhMQKLYfhYeakGAXb3nXM8LsqYq1LSTAH2iZ32YRkr,0xbC7b2461bfaA2fB47bD8f632d0c797C3BFD93B93,closed,undefined,undefined,0,1599932910
QmfFqZbf9bxLHCFnKSfqeVUHvUHYsUtUt7NVazfui9XkBP,0x1ff7d6ED0A68f665981Da611CEd8eAd1fAe89234,closed,0,0,394.15719090173667,1599928956
QmcbcJPfdKUN6MMq6nUq5nReFgp1f8iXTVAZcHcekPY84v,0x038eE56230ECC8fa7B2D2867FFEB424470b1E214,closed,2172.714135335241,0,2871.5084511904865,1599927271
QmWKLbF4JBgRvSYYEZH5EPzjcF4jSA8TxHJJQE38VyLJcG,0x5ad3EdaBa22E3E08FD978deDC579795D260d52C8,closed,5293.2759397847485,500.61957094444847,5793.895510729197,1599925758
QmQkr5x4UD5PX1DMuKRrMQJK9vbBosqsgZnoNALoV8rLXY,0xB9f191316c5aDd0355a237aA6E76CB1083192034,closed,860.6711602267911,500.61957094444847,1361.2907311712395,1599922179
QmY66XwcgCSNGju7FK1E4wbVHyLy1KukBZw1Egq5nqHxdL,0xE80B5097862cAB9d83846875752d7201fF42C7E9,closed,31660.00054029526,32622.932449739303,1219946.3605245391,1599920309
QmUEzga9yP2DSAYo4rYWZ8fz9tG7HKEC1p3C5dyaEYgLJn,0x2e37561E5cd35E649F4aCad3cAA6be8B16c87C13,closed,53.83074856359401,946.306159109158,1077.792976593837,1599915486
QmdUUJeVr8bDExRzXmws51Bu2HGnj11VYT7YntGVxZRqy6,0x2e37561E5cd35E649F4aCad3cAA6be8B16c87C13,closed,53.83074856359401,3287.8682776373994,10480.206223925701,1599914971
QmV97u2MKSUH1Xh6Ly9cZCtGVRkHUtJDahnc164z9o9R9g,0x2e37561E5cd35E649F4aCad3cAA6be8B16c87C13,closed,0,12.10381841431048,1172.466019568448,1599914670
QmccP53kWWGgAxGDnSEmR4CJ4zvPyvaHayTrcmcv7KZy3n,0x4A63552f00C841186E5174179A8c7D44Fe85aBAA,closed,0,0,0,1599914434
Qmdw4N86MGnpP4giA66PKtHKodG12w1WS42vVGyEDJ9NUh,0x4A63552f00C841186E5174179A8c7D44Fe85aBAA,closed,58.597063928383655,0,4237.982552657109,1599913948
QmNqnYpCgmpoaJPDTBsDzKsRc4Y2dqLGkHi7heMCsWRXov,0xEDdAF8E0340D04349b7001c64b6236911F74eDa4,closed,20.206844305845,1068.118032780022,1196.6458987610927,1599913889
QmZnsfv1m4kgSwM9YixfHo8HZoF4TznAYZ6dgFfdZ5m6rA,0xbB4B818130666AAA6f941c36f6726cD03ED126A1,closed,1253.9467944148023,845.3071946236436,2099.253989038446,1599912086
QmRtN1736QLy7Kr74iMXn2YgaPy8NkxmxSJq8c612HdJ1N,0x30a0911731f6eC80c87C4b99f27c254639A3Abcd,closed,12472.878611625049,11297.6188198676,437255.6475980601,1599906554
QmNbA89xVnyQ1fgLUuh8cQA5sdL1SBXNaNNDsdQvg1WE4c,0xD4a622A7bF6F0196391878315b518E5518D4A8e8,closed,0,0,59.28531334900816,1599902365
QmcKvaZmR9JUeEtFVpkNamG2nP3iQGi4wH2dy8qb6Gfk9L,0x875f6DC5c6e671a99b6B75FfC8be749fE024A8A9,closed,55.698966166366155,3155.333868232158,22781.1463663224,1599899521
QmSir5B1fjFBRF46QcAncq1r1H8HEcQy23TvkZmZSSJkwU,0x9cDEA12621A2ac04B80Cd60afBF7eFf364AFA305,closed,3627.114065574467,514.3572661111326,4141.4713316856,1599894472
QmP56ctCyt9YPWAZM1vdPUPGMrcMNJhnMHogkYrRws9Aqh,0x32090756e61322BE936c7F903B40ceA24641Ed04,closed,0,0,552.6136740477253,1599892649
QmUbqqaMrVx2c7a66mH6LgCWNHwNqjKBEQHJDM1wWwS6jv,0x4dBeA90381CEb21925eb0a9ca39d7300afb7e5e1,closed,33959.25026651984,25.37041196457197,33984.62067848441,1599889553
Qmb1vJpzYbhij26epxv1GYVht3BD6mzFtm6Fb4wQcBHJ3d,0x9AE8912ea6562957043c8d048641Aa9B450c397f,closed,590.8285213183407,12.557778699884423,603.3863000182251,1599888365
Qmetft3A3WBF4KdeM8TZ44y1ur44FFYUHSLVKcQsQhgJPb,0x5ad3EdaBa22E3E08FD978deDC579795D260d52C8,closed,650.7398905425783,0,650.7398905425783,1599887496
QmPJxGocxQL457UvTpj9mr9gTAmeKz2nn3Nf7DYLK3sMQe,0xa4A381864C03bDBd624ACb190c3fd4FB00e4923d,closed,483.9420880961916,1.4519538710666011,617.0882520912132,1599885910
QmWSQZZkaUXo6HkMiihXjRpy9VWjbnHkdLe6A3qse2AoXC,0xA651aE82E5924EA6f16aC837cdC062028a8b37e2,closed,337.9160509916438,47.18149493469768,385.09754592634147,1599877903
QmVZnSgrYAXe9YaLCjJZsfDrv2nuomxx1XFkuCpWjcb2iR,0xe640F69288680517CAaEbC7e1986b78a9B5f9422,closed,5.0536654551061595,84.51271518925736,89.56638064436352,1599856044
QmYVsG7VjgxDiQRLQRx4KgsYUst62a5ytGuw5zFrsqQAMs,0x3c00A3cfbb7c0671519832e0E198256b3586D989,closed,1108.5840940253124,214.23978435111613,1322.8238783764286,1599852497
QmTmTpeavCXTB6yVcK6oeET14m7LGAhmmPsFnNzCBxsZAR,0xEDdAF8E0340D04349b7001c64b6236911F74eDa4,closed,216.77854473732273,6782.492781261407,6999.2713259987295,1599847052
QmVpvAaF4QQQvPZQJB8V3Lac19pQbgtYuNgRRehouEZrDC,0xbC90B3Ce40fc3Ed921D910f3e046C65954fFF7cB,closed,35916.05583073515,9218.588252032652,128616.0173868448,1599846843
QmTZkNFov1MzaFcMcrbVV83EuGPM1zTYRYLyeYHEv8o6F8,0x833188845B40226a7bC6B8634572CE84b542c994,closed,449.3370314463886,0,449.3370314463886,1599846804
Qmb8fAu23UQLeHuSdE6bDhM9FYYLCmZttzi7fmPEY6qDPg,0xE80B5097862cAB9d83846875752d7201fF42C7E9,closed,202014.3167927244,94002.2483141352,296016.56510685966,1599843664
QmcU4asQnC9eeNqM7deZiN9DzNCpdjmmaxW5nFwMgENgMj,0xa4A381864C03bDBd624ACb190c3fd4FB00e4923d,closed,28148.038854542392,13.7376951666841,28161.776549709077,1599842618
QmPM1RrGtjkqVadZKE3ZKiMWaJwfHFPDroiummsspwF1Ze,0xE80B5097862cAB9d83846875752d7201fF42C7E9,closed,66846.48089905632,69380.20780709587,562004.3605606094,1599839549
QmQ5gWdDu8sUyZiwvT4uGQy1qKrvi766TWRP6gJSt7i2o3,0x48880719610F98367283C1aFf85718307e4Ab341,closed,59.763962194721465,0,154.44482965154305,1599823547
QmSqJpk6zjKJ3r28VLTdhuDNjGWaSWm4pc1Z12dDVLMYgu,0xB5CE69909FB22BC37702f1504c1eF8e23084Da49,closed,33.277260246975594,409.1676911114502,442.44495135842584,1599813937
QmUFwdaNRWwNkEVsCWrWNuH6RSCiVcWqgt4ZdgsjMp2Lvo,0x75FfF19972cfA9326897483a886c6F6316393eed,closed,0,0,0,1599801238
QmSTYzkuixAXZ8tcvDWvnWKBebEkroWcDfYF2uKRFuDSbY,0x007F452d7fc26B5c094fD901FFa57C6352770322,closed,0,0,0,1599798451
QmfL7Z5aQNrx62VcN4EhHq5L9YBxGFfD6e2Ya1Do3EcHCc,0x7813F757C33CF46f914090D87Ac9E84be4b03a6F,closed,903.1558200904784,171.9933452712295,1075.149165361708,1599785324
Qmd5cYY4MCPh2dpTiwNJDH8FCey9AHxV72fh1bv95FgGVA,0x863A3bD6f28f4F4A131c88708dA91076fDC362C7,closed,undefined,undefined,0,1599783503
QmcAmpVSyKByMY2UkhtUExLbKXhMSzSvzAjazFuJNDNrgP,0xd76c6901c3e6E7f4C2C504aA27830B665EC2de75,closed,undefined,undefined,0,1599728821
QmT7AYQU6gP6bh9SESTK7ZQpMjMBPH2jQQac77XJ2W2qMZ,0xe7f8212874d2cAcd36c658D822646B61cDF23371,closed,0,0,0,1599721896
QmNzEDBdovDSvvDU9T7m4YUXiueap6ZSGVLp3NmNqioGen,0xe7f8212874d2cAcd36c658D822646B61cDF23371,closed,0,0,0,1599721722
QmbQ8T9o2KiiUnz18P2pQpCopsmk7DDJCTikCSwTuZRQfj,0x77b403bdcF059994a648Bd0F0B48e0A7781C4891,closed,858.7988787590697,0,858.7988787590697,1599705205
QmZZNMgwz2yAsmcSSZeqUqETNbp84KinkvPZpecv2Gx25w,0x1A4d4866e8f7625574411f0652b4d1A90629B83A,closed,1332.3211264507845,0,1332.3211264507843,1599699633
QmUhHnwBPsCgC1XvxjfmRPCkvhKWMaD4jywtfPmcNmQR95,0x6D3E136698beFEe231cD2E4E94bE0105D62FA01F,closed,34163.51667001313,0,34163.51667001313,1599688648
QmWP8Gidry9YYnM2vJH7hyj8cSsXhmuHDnXtCshbWo13gH,0xA5403cECD0F4Ffd25B5b86BCF1d2b8FD5CF7474d,closed,0,0,0,1599675288
QmP52LjLmiWHcVbH5MYrR2bt3aA6qb9QoZmAT4PMxyBTiu,0x01f2f39f782228772e40446ef85f42cF775daa9b,closed,1886.5125842497848,179.52418263713562,2066.0367668869203,1599661688
QmUKcN1w28AkioVEmegtrRrPsiYNnaTo2DuPDbRaeWdTFu,0xE80B5097862cAB9d83846875752d7201fF42C7E9,closed,255318.83221064223,29253.643730107055,284572.4759407491,1599622672
QmWCiJkv3xTcH4zCfxgyTtpLkaB5LML9PGuQHwMw1eNePA,0xE80B5097862cAB9d83846875752d7201fF42C7E9,closed,314.17488765269263,11834.853680521486,12149.028568174179,1599620899
QmYJ5FYtJDncEhdB2W7zh26GHGWsWVrwkvVXKjoH6VNk69,0xE80B5097862cAB9d83846875752d7201fF42C7E9,closed,448.3799454982825,0,448.3799454982825,1599611137
QmRYRwQXQZa1ppgN9f1g2p6kXVtjcJ5aa8nDPWZ2JRUWj9,0xb900Ee43397Bc2829e565DECe3518A02F712Ec33,closed,1038.8060896125742,0,1038.8060896125742,1599583500
QmWawUVS3v2KcEqrTLgaw7LAuVK7mteZ3BM5Wpd3k15erK,0xb900Ee43397Bc2829e565DECe3518A02F712Ec33,closed,1783.3304813523932,0,1783.3304813523932,1599583237
QmeZgYahwqHkA7sNqwNZNhRMSi9k733rNHFArkSjkjhrB6,0x2dDdb6a69f071313580073941a4491313303b1AB,closed,0,69.66012183149438,69.66012183149438,1599576157
QmeFRmo3jewKgK3Zur3y6geF51BeTEgMrdbMJojWMvmAyD,0x480b32A4e96f63d805F487a5c23E6db5a7d9e02A,closed,15021.28805621887,1853.5914814404323,25944.239735972445,1599542887
QmQS4VVB2FCn1JkgydJ29LnAqw23cVf7aUKKSUD5HXRZki,0x7bA6372DfEe7eae56C9fA96Cd477455E8a4B2C6D,closed,2933.762960624435,172.29968742429273,3106.0626480487285,1599542067
QmQtkm8AHqpX8LfZrhCwQZ8UkUwZj71tsZNnUxUp1uTDB4,0x30a0911731f6eC80c87C4b99f27c254639A3Abcd,closed,113010.2578220704,3762.0402492371913,116772.29807130758,1599520850
QmUYW8CjcJ75XRifq2oTJZkRNaAWLo6WdVLYYcydAc3MiZ,0x285b7EEa81a5B66B62e7276a24c1e0F83F7409c1,closed,158742.95047000542,2612.547053421854,161355.49752342727,1599520837
Qmf6nY1iffWpX2wHySYYkAnjXiUgCY49yZbj7sR4r6fBqA,0x285b7EEa81a5B66B62e7276a24c1e0F83F7409c1,closed,231250.063762904,1002.7539162779666,232252.81767918196,1599520758
QmfAGCWq7adzCr14fgZpsLFtDGL349yuNsvHzpg2bNWbpq,0x30a0911731f6eC80c87C4b99f27c254639A3Abcd,closed,109072.11444996607,2835.6849026818604,111907.79935264795,1599520688
Qmew6unHuCZjZea7t3nhNbA1fUWw6eDgz3KKFsWqpebbt1,0x285b7EEa81a5B66B62e7276a24c1e0F83F7409c1,closed,160724.75040649797,590.3058252427998,161315.05623174077,1599520683
QmRePpAS33UU8dePLVSeiA9pGsM4Lsaqc8idQKbHk8CTgN,0x285b7EEa81a5B66B62e7276a24c1e0F83F7409c1,closed,2334.502262716761,52527.99918175588,54862.50144447264,1599520616
QmSKdd8wwBiu8TtH5asrToPvxhS1jUsHoEMH4f6AyYCFyf,0x285b7EEa81a5B66B62e7276a24c1e0F83F7409c1,closed,8551.119170664193,2516.7407233268596,11067.859893991052,1599520544
QmQkZ5GMasvWu7J3JjkkaGbXZ4AZ17Uae8pATRwNmTJwF5,0x285b7EEa81a5B66B62e7276a24c1e0F83F7409c1,closed,30356.43582628753,1837.288446381032,32193.72427266856,1599520487
QmNspea4fSffhq8WaxziKXq1g9GBLBH3Zg9TBK2ogc17fE,0x30a0911731f6eC80c87C4b99f27c254639A3Abcd,closed,42268.88598526681,0,42268.88598526681,1599520470
Qmbs9RTBm4WnhczHuH1VX2vRLvccDQaLNBmt23LvkomquX,0x285b7EEa81a5B66B62e7276a24c1e0F83F7409c1,closed,7050.613650445584,1791.4690637351137,8842.082714180699,1599520344
QmbdaWp3W3q96FUPFwDqUrCUX6khzFnHabmRZFUxJr5gqy,0x30a0911731f6eC80c87C4b99f27c254639A3Abcd,closed,6468.126881763438,735.1616266160946,7203.288508379533,1599520329
Qmbjd7KKaSpAJaJBh96WbGUo4UWEnE7WVo5PxzWS1xZ6MB,0x285b7EEa81a5B66B62e7276a24c1e0F83F7409c1,closed,261370.37496809516,9339.843503353157,270710.21847144834,1599520234
Qmc7dC3c2csW937MdVrGKPYCZCub7owgVvAazcZ6k8LfXw,0x30a0911731f6eC80c87C4b99f27c254639A3Abcd,closed,191242.98682684108,408.5923011954011,191651.57912803648,1599520185
QmYeGxz3RacXSYJ5hqxXz4BZcMeYnPkoxUV8RdXiWHSgS8,0x285b7EEa81a5B66B62e7276a24c1e0F83F7409c1,closed,130029.81212170636,19347.36769271732,149377.17981442367,1599520158
Qma9TdzxHrqDxRAPLiYqECDjzKtFBAauoSfiJmdRk7jbMn,0x30a0911731f6eC80c87C4b99f27c254639A3Abcd,closed,7614.573268344792,3462.668281998179,11077.241550342971,1599519952
QmcjPa8Bta9fnyvxCDwbG3TDrJNTUD4amVyTyEe7M56yDu,0x285b7EEa81a5B66B62e7276a24c1e0F83F7409c1,closed,1221.725993327468,14223.68615104196,15445.41214436943,1599519922
QmQKxcpmas7JJYkKk33gVb31atcnCFAQGbLGPuhaE8tZsC,0x285b7EEa81a5B66B62e7276a24c1e0F83F7409c1,closed,11188.74901332777,3352.7890847786493,14541.538098106417,1599519862
QmdcqhqxpenoGJNU2vjSB1JUf5S1ntq9b77tKmP1KfFeXS,0x30a0911731f6eC80c87C4b99f27c254639A3Abcd,closed,138.1523189155143,3163.629887058031,3301.7822059735454,1599519724
QmXxm3UWBbfHkkDw5yRZhkp8Ue5vq5qLpTGosiXc4E8zAt,0x285b7EEa81a5B66B62e7276a24c1e0F83F7409c1,closed,93841.09061255652,32531.399239195423,126372.48985175195,1599519694
QmQTPSP831jaCgeC31PbuayrfxXzvRifdDrqcTepZaworS,0x285b7EEa81a5B66B62e7276a24c1e0F83F7409c1,closed,38487.43221745769,60245.16221274466,98732.5944302023,1599519630
QmbAxnchwmxFdYpwQV1tT5fbPHe33D2E56cNwacwdWgXWi,0x30a0911731f6eC80c87C4b99f27c254639A3Abcd,closed,67079.33831711068,143.96287418987015,67223.30119130055,1599519617
QmNUqnKUcFTtB8mEni2v46fuJrrPzKQZbxcKjwNncNGBhh,0x285b7EEa81a5B66B62e7276a24c1e0F83F7409c1,closed,193.30572114348772,4848.2639727876995,5041.569693931187,1599519566
QmTFryF1x6ktB9xXgAztW6nyMgzYDe5JYF1hXpYZ7TmkVs,0x30a0911731f6eC80c87C4b99f27c254639A3Abcd,closed,0,818.325365348402,818.325365348402,1599519485
QmfESUC9T8Wts1aLxPf5eyjHfuKMPDEs8LDUuAsbPqDbGt,0x285b7EEa81a5B66B62e7276a24c1e0F83F7409c1,closed,0,3353.322023723275,3353.322023723275,1599519477
QmeqW5cybiJZXBmD59xG6fYmUJGQKrMqzrFKPBuU8RZwuw,0x285b7EEa81a5B66B62e7276a24c1e0F83F7409c1,closed,43175.39876910573,4389.367554685536,47564.766323791264,1599519412
QmRiomzmtMw4w6VDZ1Yy5Ybfu6JLAW73JWMfe6MJaJ2VmG,0x285b7EEa81a5B66B62e7276a24c1e0F83F7409c1,closed,178610.44756387104,2223.7801725637783,180834.2277364348,1599519318
QmZE68FcABH3HEGefRRoLaTgtodgUAVhqEmfEMHn2KMu9b,0x30a0911731f6eC80c87C4b99f27c254639A3Abcd,closed,609.9367558860224,29644.453531771436,30254.390287657458,1599519282
QmY8fn2RMRMQDFDp9hePf9xXDvs8n7yGNc6gCekF2C4JoW,0x285b7EEa81a5B66B62e7276a24c1e0F83F7409c1,closed,88.5457323176243,7119.062280733386,7207.608013051011,1599519176
QmTseu54MMW6WgFYxMiMxjtUs1PM78LPg8e9YZR9EwnZ5C,0x30a0911731f6eC80c87C4b99f27c254639A3Abcd,closed,698.6647647710271,61111.90543337367,61810.57019814469,1599519166
QmT89tDnpwxYZUc99n2Uoti45N8ptWX1591rEEFBd2kJDF,0x285b7EEa81a5B66B62e7276a24c1e0F83F7409c1,closed,13.837408863563548,3326.7985442132795,3340.635953076843,1599519113
QmdLEKs2DLwX1kxXk3nrABVbKbcyE3WzZoFGKYtTyMVMMN,0x30a0911731f6eC80c87C4b99f27c254639A3Abcd,closed,1287.6247606720808,2028.56102112862,3316.185781800701,1599519049
QmTnB7BNmnMBUkpdGuVLNMkRtQMDxwEfS7h1soYwkERszP,0x285b7EEa81a5B66B62e7276a24c1e0F83F7409c1,closed,268.1828907581076,55128.699025246366,55396.88191600447,1599519047
QmP1QUYQY4mw1z3jdf5PKjNHduXkhWQKEFVHm9PdjkYxDH,0x285b7EEa81a5B66B62e7276a24c1e0F83F7409c1,closed,110817.96802680557,896.6496568594578,111714.61768366501,1599518979
QmPmXUQx15grke1Kt9DeYzTzxMMdFsAj8u4S3Z8vjbsFEk,0x285b7EEa81a5B66B62e7276a24c1e0F83F7409c1,closed,137539.12935502967,53706.25456060773,191245.38391563742,1599518917
QmYxUVv4YBhJM2TepnyYgvEUjz93Rr6nqndPckMbfTKN2k,0x285b7EEa81a5B66B62e7276a24c1e0F83F7409c1,closed,24148.581017137814,13360.903939176304,37509.484956314125,1599518856
QmSUJjtWXzjb37R6pDYdDHfLiS4TXWSvVDGXoMa4rTiqSo,0x285b7EEa81a5B66B62e7276a24c1e0F83F7409c1,closed,147294.86587867778,7119.084963284757,154413.95084196253,1599518775
QmQHAQiuX3BqxkgSfhu6VpARFfGD35AutCUqkeFja8x8UU,0x285b7EEa81a5B66B62e7276a24c1e0F83F7409c1,closed,41.78826257312961,3059.5494645083036,3101.3377270814326,1599518678
QmRHwYvuDqkvKqjJ3ifbsvG8uerKiwuMLnuSGA1vb1ZJTb,0x285b7EEa81a5B66B62e7276a24c1e0F83F7409c1,closed,12201.648203668135,789.3554929982042,12991.003696666341,1599518618
QmV55E8dShhrkZ5X5sUqm5164bpzH31skgEJNj3LPRf4af,0x285b7EEa81a5B66B62e7276a24c1e0F83F7409c1,closed,1335.9628246604527,5780.839231094469,7116.802055754922,1599518522
QmUsgMT3KUX1EWKKcbYGAKy9UUEgsLQrgrhkjajAM3s94o,0x285b7EEa81a5B66B62e7276a24c1e0F83F7409c1,closed,72081.25302122971,3191.26195107672,75272.51497230644,1599518446
QmWeSTpUBAiubG5yxxyFmBtxhBHtes28DyobqhC3rUZjD8,0x285b7EEa81a5B66B62e7276a24c1e0F83F7409c1,closed,78353.61260252645,28145.329400178747,106498.94200270517,1599518387
QmUQNT6q41BJagKeyDt3EGjwybFCcRzF2aeRNsJKsxqJPT,0x285b7EEa81a5B66B62e7276a24c1e0F83F7409c1,closed,2536.271377308077,6224.78091355453,8761.052290862608,1599518332
QmbedPsYBwsE6LAMCKkAj2yDpWi8YBHexxS74Tbup4Dmao,0x285b7EEa81a5B66B62e7276a24c1e0F83F7409c1,closed,8600.496876220304,9597.947378648416,18198.444254868722,1599518267
QmY8XvVds8FwCGENffUiDBUmGq3j6V7dvCKWDWVe4TMV5N,0x285b7EEa81a5B66B62e7276a24c1e0F83F7409c1,closed,172481.22145781358,9413.39429416718,181894.61575198077,1599518136
QmbHuYvyvCiyKFFG4pL4VpNd1NDMJwv4RaXgs5MLTKa7MB,0x285b7EEa81a5B66B62e7276a24c1e0F83F7409c1,closed,2603.1037014766616,6148.1765546548195,8751.280256131484,1599518070
QmamWih1vRejYuEFQLsfpZ7jDxuW7Qv56rF9cvtEF8v7f7,0x285b7EEa81a5B66B62e7276a24c1e0F83F7409c1,closed,25116.568246010887,2089.7890705709747,27206.357316581863,1599517975
QmV7MP5SQGtrGAn3b66e2DStAVCMqr6KUHDndYUqehicBz,0x285b7EEa81a5B66B62e7276a24c1e0F83F7409c1,closed,44738.18834857391,54039.82449656947,98778.01284514337,1599517901
QmZDNWStER8rU4nux75bkjiDmt7hs1HGmYVcAXuuaJMZWv,0x285b7EEa81a5B66B62e7276a24c1e0F83F7409c1,closed,105603.47664999844,33319.150739211225,138922.62738920967,1599517792
QmSzSkfom2PZsQffGBJexnhfTaZsfRqpU2xZnBJV9SifeE,0x7f6ff595ff0E70Aa3475A683f042D853004Cb302,closed,645.3346650116455,0,645.3346650116455,1599497064
QmXC3d5Pmbpt3qQ4RQhJG8QTqrb5ki8bZRz78ZTEWhKHV3,0xf6423ebAEf6996Aee56ecb1D49be02613aF8555E,closed,5715.430597375308,1261.180879391714,6976.611476767023,1599491535
QmdXCYgQpm3ijrfR6jjg9eEMois5DAXpmnYKNzdgUqhiBf,0x1d5E65a087eBc3d03a294412E46CE5D6882969f4,closed,258841.8771701221,692.7663256413409,259534.64349576348,1599487660
QmSeNjdCwJNgVP3C3Bg1hSCUxMojJwewCVwsCV1sa1QPin,0x480b32A4e96f63d805F487a5c23E6db5a7d9e02A,closed,10571.871793986944,17034.16034622889,27606.032140215837,1599474637
Qmde52mttdgqzJRW6VsShXUbx8JtbgqgzcR6tsm8H3MZhi,0x57eD5c3B5ce571f612E9A81BCf59e476A8A88902,closed,0,0,0,1599470490
Qmc3KK1Lv9YxQYYtxdtzNUzaPGkJt3SHkjVBkE3Cw3egjh,0x56f2209FF61540D11eba5573B4F5B94D67Da5e70,closed,0,0,0,1599467364
QmUFKUQStsge4AcMJB4pX9JNGejEkyKgAFmc7gDobgmfP2,0xcD0EC0f0563752ca7f5122AA7f94f2e6E9746C7f,closed,0,0,0,1599402494
QmSg9yVu2L25XhyBa33wNr5vAdvyeYrKn5EBMfQ5rQBwyn,0x982d6752c35aAa22dfb67915016042b83Fa48897,closed,undefined,undefined,0,1599392910
QmRAFr3m1qz7Rzs7r7dSGKfPyFN2A1vchcSW7vjeEFWLWG,0x982d6752c35aAa22dfb67915016042b83Fa48897,closed,undefined,undefined,0,1599392726
Qmdt8gSfYtowtE3h5htqCyGAvHTqQzBQcDqBMsFZ4ujquX,0x71d333d8E8DA603B0647b0cA21a99D21F5345aAA,closed,12554.211507403092,0,12554.211507403093,1599389124
QmdRjsrrEBq6JTXN9dcEHG8sFzaZ7jWdNsaENrQHuDxStc,0xD57581D9e42E9032e6f60422fA619b4A4574Ba79,closed,206975.20056418443,3342.3381257614597,210317.5386899459,1599388810
QmXXQiooUimGRBnDuYDVkGyG4LGBJ9FkdSFrTyrZ2wUaSx,0xE80B5097862cAB9d83846875752d7201fF42C7E9,closed,10895.087102905212,395.9108254227429,11290.997928327954,1599321510
Qma4ZJB8cmqzqAVYR35h5dEFUHAXHCeazwx9q3nYNM6jvN,0x6D3E136698beFEe231cD2E4E94bE0105D62FA01F,closed,0,0,0,1599319716
QmNPXm2mSxL4UjC43KmDRh27c5BJ8Roo6Y6A1mbwAoUUVJ,0x1Fa09e8B45Cfff34b40bacDaAdD3E6FeE4F8E3a8,closed,undefined,undefined,0,1599315853
QmW1SEwSLvc6oU4zNPCWVwyKSjNe5wAjdo6igj3qjtviLN,0xc080E234DBA2545E93872cE6E96E683A4e29046b,closed,3318.3100400436274,1225.6195709444485,4543.929610988076,1599285717
QmYT9oG72so1XM8n3xg444AxaEnzSKXEQDh11U1RiYA5kU,0x4Eb2C56dC750B0eA0e3D7cA5F9B6230bf6dF2D10,closed,294.4866675934072,0,341.6681625281049,1599276543
QmXHmxpd4TRcJds9kpkzwNAtgbYhscgZohiTP6YtJX85jN,0x717d52e84eF30875De52834603c112675CeDB7CA,closed,58.08532471418655,1734.7423904470695,1792.827715161256,1599275984
QmekFdvYrLvWZoaWmcNToybfDKzhMqZKnqRmGVUmbs3eW6,0x2164d6b2EF215A4f46912BdD18F27a25041EBe29,closed,798.3880864901066,549.094036655724,1347.4821231458309,1599241352
QmP5t4xVLaZUST7E9r8KX4DZvmMz6cRnaxybAorx7eyw6A,0x552C35f51A52fa1bF1CA481A9a57D464474248D2,closed,77.47600193415786,0,77.47600193415786,1599217999
QmRc3xHBEvhzXn5Uyqp3GJw2Cn8iDv9p9zdVyGzmZkyXBw,0x01f2f39f782228772e40446ef85f42cF775daa9b,closed,71920.49452360983,12523.09978696136,84704.73842636561,1599206625
QmcxDxp9qRM8qxQBA1LHzBbhzZv7KXnqUR4zJJmNoG9ANe,0xa4ebD70668ABD528BEC1cE8B0de205c230BD1953,closed,588.8466270139063,0,1276.3830422710491,1599185054
QmZyM1QzahgZt1D4D9ys21PHhVjhW99pH68D4AFcSqoCt2,0x47b306c725FE30223663189701e1c336FEC2F520,closed,2384.8631931130653,0,2384.8631931130653,1599168033
QmbHX9TGWLsW1E2QeS6SrRruonbSYh3Dqc6aZqq9gFSW5o,0x18f768455E7f5fB09fC491fd86bcc282BcDD5973,closed,31.009391552630323,16046.100659845211,16121.087789341558,1599156441
QmXm9T791myT62Jj3iokarQYuUF2XKMBUXmqUKh5fKpK1L,0xF942Dba4159CB61F8AD88ca4A83f5204e8F4A6bd,closed,442938.5439370743,67768.47957181689,510707.0235088916,1599140693
QmdTijSFWvMoWFBbW1S5Gi8JXdCk7b7GSxJws15HfmbqT4,0x47b306c725FE30223663189701e1c336FEC2F520,closed,7.699978487873252,0,7.699978487873252,1599138652
QmRqu9AEdmvS5pVVi7Vc8YeNFrrDbFWagGtyvcXPprKFqo,0x781562dA1647Ff91b684fC678546FFd719a0616d,closed,undefined,undefined,0,1599126926
Qmec3wGCxb3id7GSAchnqRCJhnNzkiroZHcdUahT223DYU,0x92FCCf0a1684C153CbB238977e855410a923C778,closed,0,0,0,1599122314
QmQvs9zBkzggN5t99RSp1i4pygQ1Le7SENvNg8kWNqidJZ,0x73288778B2f2C0A7d1A13305916BFe24ee134cCe,closed,4012.800046130451,110.21860185775007,4123.0186479882,1599120995
QmbVujXwZiD6NABEnVVN8rEhzDbTXygkoue5bGgwU6PstZ,0xbFD385ff896BB43D439c0894d13075664D437fe4,closed,0,0,0,1599116198
QmXcfQEtAtqbPjpi5ifgun4HbLvVvMm5gh9RAEq39EACEd,0xF942Dba4159CB61F8AD88ca4A83f5204e8F4A6bd,closed,4063.362242498877,572.6082205493689,311879.62536732387,1599106383
QmVWUX6fRfyPxSYqSNWjNFBjHNdXop2dfrFvRXFq4Wvw4V,0x303763A602254E3f7712bD0864027B04700ef692,closed,8433.262605451248,2955.670812890571,11388.933418341818,1599103111
QmcTGbfMLXmUKRJCjJHEpbJSD2yqPYUgUoCTSbbKAEbr5m,0x2dDdb6a69f071313580073941a4491313303b1AB,closed,0,0,2546.400803835891,1599065494
QmNi9qRxp2Y7hKpDftcZX71i56ufcnEbtRhTDHRtrhUDHM,0xCAF6acB7B4825aDBF1F0CA20095D451eC65a7c51,closed,69.88900216972979,0,69.88900216972979,1599064543
QmURwf5RHeNxpbsXXYAarPG4uS6BeYDioHyiARqyX6qgER,0xd6e371526cdaeE04cd8AF225D42e37Bc14688D9E,closed,2179.965200754024,197.7450453147479,2377.710246068772,1599045757
QmNW3uvb3f6qUxDSvqCNRR1UWzqqhevFmTSVWoVBCJM18j,0xd6e371526cdaeE04cd8AF225D42e37Bc14688D9E,closed,0,41.285358219404074,41.285358219404074,1599044966
QmYKBGzqUwtfLuN3mHG7G19DSkPwwDqfdA5vnxnG1WUrcD,0x3f38546D1789A11343cB335C3E6f9f1bfC76fddc,closed,0,0,0,1599018736
QmdyL1KKcJxDNvAvj8hqJY3xgqHnq4bVQMzm9T2s6BiFS4,0xA9Ec7aB90eCDE9E33FC846de370a0f2532d513be,closed,1560.0459276239476,12949.04963684705,14509.095564470997,1598969188
QmZM6iauZaEM5mGzT9dVXwGFyxH43YACDsjXFwDpKfkVM4,0x09C186ce1e73EF203354AE2D1B6EA3b1D6f2098B,closed,undefined,undefined,0,1598941382
QmXiaUtP4Fq3X5EQxVthX5pqjS2Uu23uJt6mKShwbTEx7b,0x09C186ce1e73EF203354AE2D1B6EA3b1D6f2098B,closed,undefined,undefined,0,1598940744
QmXBvzHrambpkztJB1ftv27v5B9yRJdB35XBTZaBJLAoE5,0x79F2E52181cE6eDC712e6ACF536a918b6B6bfB66,closed,0,9027.1311338467,9027.1311338467,1598906649
QmddQ3RDFfq8VJk3o4bwfhUCU2LdfaLbd93AfVMcpiKuSw,0xf071fc2a79c61C7f34f98A67F59293FD338EbA8B,closed,0,0,0,1598904837
Qmb7W1zoseXA285jUeAXC9dWUjPeTgHoMk1XQWeiy24QZQ,0x8D4F54913BA39263395B0067F953355813223699,closed,25359.265327262037,11491.179191662326,36850.44451892436,1598898794
QmfSJc1PgrQdASz2aXDjEGHHCeXSnwbvAKiiKQG4t42qob,0xB72eD8401892466Ea8aF528C1af1d0524bc5e105,closed,25904.713933072995,42.39552668381008,26122.0574440667,1598890145
QmNuZaLt4riJGPKb8XCHwqXvbBmHfrNyWkfB2hUwbSfPYP,0xF942Dba4159CB61F8AD88ca4A83f5204e8F4A6bd,closed,2526.024036993124,147.89688658613613,494640.46947982605,1598888741
QmTNd5kqky9Bo8EYvSfAmWPVj3gZJEyfvNXWhDF2jmVfdJ,0x8BA4644045093DE17bF3AD90f9759bcDF1626760,closed,2278.423046499912,32694.10697848514,34972.530024985055,1598877397
QmaWmQFWXfRiWmAeM7aUny3mM7buJeAFinuq3n6Sx7e7U8,0xe426ad6DDF3905de9D798f49cb19d6E9A6a3335f,closed,0,10690.374988431991,10690.374988431993,1598876861
QmUvNBaW6xUyBRDqtUmR1Fsnnm9eioGHhHv6SZcYDhDJg3,0xF942Dba4159CB61F8AD88ca4A83f5204e8F4A6bd,closed,105100.30719061116,50607.72625644386,248264.6069629359,1598858169
QmfBqyhLgHXQcBme2KgzzuN5PiBMHQnixatvDDvzzekkpd,0xAdd11019d12a7055fb4cb5453226c250D7851BAd,closed,0,0,0,1598852130
Qmam85UYWYi7ZRuP8FsNvHSczoNB1XPurQ9FKpnLg8GZ6n,0xAdd11019d12a7055fb4cb5453226c250D7851BAd,closed,6594.267115852717,73.34267249082959,6667.609788343547,1598852022
QmNzRjiNUrUsteNFrc8BVXVQwB36cRE1H34pAgY1ivi8rh,0xF942Dba4159CB61F8AD88ca4A83f5204e8F4A6bd,closed,168944.10187143798,1191.780480782358,245120.9000139654,1598808033
Qmbh9K9F3xtHBXoScfk6m6hiFRsGBM4D8GZWbvdGJPaA6z,0xF942Dba4159CB61F8AD88ca4A83f5204e8F4A6bd,closed,4028.284042211382,5669.3305751669905,216276.7240009344,1598804999
bafkreigjjhjx2j2b526d3poeg23w2xan4rcgnzvcxinsssv7n37lu5p7s4,0x19B3Eb3Af5D93b77a5619b047De0EED7115A19e7,active,423640.56516918045,2502.052456189641,427339.85566537414,1657125715
QmeoNQXWU7Uam1SYYLwT7pjnTbtU3qy81PEAcgdeHYkvuq,0x19B3Eb3Af5D93b77a5619b047De0EED7115A19e7,closed,3164903.322213334,4490049.877252013,7655329.840184313,1656285741
QmWEfwveAg713g6GjPPEgzdh3cPPadB1zUGmhDuTtf82jg,0x19B3Eb3Af5D93b77a5619b047De0EED7115A19e7,closed,7974820.476404228,4299.518447647121,7979465.991923551,1656285589
QmTZTSq9LguJFcWnoZKqmANWiNBBrJCUEC3vVEQbseR4YN,0x19B3Eb3Af5D93b77a5619b047De0EED7115A19e7,closed,7977201.527804883,3212.841775985184,7980414.513825925,1656285501
QmTv4DARwft9sjaiBKpmqJj81YaBBGM5ejK995KrceJekH,0x19B3Eb3Af5D93b77a5619b047De0EED7115A19e7,closed,7931374.500824241,47874.833548913935,7980511.743699276,1656285422
QmNYBB9fxtygJhDE6kjtUfdvTkY34J37oSDCZqjuzocAAR,0x19B3Eb3Af5D93b77a5619b047De0EED7115A19e7,closed,107687.80111982713,1106057.1876255802,1229864.7894396137,1654526182
0x82fc4ccbda1070c19860e42bf3a2c3bf506468cd6952c5d31902b58e56d60c1d,0x9e6e344f94305d36eA59912b0911fE2c9149Ed3E,closed,4062369.1921392446,0,4062369.1921392446,1653306696
QmZjuu85i1dYhmfgoGi9gpRKs1u1e2w19tb2qCiFGXCXFp,0x19B3Eb3Af5D93b77a5619b047De0EED7115A19e7,closed,7075600.135072062,1567.3209576024196,7088921.671852226,1652756806
QmVfGe7ZqUS4HZhpxssPXPKJF8sCctcEsN1Sybo3p4F4zb,0x19B3Eb3Af5D93b77a5619b047De0EED7115A19e7,closed,9586540.758429635,858778.3216363458,10445319.080065982,1651653700
QmNqLbJf6x5HXSRy3FjcY5McpgGGnFho7GySmGZd8nXeKF,0x19B3Eb3Af5D93b77a5619b047De0EED7115A19e7,closed,350710.75694752514,5633073.967823343,6064262.230059365,1651014876
QmX6ZJtJN3KxjYiFHKDy1CK4vkUVTEeqq5Wy2PwArgj8bH,0x19B3Eb3Af5D93b77a5619b047De0EED7115A19e7,closed,6611792.833805346,39258.7964498837,7479318.365732023,1650349922
QmfW6KBcb7wSgKjGzcFSputWz2yjk1PTpgzvFDM7kMQcyu,0x19B3Eb3Af5D93b77a5619b047De0EED7115A19e7,closed,6683122.225758805,829022.7777022598,7512145.003461067,1650349765
QmXpwPVwDoiL8HcKjq5aQAYVEc2mtLSmnYDt5q7JKunjff,0x19B3Eb3Af5D93b77a5619b047De0EED7115A19e7,closed,3879363.6985128294,516445.5693835789,4395810.544854847,1650347910
QmfBBhhpDYYNbK3BQzmsn1eLoP5ihJxZch1keQ8kMu5aeZ,0x19B3Eb3Af5D93b77a5619b047De0EED7115A19e7,closed,6287902.732331629,2540.3349513472463,6290883.838115279,1648741442
QmcDgHnhXNWMQQU6zp6eYM3nhywN317JtQLtNWtwBVXHsx,0x19B3Eb3Af5D93b77a5619b047De0EED7115A19e7,closed,6392277.196595402,514455.7399157589,6906732.936511161,1648441207
QmbZ6cYVvfoKvkDX14jRcN86z6bfV135npUfhxmENjHnQ1,0x19B3Eb3Af5D93b77a5619b047De0EED7115A19e7,closed,6567131.315941584,33.919276868989265,6567165.235218453,1646375135
0x40bc0da24aaa4490c3f1487efe5d40898e96aaae4d0f15f5a387c2759990483e,0x4bb4c1B0745ef7B4642fEECcd0740deC417ca0a0,closed,6557509.338920129,0,6557509.338920129,1643854915
0xb24d3a29eb928bb2c555a216ff07f8abb402ab828e1c4dd19c190e2d835f7769,0x5ce7757eE32E521895514873c3e1934FAaB95813,closed,308.612393033818,6501.730880901783,5144580.85425878,1642471287
0x10ee7606bec41f086ea5671eb2912b8fbd4a29ed318167060f17b420020f5fa7,0x5ce7757eE32E521895514873c3e1934FAaB95813,closed,20697.07997215872,210182.03441561133,5152876.110970266,1642470413
0x9d89e5a120034460ab75236f792bd83e94b1161d43243db1bc2195540b6e4d54,0x5ce7757eE32E521895514873c3e1934FAaB95813,closed,5549245.625170078,19117.70856924012,5574995.055512122,1642469997
0xed9b41b36631a1694db83deebb126d2cb8151aa09ad93d4bd5dd9a0d46892f47,0x309AA9bd63eB5bd1653435D78F2d9ccc4ba0a8Dd,closed,191799.5652597964,7151036.507380312,8042310.658690038,1640154912
0x2284566a721e02e3b5d96314243acac736fb6b28027fcffc5d63527b095e703e,0x1C0Aa8cCD568d90d61659F060D1bFb1e6f855A20,closed,2570556.3622386204,28004.40782054585,2600903.13035205,1640043868
0xb0a18a4179f8594dff36c5360c9a8f4e83fd36f86efe4a010d7ffa251f0367d1,0x1C0Aa8cCD568d90d61659F060D1bFb1e6f855A20,closed,5092131.842926746,8704.103907419401,5100835.946834166,1638304440
0x3e8c549e82d973bfa76f8ae705b453af8f19a465c8418de8ad042509eb44142f,0xBd31D988151DE348C928254D5622148Fdf7AF73C,closed,106049.23305496263,1367.2388917909673,108070.50453733256,1637147810
0x8315ab4c4ef39731bbae23c398efc7888732f08bb42e9c33ca7db5bca91764b1,0x1C0Aa8cCD568d90d61659F060D1bFb1e6f855A20,closed,6728695.233648746,2567.1267762288144,6746547.566232128,1636559402
QmcwEVRfidkg5U8n3Z9CWgZfb63Fdy9Gy3BPX9z6xZL7nr,0x1C0Aa8cCD568d90d61659F060D1bFb1e6f855A20,closed,3361810.2412042143,197706.93725672548,3559517.178460951,1634683431
QmNT8bY7aJRFUMtfbFp9m7JHcUgEVCNZzWE67Crr9oAVrA,0x285b7EEa81a5B66B62e7276a24c1e0F83F7409c1,closed,12358627.302780304,4328467.722805527,16687095.02558583,1628800241
QmfEqngSUDtZHgQf5U9wEpkskwK38zWKbyEeWp3pfz2hPE,0x285b7EEa81a5B66B62e7276a24c1e0F83F7409c1,closed,14266737.701309118,59281.02303513961,14326018.724344257,1628800088
QmefFaAG2DoFKPdNegZpZHU6yTbXrWYxiwuKPkNQjFtGAC,0x285b7EEa81a5B66B62e7276a24c1e0F83F7409c1,closed,10300382.160948947,4586897.481081551,14887279.642030533,1628799874
QmaC15SjeAuAMbUnFp8GP5mk836K68nhsTXWFyWfjh1Rta,0x285b7EEa81a5B66B62e7276a24c1e0F83F7409c1,closed,14214335.217999551,1771.9266284094183,14221223.784852626,1628799537
QmXTSo2CoFqp8VNqb9Jy8zqgiiKZ9AAPnGwqA3sPaVkBzC,0x285b7EEa81a5B66B62e7276a24c1e0F83F7409c1,closed,14320715.589776186,1194.3433521932484,14321909.93312838,1628799290
QmWqj4HqaY5eFQAKJjTc1BJDXy4HQuTJcGf62qvyRpjFfq,0x285b7EEa81a5B66B62e7276a24c1e0F83F7409c1,closed,26933.610851656456,39936.61874941731,66870.22960107388,1620336122
QmU7jQsPbzCsBvapwZMGaHTjHb7CUqKz91KSz8iqYez4wv,0x285b7EEa81a5B66B62e7276a24c1e0F83F7409c1,closed,79912.78484270362,2.280105476948418,79915.06494818057,1620335840
QmPuCGmPXv1UFqQPk9UF6WhRssHv5qMGKj5HU3wDqbugua,0x285b7EEa81a5B66B62e7276a24c1e0F83F7409c1,closed,64605.83421433819,6818.97720144753,71532.6765636522,1620334390
QmSB39Li1wiNBQuCN2fJkndkoeBomVbp4qY84m56BpDX6Y,0x61Bf9c100F997f8218a01244C00Cd303AF95877f,closed,130717.59941454564,7328.88318303787,155550.30372921578,1619731497
QmYMmj3WsXUSg2fs3TMCkYoPHPMpJziyddLf144JjTXD1E,0xEBD819806B7c1B9631AD4Bb858960604B2B0D011,closed,4647.826275817895,0.02354869752918736,5265.024495894046,1618386400
QmT4yzmAFN3U5ZHHeZJcti18oa8b8hR3jJ41dn81DZ98D8,0x4472f355eB0e48675519a6D7eACe3596a8431694,closed,1688.730224613368,4655.959463930432,6344.689688543801,1618299436
QmfQb4nkcimGkTeQ5cLrdpymuYUW1SuAKec8VzMvQT6AS2,0xAbc6848bFEB8CfDA888eD0C5A3962e9FA7b556A6,closed,5712.681451485252,136.66934339108354,5849.350794876335,1617886176
QmbVauQU7ZvnscS23DMgzb91W2xvcHhAQ4y7Mmy3dG8nF1,0x9fC6CD1A8eBC2D40C43906B1e698a0460260eFEa,closed,53833.66747722707,15982.562601720803,69816.23007894786,1617428983
QmSDwPmm9VTi9dHmg63tMWx1j7MButsRWEenCYQcT8ADL6,0x285b7EEa81a5B66B62e7276a24c1e0F83F7409c1,closed,22916128.873697303,296491.56895710854,23229710.916318275,1617088141
QmUrmCsmi2dSZ8ytyDSSHnyUQAqYF33YDPeUbUaYuQReg8,0x285b7EEa81a5B66B62e7276a24c1e0F83F7409c1,closed,473861.48709514295,7306292.223401576,7796055.892919112,1617087132
QmdXP1DogPQm6J5PeEwofVJCL4a1vHd16CvC6CCT9nLDS4,0x285b7EEa81a5B66B62e7276a24c1e0F83F7409c1,closed,7769634.137217326,17154.331083545767,7794769.388677391,1617086100
QmaDuNa98xK1a2dG7hVZccQnRtK5v6jgN6WZbREY9pfQhA,0x9fC6CD1A8eBC2D40C43906B1e698a0460260eFEa,closed,31666.531163153715,161.15429077718204,31827.685453930844,1616940882
QmUaez8y5xRhTv2MeGKvhb7k939qkWmxgZ2R5fmgmVMEpf,0x45f45a83B71b0d1AC1B993797d88cc3C08985D66,closed,195.54717801205877,0,196.73393887373518,1616321580
QmVWm97oWPeJ4gyn8B5c9HN82j6f4C3nRcPh1h72cCCAjf,0x9ebe424B7bf85Ac8ba42b3f4C9c46DF6809A322A,closed,15331.85074700041,2555.118310152736,17886.969057153143,1616290710
QmVGtM2NoZ51Zdo4zWeBEPgVJNdU6Fn5pYR11NReK9zzo7,0x83B48a8698Ed024f35D0bf16c719acCF3202F953,closed,47832.74175916925,16821.973092929296,64728.96746717627,1616083913
QmXr8XYU9hTB7znvfcAhMvZiceYQcRPEjXZFXx8HbUAXpw,0x83B48a8698Ed024f35D0bf16c719acCF3202F953,closed,32515.41877459921,551.3716770030984,35892.71878214353,1616083793
QmP3S2wkv8rA3XSm9KD35Yjdt8yWvjQTsAUk4X8s73usgL,0x9437e277C8Ee0815943DaBf393179E0dBd9B0739,closed,4631.192624370151,153.37722823094222,4784.569852601093,1615990811
QmRf7QiUTuAcAKH7Vav4ZhUbPQNwBw6Yra2XhUXPmQwU8N,0xBa745f8B0e83ab6113f6E1d72957a2EF2B140f3C,closed,2197.051915370336,3230.094265568887,5501.121103882344,1615949731
QmWEXJ7r32FgEy9J12sFyv6YFhMCn1zzwmVpzK7mzuhwtJ,0xa9B90D41890A8E05Ba826880B188b501F3ae7Aea,closed,31257.37387822157,888.589607988356,32145.963486209926,1615380589
QmcJiUjM4fZT4txw4F2tjteqcrAdEw1bRfQKVRH45ZBuLy,0x86C5649E1a5ad603A09260933a456c5B35c4E68D,closed,54189.97083842536,341.9826170633042,155650.18407601732,1615378769
QmYBCGv3dW6svrgHyCZTtsFy3fpG8LqET2PCzDDVLjWYq4,0x3AE4Eb569e045fd918e5a6CAB0a8bcBFF6B1cAda,closed,16229945.92869308,746809.2987608312,16976757.519026745,1615376877
QmcYeM9DNbehjm8JVQXoPKSx4M9knmaVAAPacJ5txy1RFf,0xa9B90D41890A8E05Ba826880B188b501F3ae7Aea,closed,31649.434242692023,4163.829205355336,35813.263448047364,1615370428
QmXjgif8mZNqkcJcM3gXAiNiTGZEVr5TJTZLKyZDm9kC9q,0x128201B26deF69e2672a5d9cB0cbAa7557523661,closed,125390.20103239392,92047.4590091422,217437.66004153577,1615330203
QmctDcHexBteqShgNjkWPj9EkKJYhPrH8ABnqeaPkHPe2y,0x8d43370012a87871675C8962a711B6987c2Ea2D5,closed,43448.434034589234,8773.89862961144,52222.33266420066,1615106872
QmWkbufyEs87jDSDP95pQTmgBej7Vm1G7UyE95i8Y2cVgh,0x8D2DD1Bcc45A67F99E79cf0D4C81A7c0E6399803,closed,61114.39921847099,249.23463572159463,61363.63385419259,1615013759
QmW5iv3ADDzhbdoi7pxFaNg6cqFBKxLe8DVcG7vVDhnsQD,0x6F6417FF89386a5B59E112b051Bfa7c48d1eaA97,closed,4839.905897737741,0,4839.905897737741,1613805400
QmTrcCybeUbhhYX65iNLMDwf1Mefgoikza38SdsPMV4Bv2,0xF9E89c3b514fC0c9048A2ba2475739A52e697e0F,closed,3.491745471567371,14328.51789205283,14332.009637524397,1613336455
QmbR6KM71PTNSt2zmgPSB23sCZrLy5sKRe8SzWCTxXhnAP,0x9ee1B8Fd52321De805772EFea2F6AeFeEeDc735d,closed,608.8167358539717,0,608.8167358539717,1613284021
QmXSBJuJ23d7J11aorkGYG2x4aY4dQb4kMD4Lwbs25EN8S,0xB2A5c803247e275a2B9a4BD0d2f28e8183C607dD,closed,577.4019024458343,0,577.4019024458343,1612074247
QmPwBGy98NARoEcUfuWPgzMdJdiaZub1gVic67DcSs6NZQ,0x285b7EEa81a5B66B62e7276a24c1e0F83F7409c1,closed,3017142.925793838,4432.786985273746,12378570.582220586,1611784226
QmW22zbD56EQkCSb8QvL5iZcUX5bXVdGXBzZ9xGnJmsdVk,0x91212de083d29342F670FB69Ffa68176369e3B20,closed,1218.2769430966043,0,1218.2769430966043,1611743660
QmbiBCS8vv1ssiWMEcHraXVvXJVrfJe258GXCuEj96mXAr,0x07843F1Da93d580AA75a2B6FbC119Fa56849557b,closed,34025.89874479003,118.68310294368968,34144.58184773372,1611704405
QmW7VxtDGkyJ4pC2DAYhAUbWNXMJmfo47kAJzgVJ6vBTsc,0x71e5BA181bde54aAc2244CD209517b245e210042,closed,0,0,0,1611210347
QmYBojkztQbtPiCdYEfAMY4cQd8kyuGHGuaH3kPL6vmXZ9,0x8C254640D1b9d27bF58bF6f6878D1c2647b4E5E7,closed,1928.3494268764136,0,1928.3494268764136,1610266835
QmaJaCuBq26sLR9VWHZjhQUq83g6uNH862KBwiWgRnNPn2,0x8C254640D1b9d27bF58bF6f6878D1c2647b4E5E7,closed,0,0,0,1610246807
QmQbZmBGhBG8jXRkwG9S1BcsCG6r7nT9qhpneCMPSQd7Nb,0x8C254640D1b9d27bF58bF6f6878D1c2647b4E5E7,closed,0,0,0,1610246443
QmfYNxnWf62q988H7c8UzDnsp8XaNwBjjf1JXVSyyngkcf,0x285b7EEa81a5B66B62e7276a24c1e0F83F7409c1,closed,5049008.320109607,13322.10996347424,5062330.4300730815,1609987897
Qmbc6ozDHFQyKtAEfZwH4BKA36RJYvbjdGWVzThUPrf2AA,0x996c5c9EdDcc5244d9216631fDF3E8EC482E765f,closed,67254.66571854158,0,67254.66571854158,1608145188
QmUe9Q3BUHvJgmjENevKAU5hCfsYMU9wozHVnT9aqnuMMx,0x996c5c9EdDcc5244d9216631fDF3E8EC482E765f,closed,0,0,0,1608145039
QmcvdHzLsQ49dMEXi5VMykHYpgE3oVzCMNqGSbehATLmYg,0x285b7EEa81a5B66B62e7276a24c1e0F83F7409c1,closed,15193250.14486971,0,15193250.14486971,1607748418
QmU8oxTvWkXrzgejRkjGot74FmVHR42Pq2VRtnLAYEnJyd,0x285b7EEa81a5B66B62e7276a24c1e0F83F7409c1,closed,6870252.770938196,5613.754757468211,6875866.525695665,1606801296
Qmczqhvmmepe9wwuvw7Uuhk7GKb29Gu5cW73VrLxjG7T1K,0x285b7EEa81a5B66B62e7276a24c1e0F83F7409c1,closed,12908305.447608557,13124418.35109304,26032723.798701975,1606801018
QmUDaXEniNB8NBHnqQM5dmXXsGW8QLgS4jxguhQb2k2CAj,0x285b7EEa81a5B66B62e7276a24c1e0F83F7409c1,closed,51742.53049715554,130158.81574927075,3035713.442488563,1606288687
QmZWRSCQNegKbRMsMSQZmSAaerTNXFoD2A3YvqpbmSyCHm,0xfc2A0dB072b5D91E22a08beBF8909b280A01785F,closed,0,0,0,1606275420
QmYE9CMHXW815Ez2U8G9PCxecm6ryqJWFAQSJUjq6Nu5ip,0xfc2A0dB072b5D91E22a08beBF8909b280A01785F,closed,0,0,0,1606275285
Qma72FtSbiRJj4v4VLNfXXM3xV6N12J1dVfg9x7dFvZVMo,0x58E603d9824976F7a3940C6B408F0Ffa523a216C,closed,0,0,0,1606260319
QmcAYok9eTiRB1ApuiiTD49q7z7JgFwEtGQyVGFhRPFdQW,0x285b7EEa81a5B66B62e7276a24c1e0F83F7409c1,closed,10257503.1216992,0,10257503.121699201,1605733181
Qmajj2U9nM9fCJ6Yo5t3m2E2SdecREF9URW4noUs2Z7wwS,0x285b7EEa81a5B66B62e7276a24c1e0F83F7409c1,closed,49895.43283775082,5718164.364947884,11316428.216040451,1605732035
QmNVpSsNyR5MbMXFg3wNW3cxK8KUSSUYroUxxBF5HKtQsj,0x5bd7Daa872D4e4EBe77420E368C0d683317840bA,closed,0,0,0,1605024296
QmXvC4djfTYjbb9TgYJ3HeoCBoJZuPyhrPMHuqWoVhUydC,0xa4214cab2b92900F82a32Ee881D15a8809F764ee,closed,3923.6757174779914,0,3923.6757174779914,1604002059
QmeV6iDgAmZs3H5Nkh2errBjF2Mtkw9mqSqPFqHaE8fMXb,0x4086E3e1e99a563989a9390faCff553A4f29b6eE,closed,11842577.024592351,1211520.96039744,13054097.98498979,1603452877
QmXPpdqKLv3L3ti5WJVpwQy1tzYz431CNkbcs8uvxuWEoH,0x73Ba2Da99734F0507a01D03B10A168551415cBb7,closed,0,0,0,1603176794
QmWcCAZgdy9hekPiCsGcN5ytbnqrudka9feYtona27N9gw,0x7FaA32b18C874b2eB4B42bC0d0924eFBBed49423,closed,0,0,0,1603013193
QmUFuj1RPpNX4AvVsqzcNXKGCQ1ug5nKixW1ncq4yGV45H,0x285b7EEa81a5B66B62e7276a24c1e0F83F7409c1,closed,7408414.937132987,68388.45975562578,7476803.396888613,1602740456
QmXDb66rDMFxjJXPY72b9iyjSrDtqdMgGL6DDnFTksUnGC,0x4E615efF185e767aCF06780B674A4852ac8d1C72,closed,0,3528.388438477117,3528.388438477117,1602595976
QmWbtqg5am84Z1i13tLx1NsnEth8ikouuUiWoKrw21faqk,0x7A9dbEAd85731D7ec80D28e63aE6bACCA99F948E,closed,0,0,0,1601986903
QmPhM4SXbfihdGaLXJ2TCDNkd4wToptEtPw9Gz64sKeQ8s,0x5d2e1fE7c61a8C69b29e834be08fa3Ded886DCF1,closed,0,0,0,1601920391
QmQ8kiLzGTWH1dbPLqKccRVPeRVy1JiW3HiZXSg6n8brCe,0x587448b57044DF31C66a7051F96E1A34480F4bB4,closed,0,10951.121823384472,10951.121823384472,1601914625
QmQ567b5Bwg6oUb7xqr1bpQ5JDUTHAYAozkUUdrsCfVs1V,0x285b7EEa81a5B66B62e7276a24c1e0F83F7409c1,closed,11612644.290280404,0,11612644.290280405,1601887474
QmXwDpjsnoMKujSANruJiV6W8G7LBQVq6VQK3K39J4azk1,0x285b7EEa81a5B66B62e7276a24c1e0F83F7409c1,closed,7087416.913844838,9967.125693169022,7097384.039538006,1601440747
QmTXmwr3bYKeyLXApZnrtq1uppJBGMRgbacMTtbk9DULL7,0xEdba3A794B15880659b4459E02350C1c73cE2375,closed,0,0,0,1601003695
QmZTwyGgJb7k6RofLJW2hMy2yMaE2p2zyE6hGbdaWHmUUY,0x30a0911731f6eC80c87C4b99f27c254639A3Abcd,closed,20840462.28526317,0,20840462.285263166,1600953081
QmXg8Vq6sNpNWYRvM3GyCQbyDVRk8kRNF3PytGoexrDGgL,0x30a0911731f6eC80c87C4b99f27c254639A3Abcd,closed,6020409.7265776945,1089380.8835062825,10642617.432371492,1600952315
QmRxm2o1QAZb6Xv5qfDPXaRte8v8dFsSZHNs7rc6Tb67Zv,0xCBB6682f949dd8F8ec2C48DE75f952149F0cE490,closed,0,0,0,1600914350
QmVNYANPeQaoxqmh46S2fpR2j8iKa1qW4RxWqT6PuRRafh,0x285b7EEa81a5B66B62e7276a24c1e0F83F7409c1,closed,5582063.389116249,21325.13660601929,5603388.525722268,1600800208
QmWQjtyfmJZ6CQEu2ULsAyTrLoBnHZr9Nw5y9wCcRRZUD3,0x30a0911731f6eC80c87C4b99f27c254639A3Abcd,closed,6473962.52514867,1078.5607668900016,6475041.085915559,1600799760
Qme8MYH2nWR3qcecxnVU5F824VJ2LjeKKr5mNaVdQ7ZfcF,0x285b7EEa81a5B66B62e7276a24c1e0F83F7409c1,closed,435.0928500931365,568253.9623847066,664111.0826862779,1600416845
QmS8n7JVy9p96e1Kooe4LMzR49yCuqySxM1vTuZZjRktYF,0x285b7EEa81a5B66B62e7276a24c1e0F83F7409c1,closed,402.31828886219944,0,1236.051887540263,1600414067
QmZ7s6137TcW7rBXePy29sKzX7hX4CtBnnQj1tGUDdFGMV,0xd76c6901c3e6E7f4C2C504aA27830B665EC2de75,closed,0,0,0,1600353276
QmbJQ9x525xBqFqGShcJUWZqFcDUso1uVs1MxhnV8UySW2,0x81893b7A5661D4BBADB29c5900d26af6BFE81Aeb,closed,undefined,undefined,0,1600323868
QmPZ9oZ9odtHBDKhuMJSrM6sWCimEh9LMGinehqJC8VEwL,0x81893b7A5661D4BBADB29c5900d26af6BFE81Aeb,closed,undefined,undefined,0,1600322410
QmScN4xYPDDZNmkcpz2bZYqg1TUrxBikKs2wii3iNvNasd,0x33c3af383d912B5DE662a3964e6008F1CB5DdAF7,closed,0,7.274948236168812,1536.645056206999,1600218884
QmSzYHrXfD8NrMZ2ch12dgT7mDYEdskiu2YqZ5bNeH3pvf,0xB5CE69909FB22BC37702f1504c1eF8e23084Da49,closed,812.9830761700636,24.91672683108632,837.8998030011498,1600210326
QmPELBjaXJMuoPvi6xkzjCv6Gc6qxNrhFQYrFSEFcBzdid,0x82e5290C810539e120193DFA8B1C1207BAd89FAB,closed,351.95027494989057,0,588.8996210160724,1600167428
Qmdpr5nfFdHVsMQskUaEX8TqT54PrAUvFFvuwft7zc9pHU,0x333eE98d84b087208353038e10E1b4600A0A3967,active,undefined,undefined,0,1600139157
QmXsUc969nZBevTQhMPgF5WD6mJKjn836yk4R9EgRYxVgF,0x27726763E0dd39F3582650fdB5287B81D04bDD92,closed,0,25.00000000001336,1360.3804612836552,1600137081
QmY1XoFHjHTroNRwRowGsxwhjaKTj97Zrw2m7VcTpurUvh,0xf6423ebAEf6996Aee56ecb1D49be02613aF8555E,closed,669.6731495426818,0,669.6731495426818,1600023757
Qmc3BQR939HTQdungssb5HJj8tczqzX5rdnNkKLmnhqyFX,0xf6423ebAEf6996Aee56ecb1D49be02613aF8555E,closed,0,0,0,1600021820
QmWbNxa23q6pTinJBTYTApVEyTUqx3N5udN38HvczWkD3p,0xE5B2124767F10D21F643Db08E4eBf0f17250d582,closed,0,0,96.57008352303151,1600020250
QmPquCKbEBK41zMh8Kxbo42tdRfo6xjxUy7VPFBw38STY1,0x10747f32528d086c781630DFe377F1A3f524d6f4,closed,0,0,0,1600010934
QmeEUyk6kC8WRtqhZ8WWbnTHLU4UPmNvLeZqCSkZSxTnr5,0x10747f32528d086c781630DFe377F1A3f524d6f4,closed,25.88650516030859,0,25.886505160308594,1600010578
QmcJemBfHfrmCrrvAdcVk8U4zqM3XGj2DZ68gDdPr7cjzo,0x10747f32528d086c781630DFe377F1A3f524d6f4,closed,undefined,undefined,0,1600010351
QmREmG7pozfySg8YEctH35dKGaHPUKsVuSZmW5UAakAh76,0x10747f32528d086c781630DFe377F1A3f524d6f4,closed,0,0,0,1600010275
QmQmrAAhjbiYUTUqFvjcxhZ79Eo3nZj5JsrsRLrbJY5sjz,0x1846837591FCDEfF4ec8e01Ef8bB76645672b153,closed,68.69242766177852,0,68.69242766177852,1599997700
QmZ58Lp1JDvMXB6qXopsgwvz5VTgZ6ihCpzwjHYymBDH2q,0x069e85D4F1010DD961897dC8C095FBB5FF297434,closed,189.7858329963204,124.91033191074042,314.69616490706085,1599962293
QmSd8QEpwjoJ9pHRPLRhqNTA8FQRz4Vs4d8g9xNvAbrwy2,0xa4A381864C03bDBd624ACb190c3fd4FB00e4923d,closed,192.97742825528076,1581.6369922494189,1774.6144205046992,1599936152
QmV7hhMQKLYfhYeakGAXb3nXM8LsqYq1LSTAH2iZ32YRkr,0xbC7b2461bfaA2fB47bD8f632d0c797C3BFD93B93,closed,undefined,undefined,0,1599932910
QmfFqZbf9bxLHCFnKSfqeVUHvUHYsUtUt7NVazfui9XkBP,0x1ff7d6ED0A68f665981Da611CEd8eAd1fAe89234,closed,0,0,394.15719090173667,1599928956
QmcbcJPfdKUN6MMq6nUq5nReFgp1f8iXTVAZcHcekPY84v,0x038eE56230ECC8fa7B2D2867FFEB424470b1E214,closed,2172.714135335241,0,2871.5084511904865,1599927271
QmWKLbF4JBgRvSYYEZH5EPzjcF4jSA8TxHJJQE38VyLJcG,0x5ad3EdaBa22E3E08FD978deDC579795D260d52C8,closed,5293.2759397847485,500.61957094444847,5793.895510729197,1599925758
QmQkr5x4UD5PX1DMuKRrMQJK9vbBosqsgZnoNALoV8rLXY,0xB9f191316c5aDd0355a237aA6E76CB1083192034,closed,860.6711602267911,500.61957094444847,1361.2907311712395,1599922179
QmY66XwcgCSNGju7FK1E4wbVHyLy1KukBZw1Egq5nqHxdL,0xE80B5097862cAB9d83846875752d7201fF42C7E9,closed,31660.00054029526,32622.932449739303,1219946.3605245391,1599920309
QmUEzga9yP2DSAYo4rYWZ8fz9tG7HKEC1p3C5dyaEYgLJn,0x2e37561E5cd35E649F4aCad3cAA6be8B16c87C13,closed,53.83074856359401,946.306159109158,1077.792976593837,1599915486
QmdUUJeVr8bDExRzXmws51Bu2HGnj11VYT7YntGVxZRqy6,0x2e37561E5cd35E649F4aCad3cAA6be8B16c87C13,closed,53.83074856359401,3287.8682776373994,10480.206223925701,1599914971
QmV97u2MKSUH1Xh6Ly9cZCtGVRkHUtJDahnc164z9o9R9g,0x2e37561E5cd35E649F4aCad3cAA6be8B16c87C13,closed,0,12.10381841431048,1172.466019568448,1599914670
QmccP53kWWGgAxGDnSEmR4CJ4zvPyvaHayTrcmcv7KZy3n,0x4A63552f00C841186E5174179A8c7D44Fe85aBAA,closed,0,0,0,1599914434
Qmdw4N86MGnpP4giA66PKtHKodG12w1WS42vVGyEDJ9NUh,0x4A63552f00C841186E5174179A8c7D44Fe85aBAA,closed,58.597063928383655,0,4237.982552657109,1599913948
QmNqnYpCgmpoaJPDTBsDzKsRc4Y2dqLGkHi7heMCsWRXov,0xEDdAF8E0340D04349b7001c64b6236911F74eDa4,closed,20.206844305845,1068.118032780022,1196.6458987610927,1599913889
QmZnsfv1m4kgSwM9YixfHo8HZoF4TznAYZ6dgFfdZ5m6rA,0xbB4B818130666AAA6f941c36f6726cD03ED126A1,closed,1253.9467944148023,845.3071946236436,2099.253989038446,1599912086
QmRtN1736QLy7Kr74iMXn2YgaPy8NkxmxSJq8c612HdJ1N,0x30a0911731f6eC80c87C4b99f27c254639A3Abcd,closed,12472.878611625049,11297.6188198676,437255.6475980601,1599906554
QmNbA89xVnyQ1fgLUuh8cQA5sdL1SBXNaNNDsdQvg1WE4c,0xD4a622A7bF6F0196391878315b518E5518D4A8e8,closed,0,0,59.28531334900816,1599902365
QmcKvaZmR9JUeEtFVpkNamG2nP3iQGi4wH2dy8qb6Gfk9L,0x875f6DC5c6e671a99b6B75FfC8be749fE024A8A9,closed,55.698966166366155,3155.333868232158,22781.1463663224,1599899521
QmSir5B1fjFBRF46QcAncq1r1H8HEcQy23TvkZmZSSJkwU,0x9cDEA12621A2ac04B80Cd60afBF7eFf364AFA305,closed,3627.114065574467,514.3572661111326,4141.4713316856,1599894472
QmP56ctCyt9YPWAZM1vdPUPGMrcMNJhnMHogkYrRws9Aqh,0x32090756e61322BE936c7F903B40ceA24641Ed04,closed,0,0,552.6136740477253,1599892649
QmUbqqaMrVx2c7a66mH6LgCWNHwNqjKBEQHJDM1wWwS6jv,0x4dBeA90381CEb21925eb0a9ca39d7300afb7e5e1,closed,33959.25026651984,25.37041196457197,33984.62067848441,1599889553
Qmb1vJpzYbhij26epxv1GYVht3BD6mzFtm6Fb4wQcBHJ3d,0x9AE8912ea6562957043c8d048641Aa9B450c397f,closed,590.8285213183407,12.557778699884423,603.3863000182251,1599888365
Qmetft3A3WBF4KdeM8TZ44y1ur44FFYUHSLVKcQsQhgJPb,0x5ad3EdaBa22E3E08FD978deDC579795D260d52C8,closed,650.7398905425783,0,650.7398905425783,1599887496
QmPJxGocxQL457UvTpj9mr9gTAmeKz2nn3Nf7DYLK3sMQe,0xa4A381864C03bDBd624ACb190c3fd4FB00e4923d,closed,483.9420880961916,1.4519538710666011,617.0882520912132,1599885910
QmWSQZZkaUXo6HkMiihXjRpy9VWjbnHkdLe6A3qse2AoXC,0xA651aE82E5924EA6f16aC837cdC062028a8b37e2,closed,337.9160509916438,47.18149493469768,385.09754592634147,1599877903
QmVZnSgrYAXe9YaLCjJZsfDrv2nuomxx1XFkuCpWjcb2iR,0xe640F69288680517CAaEbC7e1986b78a9B5f9422,closed,5.0536654551061595,84.51271518925736,89.56638064436352,1599856044
QmYVsG7VjgxDiQRLQRx4KgsYUst62a5ytGuw5zFrsqQAMs,0x3c00A3cfbb7c0671519832e0E198256b3586D989,closed,1108.5840940253124,214.23978435111613,1322.8238783764286,1599852497
QmTmTpeavCXTB6yVcK6oeET14m7LGAhmmPsFnNzCBxsZAR,0xEDdAF8E0340D04349b7001c64b6236911F74eDa4,closed,216.77854473732273,6782.492781261407,6999.2713259987295,1599847052
QmVpvAaF4QQQvPZQJB8V3Lac19pQbgtYuNgRRehouEZrDC,0xbC90B3Ce40fc3Ed921D910f3e046C65954fFF7cB,closed,35916.05583073515,9218.588252032652,128616.0173868448,1599846843
QmTZkNFov1MzaFcMcrbVV83EuGPM1zTYRYLyeYHEv8o6F8,0x833188845B40226a7bC6B8634572CE84b542c994,closed,449.3370314463886,0,449.3370314463886,1599846804
Qmb8fAu23UQLeHuSdE6bDhM9FYYLCmZttzi7fmPEY6qDPg,0xE80B5097862cAB9d83846875752d7201fF42C7E9,closed,202014.3167927244,94002.2483141352,296016.56510685966,1599843664
QmcU4asQnC9eeNqM7deZiN9DzNCpdjmmaxW5nFwMgENgMj,0xa4A381864C03bDBd624ACb190c3fd4FB00e4923d,closed,28148.038854542392,13.7376951666841,28161.776549709077,1599842618
QmPM1RrGtjkqVadZKE3ZKiMWaJwfHFPDroiummsspwF1Ze,0xE80B5097862cAB9d83846875752d7201fF42C7E9,closed,66846.48089905632,69380.20780709587,562004.3605606094,1599839549
QmQ5gWdDu8sUyZiwvT4uGQy1qKrvi766TWRP6gJSt7i2o3,0x48880719610F98367283C1aFf85718307e4Ab341,closed,59.763962194721465,0,154.44482965154305,1599823547
QmSqJpk6zjKJ3r28VLTdhuDNjGWaSWm4pc1Z12dDVLMYgu,0xB5CE69909FB22BC37702f1504c1eF8e23084Da49,closed,33.277260246975594,409.1676911114502,442.44495135842584,1599813937
QmUFwdaNRWwNkEVsCWrWNuH6RSCiVcWqgt4ZdgsjMp2Lvo,0x75FfF19972cfA9326897483a886c6F6316393eed,closed,0,0,0,1599801238
QmSTYzkuixAXZ8tcvDWvnWKBebEkroWcDfYF2uKRFuDSbY,0x007F452d7fc26B5c094fD901FFa57C6352770322,closed,0,0,0,1599798451
QmfL7Z5aQNrx62VcN4EhHq5L9YBxGFfD6e2Ya1Do3EcHCc,0x7813F757C33CF46f914090D87Ac9E84be4b03a6F,closed,903.1558200904784,171.9933452712295,1075.149165361708,1599785324
Qmd5cYY4MCPh2dpTiwNJDH8FCey9AHxV72fh1bv95FgGVA,0x863A3bD6f28f4F4A131c88708dA91076fDC362C7,closed,undefined,undefined,0,1599783503
QmcAmpVSyKByMY2UkhtUExLbKXhMSzSvzAjazFuJNDNrgP,0xd76c6901c3e6E7f4C2C504aA27830B665EC2de75,closed,undefined,undefined,0,1599728821
QmT7AYQU6gP6bh9SESTK7ZQpMjMBPH2jQQac77XJ2W2qMZ,0xe7f8212874d2cAcd36c658D822646B61cDF23371,closed,0,0,0,1599721896
QmNzEDBdovDSvvDU9T7m4YUXiueap6ZSGVLp3NmNqioGen,0xe7f8212874d2cAcd36c658D822646B61cDF23371,closed,0,0,0,1599721722
QmbQ8T9o2KiiUnz18P2pQpCopsmk7DDJCTikCSwTuZRQfj,0x77b403bdcF059994a648Bd0F0B48e0A7781C4891,closed,858.7988787590697,0,858.7988787590697,1599705205
QmZZNMgwz2yAsmcSSZeqUqETNbp84KinkvPZpecv2Gx25w,0x1A4d4866e8f7625574411f0652b4d1A90629B83A,closed,1332.3211264507845,0,1332.3211264507843,1599699633
QmUhHnwBPsCgC1XvxjfmRPCkvhKWMaD4jywtfPmcNmQR95,0x6D3E136698beFEe231cD2E4E94bE0105D62FA01F,closed,34163.51667001313,0,34163.51667001313,1599688648
QmWP8Gidry9YYnM2vJH7hyj8cSsXhmuHDnXtCshbWo13gH,0xA5403cECD0F4Ffd25B5b86BCF1d2b8FD5CF7474d,closed,0,0,0,1599675288
QmP52LjLmiWHcVbH5MYrR2bt3aA6qb9QoZmAT4PMxyBTiu,0x01f2f39f782228772e40446ef85f42cF775daa9b,closed,1886.5125842497848,179.52418263713562,2066.0367668869203,1599661688
QmUKcN1w28AkioVEmegtrRrPsiYNnaTo2DuPDbRaeWdTFu,0xE80B5097862cAB9d83846875752d7201fF42C7E9,closed,255318.83221064223,29253.643730107055,284572.4759407491,1599622672
QmWCiJkv3xTcH4zCfxgyTtpLkaB5LML9PGuQHwMw1eNePA,0xE80B5097862cAB9d83846875752d7201fF42C7E9,closed,314.17488765269263,11834.853680521486,12149.028568174179,1599620899
QmYJ5FYtJDncEhdB2W7zh26GHGWsWVrwkvVXKjoH6VNk69,0xE80B5097862cAB9d83846875752d7201fF42C7E9,closed,448.3799454982825,0,448.3799454982825,1599611137
QmRYRwQXQZa1ppgN9f1g2p6kXVtjcJ5aa8nDPWZ2JRUWj9,0xb900Ee43397Bc2829e565DECe3518A02F712Ec33,closed,1038.8060896125742,0,1038.8060896125742,1599583500
QmWawUVS3v2KcEqrTLgaw7LAuVK7mteZ3BM5Wpd3k15erK,0xb900Ee43397Bc2829e565DECe3518A02F712Ec33,closed,1783.3304813523932,0,1783.3304813523932,1599583237
QmeZgYahwqHkA7sNqwNZNhRMSi9k733rNHFArkSjkjhrB6,0x2dDdb6a69f071313580073941a4491313303b1AB,closed,0,69.66012183149438,69.66012183149438,1599576157
QmeFRmo3jewKgK3Zur3y6geF51BeTEgMrdbMJojWMvmAyD,0x480b32A4e96f63d805F487a5c23E6db5a7d9e02A,closed,15021.28805621887,1853.5914814404323,25944.239735972445,1599542887
QmQS4VVB2FCn1JkgydJ29LnAqw23cVf7aUKKSUD5HXRZki,0x7bA6372DfEe7eae56C9fA96Cd477455E8a4B2C6D,closed,2933.762960624435,172.29968742429273,3106.0626480487285,1599542067
QmQtkm8AHqpX8LfZrhCwQZ8UkUwZj71tsZNnUxUp1uTDB4,0x30a0911731f6eC80c87C4b99f27c254639A3Abcd,closed,113010.2578220704,3762.0402492371913,116772.29807130758,1599520850
QmUYW8CjcJ75XRifq2oTJZkRNaAWLo6WdVLYYcydAc3MiZ,0x285b7EEa81a5B66B62e7276a24c1e0F83F7409c1,closed,158742.95047000542,2612.547053421854,161355.49752342727,1599520837
Qmf6nY1iffWpX2wHySYYkAnjXiUgCY49yZbj7sR4r6fBqA,0x285b7EEa81a5B66B62e7276a24c1e0F83F7409c1,closed,231250.063762904,1002.7539162779666,232252.81767918196,1599520758
QmfAGCWq7adzCr14fgZpsLFtDGL349yuNsvHzpg2bNWbpq,0x30a0911731f6eC80c87C4b99f27c254639A3Abcd,closed,109072.11444996607,2835.6849026818604,111907.79935264795,1599520688
Qmew6unHuCZjZea7t3nhNbA1fUWw6eDgz3KKFsWqpebbt1,0x285b7EEa81a5B66B62e7276a24c1e0F83F7409c1,closed,160724.75040649797,590.3058252427998,161315.05623174077,1599520683
QmRePpAS33UU8dePLVSeiA9pGsM4Lsaqc8idQKbHk8CTgN,0x285b7EEa81a5B66B62e7276a24c1e0F83F7409c1,closed,2334.502262716761,52527.99918175588,54862.50144447264,1599520616
QmSKdd8wwBiu8TtH5asrToPvxhS1jUsHoEMH4f6AyYCFyf,0x285b7EEa81a5B66B62e7276a24c1e0F83F7409c1,closed,8551.119170664193,2516.7407233268596,11067.859893991052,1599520544
QmQkZ5GMasvWu7J3JjkkaGbXZ4AZ17Uae8pATRwNmTJwF5,0x285b7EEa81a5B66B62e7276a24c1e0F83F7409c1,closed,30356.43582628753,1837.288446381032,32193.72427266856,1599520487
QmNspea4fSffhq8WaxziKXq1g9GBLBH3Zg9TBK2ogc17fE,0x30a0911731f6eC80c87C4b99f27c254639A3Abcd,closed,42268.88598526681,0,42268.88598526681,1599520470
Qmbs9RTBm4WnhczHuH1VX2vRLvccDQaLNBmt23LvkomquX,0x285b7EEa81a5B66B62e7276a24c1e0F83F7409c1,closed,7050.613650445584,1791.4690637351137,8842.082714180699,1599520344
QmbdaWp3W3q96FUPFwDqUrCUX6khzFnHabmRZFUxJr5gqy,0x30a0911731f6eC80c87C4b99f27c254639A3Abcd,closed,6468.126881763438,735.1616266160946,7203.288508379533,1599520329
Qmbjd7KKaSpAJaJBh96WbGUo4UWEnE7WVo5PxzWS1xZ6MB,0x285b7EEa81a5B66B62e7276a24c1e0F83F7409c1,closed,261370.37496809516,9339.843503353157,270710.21847144834,1599520234
Qmc7dC3c2csW937MdVrGKPYCZCub7owgVvAazcZ6k8LfXw,0x30a0911731f6eC80c87C4b99f27c254639A3Abcd,closed,191242.98682684108,408.5923011954011,191651.57912803648,1599520185
QmYeGxz3RacXSYJ5hqxXz4BZcMeYnPkoxUV8RdXiWHSgS8,0x285b7EEa81a5B66B62e7276a24c1e0F83F7409c1,closed,130029.81212170636,19347.36769271732,149377.17981442367,1599520158
Qma9TdzxHrqDxRAPLiYqECDjzKtFBAauoSfiJmdRk7jbMn,0x30a0911731f6eC80c87C4b99f27c254639A3Abcd,closed,7614.573268344792,3462.668281998179,11077.241550342971,1599519952
QmcjPa8Bta9fnyvxCDwbG3TDrJNTUD4amVyTyEe7M56yDu,0x285b7EEa81a5B66B62e7276a24c1e0F83F7409c1,closed,1221.725993327468,14223.68615104196,15445.41214436943,1599519922
QmQKxcpmas7JJYkKk33gVb31atcnCFAQGbLGPuhaE8tZsC,0x285b7EEa81a5B66B62e7276a24c1e0F83F7409c1,closed,11188.74901332777,3352.7890847786493,14541.538098106417,1599519862
QmdcqhqxpenoGJNU2vjSB1JUf5S1ntq9b77tKmP1KfFeXS,0x30a0911731f6eC80c87C4b99f27c254639A3Abcd,closed,138.1523189155143,3163.629887058031,3301.7822059735454,1599519724
QmXxm3UWBbfHkkDw5yRZhkp8Ue5vq5qLpTGosiXc4E8zAt,0x285b7EEa81a5B66B62e7276a24c1e0F83F7409c1,closed,93841.09061255652,32531.399239195423,126372.48985175195,1599519694
QmQTPSP831jaCgeC31PbuayrfxXzvRifdDrqcTepZaworS,0x285b7EEa81a5B66B62e7276a24c1e0F83F7409c1,closed,38487.43221745769,60245.16221274466,98732.5944302023,1599519630
QmbAxnchwmxFdYpwQV1tT5fbPHe33D2E56cNwacwdWgXWi,0x30a0911731f6eC80c87C4b99f27c254639A3Abcd,closed,67079.33831711068,143.96287418987015,67223.30119130055,1599519617
QmNUqnKUcFTtB8mEni2v46fuJrrPzKQZbxcKjwNncNGBhh,0x285b7EEa81a5B66B62e7276a24c1e0F83F7409c1,closed,193.30572114348772,4848.2639727876995,5041.569693931187,1599519566
QmTFryF1x6ktB9xXgAztW6nyMgzYDe5JYF1hXpYZ7TmkVs,0x30a0911731f6eC80c87C4b99f27c254639A3Abcd,closed,0,818.325365348402,818.325365348402,1599519485
QmfESUC9T8Wts1aLxPf5eyjHfuKMPDEs8LDUuAsbPqDbGt,0x285b7EEa81a5B66B62e7276a24c1e0F83F7409c1,closed,0,3353.322023723275,3353.322023723275,1599519477
QmeqW5cybiJZXBmD59xG6fYmUJGQKrMqzrFKPBuU8RZwuw,0x285b7EEa81a5B66B62e7276a24c1e0F83F7409c1,closed,43175.39876910573,4389.367554685536,47564.766323791264,1599519412
QmRiomzmtMw4w6VDZ1Yy5Ybfu6JLAW73JWMfe6MJaJ2VmG,0x285b7EEa81a5B66B62e7276a24c1e0F83F7409c1,closed,178610.44756387104,2223.7801725637783,180834.2277364348,1599519318
QmZE68FcABH3HEGefRRoLaTgtodgUAVhqEmfEMHn2KMu9b,0x30a0911731f6eC80c87C4b99f27c254639A3Abcd,closed,609.9367558860224,29644.453531771436,30254.390287657458,1599519282
QmY8fn2RMRMQDFDp9hePf9xXDvs8n7yGNc6gCekF2C4JoW,0x285b7EEa81a5B66B62e7276a24c1e0F83F7409c1,closed,88.5457323176243,7119.062280733386,7207.608013051011,1599519176
QmTseu54MMW6WgFYxMiMxjtUs1PM78LPg8e9YZR9EwnZ5C,0x30a0911731f6eC80c87C4b99f27c254639A3Abcd,closed,698.6647647710271,61111.90543337367,61810.57019814469,1599519166
QmT89tDnpwxYZUc99n2Uoti45N8ptWX1591rEEFBd2kJDF,0x285b7EEa81a5B66B62e7276a24c1e0F83F7409c1,closed,13.837408863563548,3326.7985442132795,3340.635953076843,1599519113
QmdLEKs2DLwX1kxXk3nrABVbKbcyE3WzZoFGKYtTyMVMMN,0x30a0911731f6eC80c87C4b99f27c254639A3Abcd,closed,1287.6247606720808,2028.56102112862,3316.185781800701,1599519049
QmTnB7BNmnMBUkpdGuVLNMkRtQMDxwEfS7h1soYwkERszP,0x285b7EEa81a5B66B62e7276a24c1e0F83F7409c1,closed,268.1828907581076,55128.699025246366,55396.88191600447,1599519047
QmP1QUYQY4mw1z3jdf5PKjNHduXkhWQKEFVHm9PdjkYxDH,0x285b7EEa81a5B66B62e7276a24c1e0F83F7409c1,closed,110817.96802680557,896.6496568594578,111714.61768366501,1599518979
QmPmXUQx15grke1Kt9DeYzTzxMMdFsAj8u4S3Z8vjbsFEk,0x285b7EEa81a5B66B62e7276a24c1e0F83F7409c1,closed,137539.12935502967,53706.25456060773,191245.38391563742,1599518917
QmYxUVv4YBhJM2TepnyYgvEUjz93Rr6nqndPckMbfTKN2k,0x285b7EEa81a5B66B62e7276a24c1e0F83F7409c1,closed,24148.581017137814,13360.903939176304,37509.484956314125,1599518856
QmSUJjtWXzjb37R6pDYdDHfLiS4TXWSvVDGXoMa4rTiqSo,0x285b7EEa81a5B66B62e7276a24c1e0F83F7409c1,closed,147294.86587867778,7119.084963284757,154413.95084196253,1599518775
QmQHAQiuX3BqxkgSfhu6VpARFfGD35AutCUqkeFja8x8UU,0x285b7EEa81a5B66B62e7276a24c1e0F83F7409c1,closed,41.78826257312961,3059.5494645083036,3101.3377270814326,1599518678
QmRHwYvuDqkvKqjJ3ifbsvG8uerKiwuMLnuSGA1vb1ZJTb,0x285b7EEa81a5B66B62e7276a24c1e0F83F7409c1,closed,12201.648203668135,789.3554929982042,12991.003696666341,1599518618
QmV55E8dShhrkZ5X5sUqm5164bpzH31skgEJNj3LPRf4af,0x285b7EEa81a5B66B62e7276a24c1e0F83F7409c1,closed,1335.9628246604527,5780.839231094469,7116.802055754922,1599518522
QmUsgMT3KUX1EWKKcbYGAKy9UUEgsLQrgrhkjajAM3s94o,0x285b7EEa81a5B66B62e7276a24c1e0F83F7409c1,closed,72081.25302122971,3191.26195107672,75272.51497230644,1599518446
QmWeSTpUBAiubG5yxxyFmBtxhBHtes28DyobqhC3rUZjD8,0x285b7EEa81a5B66B62e7276a24c1e0F83F7409c1,closed,78353.61260252645,28145.329400178747,106498.94200270517,1599518387
QmUQNT6q41BJagKeyDt3EGjwybFCcRzF2aeRNsJKsxqJPT,0x285b7EEa81a5B66B62e7276a24c1e0F83F7409c1,closed,2536.271377308077,6224.78091355453,8761.052290862608,1599518332
QmbedPsYBwsE6LAMCKkAj2yDpWi8YBHexxS74Tbup4Dmao,0x285b7EEa81a5B66B62e7276a24c1e0F83F7409c1,closed,8600.496876220304,9597.947378648416,18198.444254868722,1599518267
QmY8XvVds8FwCGENffUiDBUmGq3j6V7dvCKWDWVe4TMV5N,0x285b7EEa81a5B66B62e7276a24c1e0F83F7409c1,closed,172481.22145781358,9413.39429416718,181894.61575198077,1599518136
QmbHuYvyvCiyKFFG4pL4VpNd1NDMJwv4RaXgs5MLTKa7MB,0x285b7EEa81a5B66B62e7276a24c1e0F83F7409c1,closed,2603.1037014766616,6148.1765546548195,8751.280256131484,1599518070
QmamWih1vRejYuEFQLsfpZ7jDxuW7Qv56rF9cvtEF8v7f7,0x285b7EEa81a5B66B62e7276a24c1e0F83F7409c1,closed,25116.568246010887,2089.7890705709747,27206.357316581863,1599517975
QmV7MP5SQGtrGAn3b66e2DStAVCMqr6KUHDndYUqehicBz,0x285b7EEa81a5B66B62e7276a24c1e0F83F7409c1,closed,44738.18834857391,54039.82449656947,98778.01284514337,1599517901
QmZDNWStER8rU4nux75bkjiDmt7hs1HGmYVcAXuuaJMZWv,0x285b7EEa81a5B66B62e7276a24c1e0F83F7409c1,closed,105603.47664999844,33319.150739211225,138922.62738920967,1599517792
QmSzSkfom2PZsQffGBJexnhfTaZsfRqpU2xZnBJV9SifeE,0x7f6ff595ff0E70Aa3475A683f042D853004Cb302,closed,645.3346650116455,0,645.3346650116455,1599497064
QmXC3d5Pmbpt3qQ4RQhJG8QTqrb5ki8bZRz78ZTEWhKHV3,0xf6423ebAEf6996Aee56ecb1D49be02613aF8555E,closed,5715.430597375308,1261.180879391714,6976.611476767023,1599491535
QmdXCYgQpm3ijrfR6jjg9eEMois5DAXpmnYKNzdgUqhiBf,0x1d5E65a087eBc3d03a294412E46CE5D6882969f4,closed,258841.8771701221,692.7663256413409,259534.64349576348,1599487660
QmSeNjdCwJNgVP3C3Bg1hSCUxMojJwewCVwsCV1sa1QPin,0x480b32A4e96f63d805F487a5c23E6db5a7d9e02A,closed,10571.871793986944,17034.16034622889,27606.032140215837,1599474637
Qmde52mttdgqzJRW6VsShXUbx8JtbgqgzcR6tsm8H3MZhi,0x57eD5c3B5ce571f612E9A81BCf59e476A8A88902,closed,0,0,0,1599470490
Qmc3KK1Lv9YxQYYtxdtzNUzaPGkJt3SHkjVBkE3Cw3egjh,0x56f2209FF61540D11eba5573B4F5B94D67Da5e70,closed,0,0,0,1599467364
QmUFKUQStsge4AcMJB4pX9JNGejEkyKgAFmc7gDobgmfP2,0xcD0EC0f0563752ca7f5122AA7f94f2e6E9746C7f,closed,0,0,0,1599402494
QmSg9yVu2L25XhyBa33wNr5vAdvyeYrKn5EBMfQ5rQBwyn,0x982d6752c35aAa22dfb67915016042b83Fa48897,closed,undefined,undefined,0,1599392910
QmRAFr3m1qz7Rzs7r7dSGKfPyFN2A1vchcSW7vjeEFWLWG,0x982d6752c35aAa22dfb67915016042b83Fa48897,closed,undefined,undefined,0,1599392726
Qmdt8gSfYtowtE3h5htqCyGAvHTqQzBQcDqBMsFZ4ujquX,0x71d333d8E8DA603B0647b0cA21a99D21F5345aAA,closed,12554.211507403092,0,12554.211507403093,1599389124
QmdRjsrrEBq6JTXN9dcEHG8sFzaZ7jWdNsaENrQHuDxStc,0xD57581D9e42E9032e6f60422fA619b4A4574Ba79,closed,206975.20056418443,3342.3381257614597,210317.5386899459,1599388810
QmXXQiooUimGRBnDuYDVkGyG4LGBJ9FkdSFrTyrZ2wUaSx,0xE80B5097862cAB9d83846875752d7201fF42C7E9,closed,10895.087102905212,395.9108254227429,11290.997928327954,1599321510
Qma4ZJB8cmqzqAVYR35h5dEFUHAXHCeazwx9q3nYNM6jvN,0x6D3E136698beFEe231cD2E4E94bE0105D62FA01F,closed,0,0,0,1599319716
QmNPXm2mSxL4UjC43KmDRh27c5BJ8Roo6Y6A1mbwAoUUVJ,0x1Fa09e8B45Cfff34b40bacDaAdD3E6FeE4F8E3a8,closed,undefined,undefined,0,1599315853
QmW1SEwSLvc6oU4zNPCWVwyKSjNe5wAjdo6igj3qjtviLN,0xc080E234DBA2545E93872cE6E96E683A4e29046b,closed,3318.3100400436274,1225.6195709444485,4543.929610988076,1599285717
QmYT9oG72so1XM8n3xg444AxaEnzSKXEQDh11U1RiYA5kU,0x4Eb2C56dC750B0eA0e3D7cA5F9B6230bf6dF2D10,closed,294.4866675934072,0,341.6681625281049,1599276543
QmXHmxpd4TRcJds9kpkzwNAtgbYhscgZohiTP6YtJX85jN,0x717d52e84eF30875De52834603c112675CeDB7CA,closed,58.08532471418655,1734.7423904470695,1792.827715161256,1599275984
QmekFdvYrLvWZoaWmcNToybfDKzhMqZKnqRmGVUmbs3eW6,0x2164d6b2EF215A4f46912BdD18F27a25041EBe29,closed,798.3880864901066,549.094036655724,1347.4821231458309,1599241352
QmP5t4xVLaZUST7E9r8KX4DZvmMz6cRnaxybAorx7eyw6A,0x552C35f51A52fa1bF1CA481A9a57D464474248D2,closed,77.47600193415786,0,77.47600193415786,1599217999
QmRc3xHBEvhzXn5Uyqp3GJw2Cn8iDv9p9zdVyGzmZkyXBw,0x01f2f39f782228772e40446ef85f42cF775daa9b,closed,71920.49452360983,12523.09978696136,84704.73842636561,1599206625
QmcxDxp9qRM8qxQBA1LHzBbhzZv7KXnqUR4zJJmNoG9ANe,0xa4ebD70668ABD528BEC1cE8B0de205c230BD1953,closed,588.8466270139063,0,1276.3830422710491,1599185054
QmZyM1QzahgZt1D4D9ys21PHhVjhW99pH68D4AFcSqoCt2,0x47b306c725FE30223663189701e1c336FEC2F520,closed,2384.8631931130653,0,2384.8631931130653,1599168033
QmbHX9TGWLsW1E2QeS6SrRruonbSYh3Dqc6aZqq9gFSW5o,0x18f768455E7f5fB09fC491fd86bcc282BcDD5973,closed,31.009391552630323,16046.100659845211,16121.087789341558,1599156441
QmXm9T791myT62Jj3iokarQYuUF2XKMBUXmqUKh5fKpK1L,0xF942Dba4159CB61F8AD88ca4A83f5204e8F4A6bd,closed,442938.5439370743,67768.47957181689,510707.0235088916,1599140693
QmdTijSFWvMoWFBbW1S5Gi8JXdCk7b7GSxJws15HfmbqT4,0x47b306c725FE30223663189701e1c336FEC2F520,closed,7.699978487873252,0,7.699978487873252,1599138652
QmRqu9AEdmvS5pVVi7Vc8YeNFrrDbFWagGtyvcXPprKFqo,0x781562dA1647Ff91b684fC678546FFd719a0616d,closed,undefined,undefined,0,1599126926
Qmec3wGCxb3id7GSAchnqRCJhnNzkiroZHcdUahT223DYU,0x92FCCf0a1684C153CbB238977e855410a923C778,closed,0,0,0,1599122314
QmQvs9zBkzggN5t99RSp1i4pygQ1Le7SENvNg8kWNqidJZ,0x73288778B2f2C0A7d1A13305916BFe24ee134cCe,closed,4012.800046130451,110.21860185775007,4123.0186479882,1599120995
QmbVujXwZiD6NABEnVVN8rEhzDbTXygkoue5bGgwU6PstZ,0xbFD385ff896BB43D439c0894d13075664D437fe4,closed,0,0,0,1599116198
QmXcfQEtAtqbPjpi5ifgun4HbLvVvMm5gh9RAEq39EACEd,0xF942Dba4159CB61F8AD88ca4A83f5204e8F4A6bd,closed,4063.362242498877,572.6082205493689,311879.62536732387,1599106383
QmVWUX6fRfyPxSYqSNWjNFBjHNdXop2dfrFvRXFq4Wvw4V,0x303763A602254E3f7712bD0864027B04700ef692,closed,8433.262605451248,2955.670812890571,11388.933418341818,1599103111
QmcTGbfMLXmUKRJCjJHEpbJSD2yqPYUgUoCTSbbKAEbr5m,0x2dDdb6a69f071313580073941a4491313303b1AB,closed,0,0,2546.400803835891,1599065494
QmNi9qRxp2Y7hKpDftcZX71i56ufcnEbtRhTDHRtrhUDHM,0xCAF6acB7B4825aDBF1F0CA20095D451eC65a7c51,closed,69.88900216972979,0,69.88900216972979,1599064543
QmURwf5RHeNxpbsXXYAarPG4uS6BeYDioHyiARqyX6qgER,0xd6e371526cdaeE04cd8AF225D42e37Bc14688D9E,closed,2179.965200754024,197.7450453147479,2377.710246068772,1599045757
QmNW3uvb3f6qUxDSvqCNRR1UWzqqhevFmTSVWoVBCJM18j,0xd6e371526cdaeE04cd8AF225D42e37Bc14688D9E,closed,0,41.285358219404074,41.285358219404074,1599044966
QmYKBGzqUwtfLuN3mHG7G19DSkPwwDqfdA5vnxnG1WUrcD,0x3f38546D1789A11343cB335C3E6f9f1bfC76fddc,closed,0,0,0,1599018736
QmdyL1KKcJxDNvAvj8hqJY3xgqHnq4bVQMzm9T2s6BiFS4,0xA9Ec7aB90eCDE9E33FC846de370a0f2532d513be,closed,1560.0459276239476,12949.04963684705,14509.095564470997,1598969188
QmZM6iauZaEM5mGzT9dVXwGFyxH43YACDsjXFwDpKfkVM4,0x09C186ce1e73EF203354AE2D1B6EA3b1D6f2098B,closed,undefined,undefined,0,1598941382
QmXiaUtP4Fq3X5EQxVthX5pqjS2Uu23uJt6mKShwbTEx7b,0x09C186ce1e73EF203354AE2D1B6EA3b1D6f2098B,closed,undefined,undefined,0,1598940744
QmXBvzHrambpkztJB1ftv27v5B9yRJdB35XBTZaBJLAoE5,0x79F2E52181cE6eDC712e6ACF536a918b6B6bfB66,closed,0,9027.1311338467,9027.1311338467,1598906649
QmddQ3RDFfq8VJk3o4bwfhUCU2LdfaLbd93AfVMcpiKuSw,0xf071fc2a79c61C7f34f98A67F59293FD338EbA8B,closed,0,0,0,1598904837
Qmb7W1zoseXA285jUeAXC9dWUjPeTgHoMk1XQWeiy24QZQ,0x8D4F54913BA39263395B0067F953355813223699,closed,25359.265327262037,11491.179191662326,36850.44451892436,1598898794
QmfSJc1PgrQdASz2aXDjEGHHCeXSnwbvAKiiKQG4t42qob,0xB72eD8401892466Ea8aF528C1af1d0524bc5e105,closed,25904.713933072995,42.39552668381008,26122.0574440667,1598890145
QmNuZaLt4riJGPKb8XCHwqXvbBmHfrNyWkfB2hUwbSfPYP,0xF942Dba4159CB61F8AD88ca4A83f5204e8F4A6bd,closed,2526.024036993124,147.89688658613613,494640.46947982605,1598888741
QmTNd5kqky9Bo8EYvSfAmWPVj3gZJEyfvNXWhDF2jmVfdJ,0x8BA4644045093DE17bF3AD90f9759bcDF1626760,closed,2278.423046499912,32694.10697848514,34972.530024985055,1598877397
QmaWmQFWXfRiWmAeM7aUny3mM7buJeAFinuq3n6Sx7e7U8,0xe426ad6DDF3905de9D798f49cb19d6E9A6a3335f,closed,0,10690.374988431991,10690.374988431993,1598876861
QmUvNBaW6xUyBRDqtUmR1Fsnnm9eioGHhHv6SZcYDhDJg3,0xF942Dba4159CB61F8AD88ca4A83f5204e8F4A6bd,closed,105100.30719061116,50607.72625644386,248264.6069629359,1598858169
QmfBqyhLgHXQcBme2KgzzuN5PiBMHQnixatvDDvzzekkpd,0xAdd11019d12a7055fb4cb5453226c250D7851BAd,closed,0,0,0,1598852130
Qmam85UYWYi7ZRuP8FsNvHSczoNB1XPurQ9FKpnLg8GZ6n,0xAdd11019d12a7055fb4cb5453226c250D7851BAd,closed,6594.267115852717,73.34267249082959,6667.609788343547,1598852022
QmNzRjiNUrUsteNFrc8BVXVQwB36cRE1H34pAgY1ivi8rh,0xF942Dba4159CB61F8AD88ca4A83f5204e8F4A6bd,closed,168944.10187143798,1191.780480782358,245120.9000139654,1598808033
Qmbh9K9F3xtHBXoScfk6m6hiFRsGBM4D8GZWbvdGJPaA6z,0xF942Dba4159CB61F8AD88ca4A83f5204e8F4A6bd,closed,4028.284042211382,5669.3305751669905,216276.7240009344,1598804999
