0xc5e97d02ecd883772fb8eb234e42f54ead9aed82d25e2d9930e146c6e10b8c84,0xeF8305E140ac520225DAf050e2f71d5fBcC543e7,0xd662fA474C0A1346a26374bb4581D1F6D3Fb2d94,0xbE278527D392Ebb1cBe4818b95d984Ff0a773d73,0xc22aC94fA7cD5c40a8490DfcFDE91081416Fc0b8,
0x66fae909740af8c8ead91fc78349c57444b3429549eedc7642acd526679ba264,0xbE278527D392Ebb1cBe4818b95d984Ff0a773d73,0xeF8305E140ac520225DAf050e2f71d5fBcC543e7,0x5A9e792143bf2708b4765C144451dCa54f559a19,0x3C9F71Ae57FEA4a2E38C9d413705Ed1FDcD9e3Da,0x6C65fB326e7734Ba5508b5d043718288b43b9ed9,0x6159AaAF32D1AC8B4b96B1A9D7197AED612a59cb,0xd662fA474C0A1346a26374bb4581D1F6D3Fb2d94,
0x7a7dde04bbffc274c5c050d030640239df7a8e468fccfd70988dd289f777040a,0x7AeD3163fb1b705423175e3c2Fa1d58Aa638EFA0,0xF15A780336068B58997bFd4640F008349c27636C,0xe24deCD513651aE981fE5470999564CC29a10af0,0x27c72e4BD23C910218d8f06C4a1742E06657c874,0xc22aC94fA7cD5c40a8490DfcFDE91081416Fc0b8,0xeF8305E140ac520225DAf050e2f71d5fBcC543e7,0xbE278527D392Ebb1cBe4818b95d984Ff0a773d73,0xC746A92f997333841ADF686253Eb77441D9868f4,0x8C991297440a79358BD864902E704ecC815eac81,0xa15Ca74e65bf72730811ABF95163E89aD9b9DFF6,0xa0DD8E6c5440a424cD19f5Ec30F8fa485E814247,0x6C65fB326e7734Ba5508b5d043718288b43b9ed9,0x8998bbA031255a99907F788336E1e8C863252e97,0x618D64611aF0a80F77472051077F488f12004daa,0x5A9e792143bf2708b4765C144451dCa54f559a19,
0xd71061e6c3a71ea1b633a1d4281278e297bac4fee225a5a378a3f2a4767232f8,0xEce59074f2A430185876505716b4AD8b54b3766A,0x4444444477Eb5fe6D1D42E98E97D9c4C03A57F99,0x6C65fB326e7734Ba5508b5d043718288b43b9ed9,0xC746A92f997333841ADF686253Eb77441D9868f4,0xa15Ca74e65bf72730811ABF95163E89aD9b9DFF6,0x5A9e792143bf2708b4765C144451dCa54f559a19,0xF15A780336068B58997bFd4640F008349c27636C,0x618D64611aF0a80F77472051077F488f12004daa,0xd662fA474C0A1346a26374bb4581D1F6D3Fb2d94,0xc22aC94fA7cD5c40a8490DfcFDE91081416Fc0b8,0xbE278527D392Ebb1cBe4818b95d984Ff0a773d73,0x442eC679337Ab3Ad148A8c3D61db54AB75816D1f,0xeF8305E140ac520225DAf050e2f71d5fBcC543e7,0xa0DD8E6c5440a424cD19f5Ec30F8fa485E814247,
0x46ffeac21746d11982e1dc1a1023955f1e4fdffc5aadf141060dcf088a259cbb,0xbE278527D392Ebb1cBe4818b95d984Ff0a773d73,0x6159AaAF32D1AC8B4b96B1A9D7197AED612a59cb,0xC746A92f997333841ADF686253Eb77441D9868f4,0xa15Ca74e65bf72730811ABF95163E89aD9b9DFF6,0x442eC679337Ab3Ad148A8c3D61db54AB75816D1f,0xc22aC94fA7cD5c40a8490DfcFDE91081416Fc0b8,0x27c72e4BD23C910218d8f06C4a1742E06657c874,0xa0DD8E6c5440a424cD19f5Ec30F8fa485E814247,0xeF8305E140ac520225DAf050e2f71d5fBcC543e7,0x5A9e792143bf2708b4765C144451dCa54f559a19,0xd662fA474C0A1346a26374bb4581D1F6D3Fb2d94,
0x96178e95ff636c16c3b5004403965e7a72d1808ee3b0116ec8402e98c079e255,0xd662fA474C0A1346a26374bb4581D1F6D3Fb2d94,0x442eC679337Ab3Ad148A8c3D61db54AB75816D1f,0x6C65fB326e7734Ba5508b5d043718288b43b9ed9,0xc22aC94fA7cD5c40a8490DfcFDE91081416Fc0b8,0x3C9F71Ae57FEA4a2E38C9d413705Ed1FDcD9e3Da,0xa15Ca74e65bf72730811ABF95163E89aD9b9DFF6,0xa0DD8E6c5440a424cD19f5Ec30F8fa485E814247,0xbE278527D392Ebb1cBe4818b95d984Ff0a773d73,0x850B57Fa5E6cf7dD624aC9287a2C7c79b342D7A8,
0xdee1cfd403066ffe7d90b0a9718d4a8348daf82dce6a6fa6b755e0fc9e58d67b,0x618D64611aF0a80F77472051077F488f12004daa,0xbE278527D392Ebb1cBe4818b95d984Ff0a773d73,0xa15Ca74e65bf72730811ABF95163E89aD9b9DFF6,0x442eC679337Ab3Ad148A8c3D61db54AB75816D1f,0xd662fA474C0A1346a26374bb4581D1F6D3Fb2d94,0x6C65fB326e7734Ba5508b5d043718288b43b9ed9,0x850B57Fa5E6cf7dD624aC9287a2C7c79b342D7A8,
0xba38678789dce4ae53f8073f67ec11ca1d912c7670034710c9c0963334a01c98,0xa0DD8E6c5440a424cD19f5Ec30F8fa485E814247,0xeF8305E140ac520225DAf050e2f71d5fBcC543e7,0x4444444477Eb5fe6D1D42E98E97D9c4C03A57F99,0xbE278527D392Ebb1cBe4818b95d984Ff0a773d73,0xC864C34B7313e55Bc832b857d8dE55FF0f0D0B28,0xc22aC94fA7cD5c40a8490DfcFDE91081416Fc0b8,0x6C65fB326e7734Ba5508b5d043718288b43b9ed9,0x6159AaAF32D1AC8B4b96B1A9D7197AED612a59cb,0xafCD4572408b322adA9890253a7A42A9Fa4C2E40,
0x9e56868f1da423c5c0335152376d43c2523e8c797826a4f3d72d46fe893b4495,0xd662fA474C0A1346a26374bb4581D1F6D3Fb2d94,0xa15Ca74e65bf72730811ABF95163E89aD9b9DFF6,0x4444444477Eb5fe6D1D42E98E97D9c4C03A57F99,0xbE278527D392Ebb1cBe4818b95d984Ff0a773d73,0xC864C34B7313e55Bc832b857d8dE55FF0f0D0B28,0x8C991297440a79358BD864902E704ecC815eac81,0x6C65fB326e7734Ba5508b5d043718288b43b9ed9,0xeF8305E140ac520225DAf050e2f71d5fBcC543e7,0x6159AaAF32D1AC8B4b96B1A9D7197AED612a59cb,0xa0DD8E6c5440a424cD19f5Ec30F8fa485E814247,0x850B57Fa5E6cf7dD624aC9287a2C7c79b342D7A8,
0xf0d79a09d48986b9ed57cdd1ac48830d63fd3a6de8af3ac099773b71c7db387d,0xc22aC94fA7cD5c40a8490DfcFDE91081416Fc0b8,0x442eC679337Ab3Ad148A8c3D61db54AB75816D1f,0xbE278527D392Ebb1cBe4818b95d984Ff0a773d73,0xa0DD8E6c5440a424cD19f5Ec30F8fa485E814247,0xa15Ca74e65bf72730811ABF95163E89aD9b9DFF6,0xd662fA474C0A1346a26374bb4581D1F6D3Fb2d94,
0x90fadd0b92f66857e56690cec329ad21644611f4bd1243379b82a779686659bc,0x6159AaAF32D1AC8B4b96B1A9D7197AED612a59cb,0xafCD4572408b322adA9890253a7A42A9Fa4C2E40,0xa0DD8E6c5440a424cD19f5Ec30F8fa485E814247,
0xa42d432e4a867f2e2d0477c7bf890163005e6b0a68c1f41adf14f335abfc4e88,0x442eC679337Ab3Ad148A8c3D61db54AB75816D1f,0xa15Ca74e65bf72730811ABF95163E89aD9b9DFF6,0x27c72e4BD23C910218d8f06C4a1742E06657c874,0x8C991297440a79358BD864902E704ecC815eac81,0xa0DD8E6c5440a424cD19f5Ec30F8fa485E814247,0x6C65fB326e7734Ba5508b5d043718288b43b9ed9,0x850B57Fa5E6cf7dD624aC9287a2C7c79b342D7A8,0xd662fA474C0A1346a26374bb4581D1F6D3Fb2d94,
0xc74ee844d76a38675aa15a0052c1a39b6972d6958067a22eb93ab5b25d9016d4,0x442eC679337Ab3Ad148A8c3D61db54AB75816D1f,0x3C9F71Ae57FEA4a2E38C9d413705Ed1FDcD9e3Da,0xa15Ca74e65bf72730811ABF95163E89aD9b9DFF6,0x27c72e4BD23C910218d8f06C4a1742E06657c874,0xa0DD8E6c5440a424cD19f5Ec30F8fa485E814247,0x8C991297440a79358BD864902E704ecC815eac81,0x6C65fB326e7734Ba5508b5d043718288b43b9ed9,0xc22aC94fA7cD5c40a8490DfcFDE91081416Fc0b8,0x850B57Fa5E6cf7dD624aC9287a2C7c79b342D7A8,0xd662fA474C0A1346a26374bb4581D1F6D3Fb2d94,
QmemELeP4sxXTwbjXzQg74PgoL35gAramxBBiz3YZ9ANDk,0xa0DD8E6c5440a424cD19f5Ec30F8fa485E814247,0xbE278527D392Ebb1cBe4818b95d984Ff0a773d73,0x8C991297440a79358BD864902E704ecC815eac81,0x7AeD3163fb1b705423175e3c2Fa1d58Aa638EFA0,0xd662fA474C0A1346a26374bb4581D1F6D3Fb2d94,
0x218d251528cd0b1580b575c51fd0ccb8850f0fe358948118283ff2f6592e834a,0xa15Ca74e65bf72730811ABF95163E89aD9b9DFF6,0x8C991297440a79358BD864902E704ecC815eac81,0x6C65fB326e7734Ba5508b5d043718288b43b9ed9,0x7AeD3163fb1b705423175e3c2Fa1d58Aa638EFA0,0x3C9F71Ae57FEA4a2E38C9d413705Ed1FDcD9e3Da,0xD425333DD22B049f143522e519a06462c633F37a,0x850B57Fa5E6cf7dD624aC9287a2C7c79b342D7A8,0xc22aC94fA7cD5c40a8490DfcFDE91081416Fc0b8,0x6DF304782b0866d2538C8fd2e46904A7f2AE321c,0xa0DD8E6c5440a424cD19f5Ec30F8fa485E814247,0x618D64611aF0a80F77472051077F488f12004daa,0xbE278527D392Ebb1cBe4818b95d984Ff0a773d73,0xd662fA474C0A1346a26374bb4581D1F6D3Fb2d94,
0x9bc056cc96f7b04750a69bed6ba12661effe84bc18dd830dfee5482b697f4493,0x3C9F71Ae57FEA4a2E38C9d413705Ed1FDcD9e3Da,0xc22aC94fA7cD5c40a8490DfcFDE91081416Fc0b8,0xafCD4572408b322adA9890253a7A42A9Fa4C2E40,0x618D64611aF0a80F77472051077F488f12004daa,0x442eC679337Ab3Ad148A8c3D61db54AB75816D1f,0x8C991297440a79358BD864902E704ecC815eac81,0xF15A780336068B58997bFd4640F008349c27636C,0xbE278527D392Ebb1cBe4818b95d984Ff0a773d73,0x5A9e792143bf2708b4765C144451dCa54f559a19,0x850B57Fa5E6cf7dD624aC9287a2C7c79b342D7A8,0xa0DD8E6c5440a424cD19f5Ec30F8fa485E814247,0xd662fA474C0A1346a26374bb4581D1F6D3Fb2d94,0xa15Ca74e65bf72730811ABF95163E89aD9b9DFF6,0x6C65fB326e7734Ba5508b5d043718288b43b9ed9,
0xebf698166c5b56ee9e118bc496ed3cf0e9ee2f5266d1abf0a935e8873107c1c4,0xF15A780336068B58997bFd4640F008349c27636C,0xc22aC94fA7cD5c40a8490DfcFDE91081416Fc0b8,0x4444444477Eb5fe6D1D42E98E97D9c4C03A57F99,0x850B57Fa5E6cf7dD624aC9287a2C7c79b342D7A8,0x6C65fB326e7734Ba5508b5d043718288b43b9ed9,0xa0DD8E6c5440a424cD19f5Ec30F8fa485E814247,0xd662fA474C0A1346a26374bb4581D1F6D3Fb2d94,0xAc946b1649a7e8DD94b045D0958c15Bec8E98361,0x27c72e4BD23C910218d8f06C4a1742E06657c874,
QmRQtyN5jqr2CkA3tYkJTPVMm1SBhnuuVwSJs9GkDvatna,0xa0DD8E6c5440a424cD19f5Ec30F8fa485E814247,0x8C991297440a79358BD864902E704ecC815eac81,0xd662fA474C0A1346a26374bb4581D1F6D3Fb2d94,0xc22aC94fA7cD5c40a8490DfcFDE91081416Fc0b8,0x6C65fB326e7734Ba5508b5d043718288b43b9ed9,0x618D64611aF0a80F77472051077F488f12004daa,
0xe074d65084342d8750de676547a2d4aca5d0afcf0e7ea1c463836fa7671f65be,0xF15A780336068B58997bFd4640F008349c27636C,0x6C65fB326e7734Ba5508b5d043718288b43b9ed9,0xd662fA474C0A1346a26374bb4581D1F6D3Fb2d94,0xa0DD8E6c5440a424cD19f5Ec30F8fa485E814247,0xc22aC94fA7cD5c40a8490DfcFDE91081416Fc0b8,
QmRMJhhmZ39vHykUVUHye5vbmecRs5R6zL656h2JB2FmxS,0xc22aC94fA7cD5c40a8490DfcFDE91081416Fc0b8,0x618D64611aF0a80F77472051077F488f12004daa,0xF15A780336068B58997bFd4640F008349c27636C,0x6C65fB326e7734Ba5508b5d043718288b43b9ed9,0xa0DD8E6c5440a424cD19f5Ec30F8fa485E814247,0x8C991297440a79358BD864902E704ecC815eac81,0x5A9e792143bf2708b4765C144451dCa54f559a19,0xd662fA474C0A1346a26374bb4581D1F6D3Fb2d94,0xbE278527D392Ebb1cBe4818b95d984Ff0a773d73,
0x38f56529ec871ad4a70e66ae18cd51c69f5be993777e3853382c24f5bdd0c9cc,0xF15A780336068B58997bFd4640F008349c27636C,0x6C65fB326e7734Ba5508b5d043718288b43b9ed9,0x0EaBFFD8cE94ab2387fC44Ba32642aF0c58Af433,0x5A9e792143bf2708b4765C144451dCa54f559a19,0xbE278527D392Ebb1cBe4818b95d984Ff0a773d73,0xAc946b1649a7e8DD94b045D0958c15Bec8E98361,0xa0DD8E6c5440a424cD19f5Ec30F8fa485E814247,0xd662fA474C0A1346a26374bb4581D1F6D3Fb2d94,
0xbe971ce987a01bc5346e2f56076436e8df2e51e54ff534346263007e193010c9,0xafCD4572408b322adA9890253a7A42A9Fa4C2E40,0x442eC679337Ab3Ad148A8c3D61db54AB75816D1f,0x6C65fB326e7734Ba5508b5d043718288b43b9ed9,0xa0DD8E6c5440a424cD19f5Ec30F8fa485E814247,0xbE278527D392Ebb1cBe4818b95d984Ff0a773d73,0x850B57Fa5E6cf7dD624aC9287a2C7c79b342D7A8,0xd662fA474C0A1346a26374bb4581D1F6D3Fb2d94,
0x9572bee8499250aebfa1fe8b22452b95a7ed526bdec9dd4d9a52b8a095c5e60a,0x850B57Fa5E6cf7dD624aC9287a2C7c79b342D7A8,0xd662fA474C0A1346a26374bb4581D1F6D3Fb2d94,0x6C65fB326e7734Ba5508b5d043718288b43b9ed9,0x8C991297440a79358BD864902E704ecC815eac81,
0x8163abc22eb0e8f5532698bf09b5b578bed261c44d46124847c628420247ec45,0xbE278527D392Ebb1cBe4818b95d984Ff0a773d73,0x27c72e4BD23C910218d8f06C4a1742E06657c874,0x3C9F71Ae57FEA4a2E38C9d413705Ed1FDcD9e3Da,0xAc946b1649a7e8DD94b045D0958c15Bec8E98361,0xF15A780336068B58997bFd4640F008349c27636C,0xd662fA474C0A1346a26374bb4581D1F6D3Fb2d94,0xa0DD8E6c5440a424cD19f5Ec30F8fa485E814247,0x6C65fB326e7734Ba5508b5d043718288b43b9ed9,
0x1968c7930e211be5e8f108ebf8e2666a894ca7357822989681c75e8a0336475f,0xd662fA474C0A1346a26374bb4581D1F6D3Fb2d94,0xD425333DD22B049f143522e519a06462c633F37a,0xafCD4572408b322adA9890253a7A42A9Fa4C2E40,0x6C65fB326e7734Ba5508b5d043718288b43b9ed9,0x3C9F71Ae57FEA4a2E38C9d413705Ed1FDcD9e3Da,0xbE278527D392Ebb1cBe4818b95d984Ff0a773d73,0xa0DD8E6c5440a424cD19f5Ec30F8fa485E814247,
0xaa23c295417afe6001582389be0c5f95142c702aa1358bc6d12c3d015f8c5be4,0xa0DD8E6c5440a424cD19f5Ec30F8fa485E814247,0xF15A780336068B58997bFd4640F008349c27636C,0xbE278527D392Ebb1cBe4818b95d984Ff0a773d73,0xa15Ca74e65bf72730811ABF95163E89aD9b9DFF6,0x27c72e4BD23C910218d8f06C4a1742E06657c874,0x6C65fB326e7734Ba5508b5d043718288b43b9ed9,0xd662fA474C0A1346a26374bb4581D1F6D3Fb2d94,
0x73aad4347870a2155052d0451540f7cc7dbbee815d86d7ccadc0b7d9c8e7ff68,0xF15A780336068B58997bFd4640F008349c27636C,0xEce59074f2A430185876505716b4AD8b54b3766A,0xd662fA474C0A1346a26374bb4581D1F6D3Fb2d94,0xbE278527D392Ebb1cBe4818b95d984Ff0a773d73,0x27c72e4BD23C910218d8f06C4a1742E06657c874,0x6C65fB326e7734Ba5508b5d043718288b43b9ed9,0xa0DD8E6c5440a424cD19f5Ec30F8fa485E814247,
0x8ace045a64d393590c69edc03908fb7cddacdb46577cf8d520df3ae1494c983e,0xbE278527D392Ebb1cBe4818b95d984Ff0a773d73,0xd662fA474C0A1346a26374bb4581D1F6D3Fb2d94,0xC864C34B7313e55Bc832b857d8dE55FF0f0D0B28,0xa0DD8E6c5440a424cD19f5Ec30F8fa485E814247,
QmeRQMGnmAxd9wkj4Xxn6vsc6rhBp73v48NTxJ91CjSmAW,0xbE278527D392Ebb1cBe4818b95d984Ff0a773d73,0xa0DD8E6c5440a424cD19f5Ec30F8fa485E814247,0xa15Ca74e65bf72730811ABF95163E89aD9b9DFF6,0x7AeD3163fb1b705423175e3c2Fa1d58Aa638EFA0,0x8C991297440a79358BD864902E704ecC815eac81,0xC864C34B7313e55Bc832b857d8dE55FF0f0D0B28,0xF15A780336068B58997bFd4640F008349c27636C,0x850B57Fa5E6cf7dD624aC9287a2C7c79b342D7A8,0x6C65fB326e7734Ba5508b5d043718288b43b9ed9,
0x77209446301f4ab013e763f688dc969ec25f1b6e4a72cb90128e6d0a1f0caffe,0xEce59074f2A430185876505716b4AD8b54b3766A,0xbE278527D392Ebb1cBe4818b95d984Ff0a773d73,0xa15Ca74e65bf72730811ABF95163E89aD9b9DFF6,0x7AeD3163fb1b705423175e3c2Fa1d58Aa638EFA0,0xa0DD8E6c5440a424cD19f5Ec30F8fa485E814247,0xd662fA474C0A1346a26374bb4581D1F6D3Fb2d94,0x850B57Fa5E6cf7dD624aC9287a2C7c79b342D7A8,0x8C991297440a79358BD864902E704ecC815eac81,0x27c72e4BD23C910218d8f06C4a1742E06657c874,0x6C65fB326e7734Ba5508b5d043718288b43b9ed9,
0x6f32baa8dc8231d0364f04310b99f5be8458e62329e8127a405da5f08e932131,0xbE278527D392Ebb1cBe4818b95d984Ff0a773d73,0x3C9F71Ae57FEA4a2E38C9d413705Ed1FDcD9e3Da,0xC864C34B7313e55Bc832b857d8dE55FF0f0D0B28,0xD425333DD22B049f143522e519a06462c633F37a,0xe24deCD513651aE981fE5470999564CC29a10af0,0x850B57Fa5E6cf7dD624aC9287a2C7c79b342D7A8,0x8C991297440a79358BD864902E704ecC815eac81,0xF15A780336068B58997bFd4640F008349c27636C,0xd662fA474C0A1346a26374bb4581D1F6D3Fb2d94,0xafCD4572408b322adA9890253a7A42A9Fa4C2E40,0xc22aC94fA7cD5c40a8490DfcFDE91081416Fc0b8,0x27c72e4BD23C910218d8f06C4a1742E06657c874,0x618D64611aF0a80F77472051077F488f12004daa,0x6C65fB326e7734Ba5508b5d043718288b43b9ed9,0xa0DD8E6c5440a424cD19f5Ec30F8fa485E814247,
0x14fb39d2da0148edbdfc376d90bb7549083c8540001cf5c26a747cf2c5f3b6db,0xe24deCD513651aE981fE5470999564CC29a10af0,0xD425333DD22B049f143522e519a06462c633F37a,0xc22aC94fA7cD5c40a8490DfcFDE91081416Fc0b8,0x442eC679337Ab3Ad148A8c3D61db54AB75816D1f,0xF15A780336068B58997bFd4640F008349c27636C,0xafCD4572408b322adA9890253a7A42A9Fa4C2E40,0x27c72e4BD23C910218d8f06C4a1742E06657c874,0xa0DD8E6c5440a424cD19f5Ec30F8fa485E814247,0x6C65fB326e7734Ba5508b5d043718288b43b9ed9,0xbE278527D392Ebb1cBe4818b95d984Ff0a773d73,0x618D64611aF0a80F77472051077F488f12004daa,0xC864C34B7313e55Bc832b857d8dE55FF0f0D0B28,0xd662fA474C0A1346a26374bb4581D1F6D3Fb2d94,0xB6DaCFC9e6443F2546E9285BA4AE6359cDc20727,
0x65b1ed7fdcaa1da415c2f7ce28637d6bf0ea282b2d2721216c691d4a4e4ee87a,0x4444444477Eb5fe6D1D42E98E97D9c4C03A57F99,0xa0DD8E6c5440a424cD19f5Ec30F8fa485E814247,0x850B57Fa5E6cf7dD624aC9287a2C7c79b342D7A8,0x3C9F71Ae57FEA4a2E38C9d413705Ed1FDcD9e3Da,0xbE278527D392Ebb1cBe4818b95d984Ff0a773d73,0xa15Ca74e65bf72730811ABF95163E89aD9b9DFF6,0xC864C34B7313e55Bc832b857d8dE55FF0f0D0B28,0xd662fA474C0A1346a26374bb4581D1F6D3Fb2d94,0x6C65fB326e7734Ba5508b5d043718288b43b9ed9,0x225CAcF03Ba45eF8adA629dbCc032643C07F26ac,0x618D64611aF0a80F77472051077F488f12004daa,
0xa34c92d80d1b9a5f9742060cc9b7e7744cbd66927cff05c4a5b7ade7408c0bf5,0x4444444477Eb5fe6D1D42E98E97D9c4C03A57F99,0x3C9F71Ae57FEA4a2E38C9d413705Ed1FDcD9e3Da,0xbE278527D392Ebb1cBe4818b95d984Ff0a773d73,0xC864C34B7313e55Bc832b857d8dE55FF0f0D0B28,0xd662fA474C0A1346a26374bb4581D1F6D3Fb2d94,0xa0DD8E6c5440a424cD19f5Ec30F8fa485E814247,0x618D64611aF0a80F77472051077F488f12004daa,
0xd52f3bb069cc6c1eefb6dbda81d6051a060c8ef8b6262bc38f9fb180807d3d70,0xC864C34B7313e55Bc832b857d8dE55FF0f0D0B28,0xa0DD8E6c5440a424cD19f5Ec30F8fa485E814247,0x850B57Fa5E6cf7dD624aC9287a2C7c79b342D7A8,0xEce59074f2A430185876505716b4AD8b54b3766A,0x6C65fB326e7734Ba5508b5d043718288b43b9ed9,0xc22aC94fA7cD5c40a8490DfcFDE91081416Fc0b8,0xD425333DD22B049f143522e519a06462c633F37a,0xa15Ca74e65bf72730811ABF95163E89aD9b9DFF6,0xbE278527D392Ebb1cBe4818b95d984Ff0a773d73,0xd662fA474C0A1346a26374bb4581D1F6D3Fb2d94,
0x142cc117e182fce95ce535e7fa3b69b2dfc44f2b26d4ffcf2fb5b7b873538811,0x57757E3D981446D585Af0D9Ae4d7DF6D64647806,0x618D64611aF0a80F77472051077F488f12004daa,0x3C9F71Ae57FEA4a2E38C9d413705Ed1FDcD9e3Da,0xa0DD8E6c5440a424cD19f5Ec30F8fa485E814247,0xc22aC94fA7cD5c40a8490DfcFDE91081416Fc0b8,0xd662fA474C0A1346a26374bb4581D1F6D3Fb2d94,0x5398850A9399Da87624874704FEAa8A9C6C4089B,
0x622f87f0d4cfedb424ad19181d590dc67798d1c13e5c507995db97306b274689,0xbE278527D392Ebb1cBe4818b95d984Ff0a773d73,0x6C65fB326e7734Ba5508b5d043718288b43b9ed9,0xe24deCD513651aE981fE5470999564CC29a10af0,0xd662fA474C0A1346a26374bb4581D1F6D3Fb2d94,0x4444444477Eb5fe6D1D42E98E97D9c4C03A57F99,0x618D64611aF0a80F77472051077F488f12004daa,0xa0DD8E6c5440a424cD19f5Ec30F8fa485E814247,
0xb788c835a11554a3b001b802e7ca6acb48abbb23027a256e73ea4b93d444d37a,0xbE278527D392Ebb1cBe4818b95d984Ff0a773d73,0xe24deCD513651aE981fE5470999564CC29a10af0,0x4444444477Eb5fe6D1D42E98E97D9c4C03A57F99,0x6d9ABa400a2a487a5Fb76c6d56518835553CD284,0x618D64611aF0a80F77472051077F488f12004daa,0xd662fA474C0A1346a26374bb4581D1F6D3Fb2d94,0x6C65fB326e7734Ba5508b5d043718288b43b9ed9,0xc22aC94fA7cD5c40a8490DfcFDE91081416Fc0b8,0xa0DD8E6c5440a424cD19f5Ec30F8fa485E814247,
0x33b4e50782938ffa7be3cba224aa86faf4d66d1822b786ef4ac7a0248a1b8928,0xa15Ca74e65bf72730811ABF95163E89aD9b9DFF6,0x850B57Fa5E6cf7dD624aC9287a2C7c79b342D7A8,0x6C65fB326e7734Ba5508b5d043718288b43b9ed9,0xbE278527D392Ebb1cBe4818b95d984Ff0a773d73,0x8C991297440a79358BD864902E704ecC815eac81,0xafCD4572408b322adA9890253a7A42A9Fa4C2E40,0x618D64611aF0a80F77472051077F488f12004daa,0xF15A780336068B58997bFd4640F008349c27636C,0x9865509886dc2A5E707AF21Ab56743e64Ab1115D,0xc22aC94fA7cD5c40a8490DfcFDE91081416Fc0b8,0x7AeD3163fb1b705423175e3c2Fa1d58Aa638EFA0,0xd662fA474C0A1346a26374bb4581D1F6D3Fb2d94,0xa0DD8E6c5440a424cD19f5Ec30F8fa485E814247,
0x7fae943ac5792633b1c4d5de03ec9d24b67fa41a044fd0cf5af88b2f3ed46925,0xa15Ca74e65bf72730811ABF95163E89aD9b9DFF6,0x6C65fB326e7734Ba5508b5d043718288b43b9ed9,0x850B57Fa5E6cf7dD624aC9287a2C7c79b342D7A8,0xbE278527D392Ebb1cBe4818b95d984Ff0a773d73,0x618D64611aF0a80F77472051077F488f12004daa,0xF15A780336068B58997bFd4640F008349c27636C,0xa0DD8E6c5440a424cD19f5Ec30F8fa485E814247,0xB6DaCFC9e6443F2546E9285BA4AE6359cDc20727,0x7AeD3163fb1b705423175e3c2Fa1d58Aa638EFA0,0xd662fA474C0A1346a26374bb4581D1F6D3Fb2d94,
0xa90975eb64872e5332a1e0700ff99d829161e95ca08eeb4223a149454934ca6b,0xbE278527D392Ebb1cBe4818b95d984Ff0a773d73,0x618D64611aF0a80F77472051077F488f12004daa,0xF15A780336068B58997bFd4640F008349c27636C,0xd662fA474C0A1346a26374bb4581D1F6D3Fb2d94,0x7AeD3163fb1b705423175e3c2Fa1d58Aa638EFA0,0xc22aC94fA7cD5c40a8490DfcFDE91081416Fc0b8,0xa0DD8E6c5440a424cD19f5Ec30F8fa485E814247,
QmWRZLpRaGsYqEHFGisi6YPQuWsat4A5DKZ4jmKzAY9tUG,0xD425333DD22B049f143522e519a06462c633F37a,0xc22aC94fA7cD5c40a8490DfcFDE91081416Fc0b8,0x850B57Fa5E6cf7dD624aC9287a2C7c79b342D7A8,0xa0DD8E6c5440a424cD19f5Ec30F8fa485E814247,0x7AeD3163fb1b705423175e3c2Fa1d58Aa638EFA0,
QmZDspZxRhowcdxhQxacEmHQ5ijWVqb4gRiNqnTE6LbWbz,0xD425333DD22B049f143522e519a06462c633F37a,0x7AeD3163fb1b705423175e3c2Fa1d58Aa638EFA0,0xafCD4572408b322adA9890253a7A42A9Fa4C2E40,0x850B57Fa5E6cf7dD624aC9287a2C7c79b342D7A8,0xc22aC94fA7cD5c40a8490DfcFDE91081416Fc0b8,0xd662fA474C0A1346a26374bb4581D1F6D3Fb2d94,0x8C991297440a79358BD864902E704ecC815eac81,0x618D64611aF0a80F77472051077F488f12004daa,0xa0DD8E6c5440a424cD19f5Ec30F8fa485E814247,0x6C65fB326e7734Ba5508b5d043718288b43b9ed9,
QmaCnBa9rUF63VFnFTLgRnYCPDaPWp3AispZP8eoCvhaXH,0xFAfD1d1d502bA454A5Fb3d89EDe92A45BF8D8D8f,0xa0DD8E6c5440a424cD19f5Ec30F8fa485E814247,0x3C9F71Ae57FEA4a2E38C9d413705Ed1FDcD9e3Da,0xC746A92f997333841ADF686253Eb77441D9868f4,0x5398850A9399Da87624874704FEAa8A9C6C4089B,0x850B57Fa5E6cf7dD624aC9287a2C7c79b342D7A8,0x9865509886dc2A5E707AF21Ab56743e64Ab1115D,0xB3e8D332eF4730E6E6d37bA9885EDD515506B19f,0xc22aC94fA7cD5c40a8490DfcFDE91081416Fc0b8,0xd662fA474C0A1346a26374bb4581D1F6D3Fb2d94,0x8C991297440a79358BD864902E704ecC815eac81,0x6C65fB326e7734Ba5508b5d043718288b43b9ed9,0x618D64611aF0a80F77472051077F488f12004daa,
QmdhTaHYKxxZ3AVo8AR2cpjrDhjzwjwxDFbUdGen3nzaNz,0xEce59074f2A430185876505716b4AD8b54b3766A,0xa0DD8E6c5440a424cD19f5Ec30F8fa485E814247,0xd662fA474C0A1346a26374bb4581D1F6D3Fb2d94,0x6C65fB326e7734Ba5508b5d043718288b43b9ed9,0x4444444477Eb5fe6D1D42E98E97D9c4C03A57F99,0xC746A92f997333841ADF686253Eb77441D9868f4,
QmQuQt7Bopre7DnmB5vUF2ncdeRWQZ1gjTDgJr6ga6gZTn,0x850B57Fa5E6cf7dD624aC9287a2C7c79b342D7A8,0x646159d20abE8e1fa0F1d7079fdf121Acf4c9e68,0x9865509886dc2A5E707AF21Ab56743e64Ab1115D,0xBf7dB386bA18184b91D2B98E13F25dDEbc096f1C,0x99390BAc1919423b87E8a8517EBF396866745c72,0x7a15866aFfD2149189Aa52EB8B40a8F9166441D9,0xbE278527D392Ebb1cBe4818b95d984Ff0a773d73,0xd662fA474C0A1346a26374bb4581D1F6D3Fb2d94,0x7AeD3163fb1b705423175e3c2Fa1d58Aa638EFA0,0x618D64611aF0a80F77472051077F488f12004daa,0xC746A92f997333841ADF686253Eb77441D9868f4,0x8C991297440a79358BD864902E704ecC815eac81,0xc22aC94fA7cD5c40a8490DfcFDE91081416Fc0b8,0xa0DD8E6c5440a424cD19f5Ec30F8fa485E814247,0xa15Ca74e65bf72730811ABF95163E89aD9b9DFF6,0x6C65fB326e7734Ba5508b5d043718288b43b9ed9,
QmUfMLH6Xi1AVh8D3ff7dy3GRc1tkxgBTLZe9SZWEHiQTh,0x618D64611aF0a80F77472051077F488f12004daa,
QmR3aZUH7EDzLBmdoW5wLWuBi5cdygcnxf6L7uKAQdbMkg,0x7AeD3163fb1b705423175e3c2Fa1d58Aa638EFA0,0xa0DD8E6c5440a424cD19f5Ec30F8fa485E814247,0x225CAcF03Ba45eF8adA629dbCc032643C07F26ac,0xa15Ca74e65bf72730811ABF95163E89aD9b9DFF6,0x6C65fB326e7734Ba5508b5d043718288b43b9ed9,
