1563106093,ExpiredInQueue,0,75550,Fail,0,250,0,980000
1563106547,ExpiredInQueue,64180,359299,Fail,1000,13980,0.07153075822603719599427753934191702,980000
1563106698,Executed,179307,149465,Pass,6500,2165,3.00230946882217090069284064665127,980000
1563113243,ExpiredInQueue,210,130434,Fail,0,11476,0,980000
1563115710,ExpiredInQueue,0,168150,Fail,0,20750,0,980000
1563321116,ExpiredInQueue,390,109025,Fail,0,5077,0,957506
1564075125,ExpiredInQueue,2157,365264,Fail,0,1093,0,953748
1564079541,Executed,219640,0,Pass,1714,500,3.42944,953662
1564127076,Executed,226559,36,Pass,3583,500,7.166,950370
1564163232,Executed,288933,0,Pass,1415,250,5.66308,937641
1564163269,Executed,134969,0,Pass,1812,500,3.6256,937641
1564216676,Executed,194722,0,Pass,2216,500,4.43216,920551
1564548917,Executed,226710,0,Pass,1350,250,5.4,913347
1564613416,ExpiredInQueue,117,79658,Fail,10,350,0.02857142857142857142857142857142857,909391
1564614271,Executed,191665,0,Pass,401,250,1.604,909391
1565614286,Executed,112898,0,Pass,9967,250,39.868,908772
1565719947,Executed,145332,0,Pass,1000,500,2,937189
1565720114,Executed,140788,922,Pass,1900,500,3.8,937189
1565720286,Executed,155216,10155,Pass,2000,500,4,937189
1565811481,Executed,133613,0,Pass,1000,250,4,937189
1568039756,Executed,268098,31842,Pass,1999,750,2.666133333333333333304,1032189
1584204051,Executed,300463,0,Pass,1350,250,5.4,1025054
1584204424,Executed,297181,0,Pass,1350,250,5.4,1021771
1584204622,ExpiredInQueue,0,226599,Fail,0,250,0,1021771
1584204664,Executed,294030,0,Pass,1350,250,5.4,1018620
1584205282,ExpiredInQueue,0,213288,Fail,0,250,0,1008460
1584207183,ExpiredInQueue,0,156275,Fail,0,250,0,1008460
1584207292,ExpiredInQueue,0,65463,Fail,0,250,0,1008460
1584207315,ExpiredInQueue,0,65463,Fail,0,250,0,1008460
1584207396,ExpiredInQueue,0,156275,Fail,0,250,0,1008460
1584207401,ExpiredInQueue,0,156275,Fail,0,250,0,1008460
1584207482,ExpiredInQueue,0,65463,Fail,0,250,0,1008460
1584207501,ExpiredInQueue,0,65463,Fail,0,250,0,1008460
1584208188,Executed,251374,0,Pass,1500,250,6,1008460
1584208221,Executed,251374,0,Pass,1500,250,6,1008460
1584208273,Executed,251374,0,Pass,1500,250,6,1008460
1584208291,Executed,251374,0,Pass,1500,250,6,1008460
1584208352,Executed,251374,0,Pass,1300,250,5.2,1008460
1584208422,Executed,251374,0,Pass,1500,250,6,1008460
1584353917,Executed,192968,0,Pass,747,250,2.988,932894
1584359863,Executed,171552,0,Pass,750,250,3,932894
1585328499,Executed,281881,0,Pass,1881,250,7.524400000000000090948,986292
1586104197,Executed,286234,0,Pass,1000,250,4,981405
1586549866,Executed,281998,0,Pass,3690,250,14.76,978377
1586710522,Executed,237416,75607,Pass,1543,250,6.175120000000000004548,975778
1586869437,Executed,305916,0,Pass,1000,250,4,976168
1586894069,Executed,240715,0,Pass,1000,250,4,982229
1587018465,Executed,292034,0,Pass,1000,250,4,978776
1587150518,Executed,301926,0,Pass,2000,250,8,975514
1587158011,Executed,272599,0,Pass,1000,250,4,975383
1587453138,ExpiredInQueue,0,8290,Fail,0,250,0,980039
1587453314,ExpiredInQueue,0,8290,Fail,0,250,0,980039
1587453573,ExpiredInQueue,22380,0,Fail,0,250,0,980039
1587471364,Executed,321519,0,Pass,3000,250,12,980039
1587561332,Executed,58803,8290,Pass,813,250,3.255400000000000090948,978836
1587584653,ExpiredInQueue,13526,61346,Fail,0,250,0,978606
1587584894,ExpiredInQueue,0,61346,Fail,0,250,0,978606
1587585831,Executed,245733,0,Pass,1000,250,4,978606
1587733501,Executed,258217,0,Pass,2260,250,9.04,986648
1587853298,Executed,310691,0,Pass,2000,250,8,991609
1587942537,Executed,283129,0,Pass,2000,250,8,986714
1588078775,Executed,275114,0,Pass,1520,250,6.08,990302
1588082340,Executed,284027,0,Pass,2000,250,8,990302
1588142264,ExpiredInQueue,13145,0,Fail,1100,4000,0.275,981380
1588202908,Executed,284254,0,Pass,2320,250,9.28,1015605
1588217676,ExpiredInQueue,0,22355,Fail,0,2250,0,1015605
1588284801,Executed,319903,0,Pass,2000,250,8,1038635
1588398853,Executed,319891,0,Pass,2000,250,8,1038740
1588428766,Executed,381812,0,Pass,700,250,2.8,1039243
1588781630,Executed,170323,0,Pass,760,250,3.04,1034862
1588808481,Executed,157703,0,Pass,260,250,1.04,1038289
1588812145,Executed,302764,0,Pass,300,250,1.2,1038289
1588850096,Executed,320781,0,Pass,940,250,3.76,1046261
1588931211,ExpiredInQueue,0,0,Fail,0,1000,0,1049931
1588959614,Executed,318165,0,Pass,3000,1000,3,1050431
1588959829,Executed,318165,0,Pass,3000,1000,3,1050431
1588960099,Executed,322041,0,Pass,3000,1000,3,1050431
1588960202,Executed,322248,0,Pass,2400,1000,2.4,1050431
1589104136,Executed,319096,0,Pass,2500,250,10,1047696
1589207154,Executed,323608,0,Pass,500,250,2,1051195
1589240131,ExpiredInQueue,0,84733,Fail,0,1000,0,1072911
1589240419,ExpiredInQueue,0,84733,Fail,0,1000,0,1072911
1589240816,Executed,271280,0,Pass,3875,1000,3.875,1072911
1589244174,Executed,340840,0,Pass,1400,250,5.6,1069490
1589244536,Executed,311552,0,Pass,400,250,1.6,1069490
1589313867,Executed,352742,0,Pass,1500,250,6,1064882
1589317004,Executed,342156,0,Pass,1500,250,6,1062331
1589327241,Executed,71639,0,Pass,1500,250,6,1060731
1589351253,Executed,338527,0,Pass,1500,250,6,1060731
1589351550,Executed,349507,0,Pass,1500,250,6,1060731
1589419029,Executed,129307,6200,Pass,1800,250,7.2,1050099
1589499589,ExpiredInQueue,0,1689,Fail,0,250,0,1049540
1589551148,Executed,100447,0,Pass,1100,250,4.4,1049540
1589583459,Executed,68930,0,Pass,2000,250,8,1051609
1589716518,Executed,13080,0,Pass,1530,250,6.12,1054515
1589727372,ExpiredInQueue,0,0,Fail,2000,2559,0.7815552950371238765142633841344275,1054515
1589771860,ExpiredInQueue,1847,0,Fail,2250,628,3.582802547770700636942675159235669,1054432
1589820560,ExpiredInQueue,126408,69155,Fail,12950,5302,2.442437684833122076626220817647944,1054358
1589843172,Executed,75078,0,Pass,4000,250,16,1054003
1589864312,Executed,22989,0,Pass,450,250,1.8,1054003
1589883607,ExpiredInQueue,0,19007,Fail,0,250,0,1051496
1589906273,ExpiredInQueue,7477,0,Fail,6500,2698,2.409191994069681245366938472942921,1050873
1589929666,ExpiredInQueue,0,0,Fail,0,375,0,1047741
1589935630,ExpiredInQueue,0,0,Fail,0,250,0,1048867
1589947752,Executed,62454,0,Pass,2058,250,8.232,1048867
1589952023,Executed,40503,0,Pass,1000,250,4,1048867
1589957955,ExpiredInQueue,0,678,Fail,0,250,0,1048268
1589968491,ExpiredInQueue,0,0,Fail,0,350,0,1048189
1589996532,Executed,70850,0,Pass,1860,250,7.44,1047231
1589999695,ExpiredInQueue,0,0,Fail,0,250,0,1047086
1590006076,ExpiredInQueue,0,0,Fail,918,556,1.651079136690647482014388489208633,1046966
1590044201,ExpiredInQueue,0,0,Fail,0,1000,0,1120262
1590066425,Executed,607548,0,Pass,300,250,1.2,1163317
1590125256,Executed,106923,0,Pass,500,250,2,1155290
1590382323,ExpiredInQueue,26914,0,Fail,51,250,0.204,1162745
1590452508,ExpiredInQueue,0,0,Fail,0,250,0,1179736
1590553329,Executed,264518,13443,Pass,1000,250,4,1202876
1590605065,Executed,4321,0,Pass,1100,1000,1.1,1202876
1590705230,ExpiredInQueue,0,0,Fail,1000,834,1.199040767386091127098321342925659,1205758
1590705460,Executed,252544,0,Pass,2200,250,8.8,1205758
1590866328,Executed,123614,0,Pass,260,250,1.04,1206973
1590900478,Executed,274487,13443,Pass,433,250,1.732,1206631
1590996082,Executed,135811,0,Pass,500,50,10,1206463
1590997915,Executed,282389,0,Pass,2400,250,9.6,1206463
1591155139,Executed,62307,0,Pass,1000,250,4,1197365
1591210819,Executed,126317,0,Pass,150,50,3,1204569
1591323055,Executed,114347,0,Pass,500,50,10,1204569
1591357005,Executed,87347,0,Pass,60,50,1.2,1204570
1591506548,Executed,50210,0,Pass,400,150,2.666666666666666666666666666666667,1205775
1591560363,ExpiredInQueue,0,0,Fail,500,750,0.6666666666666666666666666666666667,1205775
1591563734,Executed,5002,0,Pass,500,250,2,1210519
1591614353,Executed,224334,0,Pass,70,50,1.4,1210319
1591722385,Executed,103951,0,Pass,100,50,2,1216084
1591789833,Executed,91982,0,Pass,100,50,2,1216095
1592000632,Executed,186594,0,Pass,1000,250,4,1216815
1592256879,ExpiredInQueue,9946,0,Fail,51,1050,0.04857142857142857142857142857142857,1225570
1592313746,Executed,138463,0,Pass,2000,250,8,1225470
1592476230,Executed,6116,0,Pass,250,150,1.666666666666666666666666666666667,1222791
1592488019,Executed,5012,0,Pass,300,50,6,1222791
1592523075,Executed,1652,16990,Fail,1510,150,10.06666666666666666666666666666667,1222694
1592856174,Executed,5993,0,Pass,250,50,5,1223939
1592922373,Executed,16699,0,Pass,1500,150,10,1223939
1593010418,Executed,181065,0,Pass,1500,250,6,1223939
1593010469,Executed,18159,0,Pass,200,150,1.333333333333333333333333333333333,1223939
1593015844,Executed,181065,0,Pass,1500,250,6,1223939
1593058921,Executed,81779,0,Pass,1500,250,6,1216371
1593119195,Executed,17291,0,Pass,160,50,3.2,1216364
1593119421,Executed,16699,0,Pass,60,50,1.2,1216364
1593119942,Executed,17291,0,Pass,310,50,6.2,1216364
1593120176,Executed,17291,0,Pass,60,50,1.2,1216364
1593125834,ExpiredInQueue,0,0,Fail,0,250,0,1216364
1593280616,Executed,60565,0,Pass,500,150,3.333333333333333333333333333333333,1216537
1593285629,Executed,16532,0,Pass,500,250,2,1216537
1593323987,Executed,105770,0,Pass,500,250,2,1216537
1593448551,Executed,245256,24579,Pass,750,250,3,1216722
1593533312,ExpiredInQueue,12441,5751,Fail,1000,902,1.108647450110864745011086474501109,1214977
1593745903,ExpiredInQueue,0,0,Fail,0,250,0,1213770
1593803352,Executed,22807,0,Pass,70,50,1.4,1226542
1593943716,Executed,212895,0,Pass,400,250,1.6,1226795
1593946346,Executed,17466,0,Pass,70,50,1.4,1226795
1593998942,Executed,244999,0,Pass,1000,250,4,1236855
1594010653,Executed,245571,0,Pass,1000,250,4,1239168
1594030763,Executed,17476,55051,Fail,1000,400,2.5,1239168
1594073654,Executed,208710,0,Pass,1750,250,7,1236334
1594074200,Executed,220098,0,Pass,2500,250,10,1236334
1594129003,Executed,232348,0,Pass,1800,250,7.2,1232040
1594193060,Executed,182751,0,Pass,2000,250,8,1228092
1594214275,Executed,214439,0,Pass,2246,250,8.984,1228092
1594226830,ExpiredInQueue,0,0,Fail,0,5000,0,1228092
1594226998,Executed,182751,0,Pass,1500,250,6,1228092
1594233637,Executed,182298,0,Pass,3000,250,12,1228092
1594271873,ExpiredInQueue,0,0,Fail,0,250,0,1228092
1594275261,Executed,198969,0,Pass,1500,250,6,1228092
1594275264,ExpiredInQueue,0,0,Fail,0,250,0,1228092
1594292450,Executed,210939,0,Pass,2500,250,10,1228092
1594407694,Executed,197573,0,Pass,2400,250,9.6,1226243
1594417931,Executed,5293,0,Pass,500,150,3.333333333333333333333333333333333,1226225
1594563902,ExpiredInQueue,0,0,Fail,0,250,0,1227183
1594568176,ExpiredInQueue,2490,0,Fail,3000,3000,1,1227183
1594814388,Executed,17486,0,Pass,570,50,11.4,1227083
1594814672,Executed,17486,0,Pass,70,50,1.4,1227083
1594820272,Executed,29105,0,Pass,200,50,4,1226734
1594820295,Executed,29105,0,Pass,200,50,4,1226734
1594846008,ExpiredInQueue,0,0,Fail,250,300,0.8333333333333333333333333333333333,1226734
1594932300,Executed,60780,0,Pass,300,150,2,1228391
1594977060,Executed,21064,0,Pass,745,250,2.980559999999999945432,1229391
1595240907,ExpiredInQueue,0,0,Fail,0,250,0,1246903
1595255748,ExpiredInQueue,0,0,Fail,0,50,0,1246903
1595497355,ExpiredInQueue,0,0,Fail,0,250,0,1247421
1595500937,ExpiredInQueue,0,0,Fail,0,250,0,1247421
1595515912,Executed,5293,0,Pass,400,150,2.666666666666666666666666666666667,1247421
1595761859,ExpiredInQueue,0,0,Fail,260,350,0.7426449585832619251515113688903183,1258471
1596101635,Executed,5293,0,Pass,300,150,2,1258471
1596446730,ExpiredInQueue,0,0,Fail,0,50,0,1260987
1596454880,Executed,111178,0,Pass,2000,250,8,1260987
1596457286,ExpiredInQueue,0,87200,Fail,60,60,1,1260987
1596458469,Executed,92266,0,Pass,260,250,1.04,1260987
1596484949,Executed,16793,0,Pass,70,50,1.4,1260115
1596595895,Executed,66101,0,Pass,500,150,3.333333333333333333333333333333333,1261328
1596619949,Executed,101176,0,Pass,600,250,2.4,1261328
1596737893,Executed,75472,0,Pass,432,250,1.728,1261328
1596737893,Executed,20506,0,Pass,519,250,2.076,1261328
1597177675,Executed,66101,0,Pass,400,50,8,1265838
1597237221,Executed,2250,0,Pass,519,250,2.076,1265838
1597353475,Executed,187267,0,Pass,3000,250,12,1265838
1597683138,ExpiredInQueue,0,0,Fail,151,151,1,1269419
1597685995,Executed,66101,0,Pass,151,150,1.006666666666666666666666666666667,1269419
1597693230,Executed,197586,0,Pass,1000,250,4,1269419
1597705002,Executed,66121,0,Pass,500,150,3.333333333333333333333333333333333,1269419
1597854593,ExpiredInQueue,3190,30568,Fail,4580,4800,0.9541666666666666666666666666666667,1272020
1597983934,Executed,15704,0,Pass,51,50,1.02,1289845
1598128341,Executed,150659,0,Pass,310,250,1.24,1289845
1598131247,Executed,158375,0,Pass,370,250,1.48,1289845
1598369286,Executed,150659,0,Pass,360,250,1.44,1297845
1598398976,Executed,150659,0,Pass,1350,250,5.4,1297845
1598503292,Executed,176996,0,Pass,1000,250,4,1297845
1598517470,Executed,6740,0,Pass,51,50,1.02,1297845
1598523288,Executed,150659,0,Pass,1500,250,6,1297845
1598616513,Executed,18516,0,Pass,1000,250,4,1292294
1598620221,Executed,26232,0,Pass,1750,250,7,1292294
1598636101,Executed,26232,0,Pass,1746,250,6.986,1292294
1598658884,Executed,26232,0,Pass,1747,250,6.988,1292294
1598659461,Executed,257774,0,Pass,1000,250,4,1292294
1598895646,ExpiredInQueue,0,0,Fail,0,50,0,1290072
1599159450,Executed,151348,0,Pass,1300,250,5.2,1290072
1599245572,Executed,259370,0,Pass,2500,250,10,1295289
1599263759,Executed,248769,0,Pass,2250,250,9,1299034
1599409443,Executed,154441,0,Pass,1000,250,4,1303034
1599411800,Executed,263115,0,Pass,1000,250,4,1304034
1599411901,Executed,271115,0,Pass,1000,250,4,1304034
1599412285,Executed,154441,0,Pass,1000,250,4,1304034
1599464658,Executed,113432,0,Pass,1432,250,5.728,1285806
1599465656,Executed,113432,0,Pass,1790,250,7.16,1285806
1599588882,Executed,287246,0,Pass,3000,250,12,1282907
1599616038,Executed,295726,0,Pass,3000,250,12,1287342
1599616167,Executed,295726,0,Pass,3000,250,12,1287342
1599616550,Executed,311600,0,Pass,2800,250,11.2,1287342
1599616616,Executed,196744,0,Pass,2800,250,11.2,1287342
1599657433,Executed,188550,0,Pass,3331,250,13.324,1287028
1599708920,Executed,199648,0,Pass,3000,250,12,1256346
1599709065,Executed,192275,0,Pass,3000,250,12,1256346
1599709600,Executed,85099,0,Pass,4000,250,16,1256346
1599736361,Executed,20077,0,Pass,150,50,3,1256346
1599756460,Executed,348225,0,Pass,3000,250,12,1256145
1599757234,Executed,19496,0,Pass,100,50,2,1256145
1600143432,Executed,137256,0,Pass,2300,250,9.2,1246092
1600211783,Executed,138139,0,Pass,2500,250,10,1246974
1600212075,Executed,138139,0,Pass,1500,250,6,1246974
1600212206,Executed,138139,0,Pass,1500,250,6,1246974
1600221259,Executed,12075,0,Pass,500,50,10,1246974
1600300878,Executed,191718,0,Pass,5000,250,20,1246527
1600463768,Executed,150084,0,Pass,3000,250,12,1247027
1600627826,Executed,140808,0,Pass,4500,250,18,1266350
1600640791,Executed,223143,0,Pass,1600,250,6.4,1266350
1600641644,Executed,203879,0,Pass,3000,250,12,1266350
1600698910,Executed,24302,0,Pass,400,50,8,1268421
1600703756,Executed,216438,0,Pass,3000,250,12,1268421
1600720312,Executed,236321,0,Pass,3500,250,14,1273163
1600742424,Executed,236092,0,Pass,3000,250,12,1289300
1600909924,Executed,230602,0,Pass,1600,250,6.4,1300449
1600954588,Executed,24320,0,Pass,100,50,2,1300946
1600956260,ExpiredInQueue,0,0,Fail,0,50,0,1300946
1600958037,ExpiredInQueue,0,0,Fail,0,50,0,1300946
1601046128,ExpiredInQueue,0,0,Fail,870,250,3.48,1345150
1601046652,Executed,266783,0,Pass,1000,250,4,1345150
1601257349,Executed,67602,0,Pass,500,150,3.333333333333333333333333333333333,1354495
1601311673,Executed,281759,0,Pass,2500,250,10,1354495
1601322546,Executed,266616,0,Pass,2000,250,8,1354495
1601405168,Executed,266616,0,Pass,1950,250,7.8,1354495
1601414754,Executed,252634,0,Pass,1500,250,6,1360170
1601446203,Executed,294043,0,Pass,1000,250,4,1361143
1601482348,Executed,271467,0,Pass,1519,250,6.076,1360240
1601484390,Executed,271467,0,Pass,2000,250,8,1360240
1601515421,Executed,48947,0,Pass,1000,150,6.666666666666666666666666666666667,1360407
1601586635,Executed,107977,0,Pass,800,150,5.333333333333333333333333333333333,1358772
1601799781,Executed,258451,0,Pass,2000,250,8,1361198
1601913520,Executed,20488,0,Pass,150,50,3,1359811
1601939684,Executed,56124,0,Pass,1400,250,5.6,1359811
1601940075,Executed,27308,0,Pass,1400,250,5.6,1359811
1602046050,Executed,37340,0,Pass,3500,250,14,1358812
1602407536,Executed,35223,0,Pass,1000,250,4,1370840
1602573780,Executed,8503,0,Pass,100,50,2,1372174
1602611274,ExpiredInQueue,0,0,Fail,1750,1250,1.4,1372830
1602821154,Executed,245401,0,Pass,2000,250,8,1374829
1602835738,Executed,161048,0,Pass,3000,250,12,1374829
1602934376,Executed,68601,0,Pass,300,50,6,1375288
1602979934,Executed,189923,0,Pass,1000,250,4,1375288
1603111462,Executed,8418,0,Pass,100,50,2,1379887
1603113772,Executed,8418,0,Pass,200,50,4,1379887
1603114263,Executed,8418,0,Pass,300,50,6,1379887
1603114522,Executed,8418,0,Pass,400,50,8,1379887
1603121184,Executed,8418,0,Pass,200,150,1.333333333333333333333333333333333,1379887
1603128832,Executed,152488,0,Pass,1000,250,4,1379887
1603263007,Executed,10123,0,Pass,500,150,3.333333333333333333333333333333333,1379803
1603328676,Executed,234633,0,Pass,1118,250,4.473559999999999945432,1380013
1603359409,Executed,103314,0,Pass,1000,250,4,1380013
1603391516,Executed,161530,0,Pass,1000,250,4,1380013
1603408874,Executed,161530,0,Pass,1500,250,6,1380013
1603409752,Executed,224214,0,Pass,1000,250,4,1380013
1603708352,Executed,125601,0,Pass,1000,250,4,1366178
1603743484,Executed,120908,0,Pass,2250,250,9,1366106
1603743834,Executed,209379,0,Pass,2891,250,11.565480000000000018188,1366106
1603744484,Executed,120908,0,Pass,2250,250,9,1366106
1603744995,Executed,87562,0,Pass,2000,250,8,1366106
1603769201,Executed,10333,0,Pass,500,150,3.333333333333333333333333333333333,1366106
1603824514,Executed,87562,0,Pass,2000,250,8,1364112
1603832700,Executed,103314,0,Pass,2000,250,8,1364112
1603869027,ExpiredInQueue,0,0,Fail,0,50,0,1364112
1603938425,Executed,209379,0,Pass,2000,250,8,1364612
1603947730,Executed,228132,0,Pass,2500,250,10,1364612
1604079833,Executed,8204,0,Pass,150,50,3,1365112
1604172159,Executed,212880,0,Pass,3000,250,12,1366112
1604265871,Executed,209879,0,Pass,1750,250,7,1369293
1604267317,Executed,192418,0,Pass,2000,250,8,1369293
1604310085,Executed,115320,0,Pass,2500,250,10,1369793
1604354595,Executed,101000,0,Pass,2500,250,10,1370293
1604360981,Executed,25665,0,Pass,2800,250,11.2,1369405
1604500956,Executed,17961,0,Pass,1100,250,4.4,1370296
1604523747,Executed,8204,0,Pass,150,50,3,1370296
1604576438,Executed,134825,0,Pass,1101,250,4.404400000000000000356,1375296
1604592140,Executed,25665,0,Pass,2570,250,10.28,1375276
1604709886,Executed,23010,0,Pass,2000,250,8,1401617
1604949006,Executed,30975,0,Pass,250,150,1.666666666666666666666666666666667,1401617
1605042741,Executed,93611,0,Pass,1000,250,4,1401533
1605044135,Executed,23510,0,Pass,1000,250,4,1402033
1605240189,Executed,19212,0,Pass,100,50,2,1405879
1605251401,Executed,30219,0,Pass,500,50,10,1405879
1605251651,Executed,29533,0,Pass,100,50,2,1405879
1605514756,Executed,94591,0,Pass,900,250,3.6,1409784
1605551654,Executed,8380,0,Pass,150,50,3,1409784
1605588587,Executed,90706,0,Pass,400,250,1.6,1409700
1605593546,Executed,42543,0,Pass,750,250,3,1409700
1605630696,Executed,8297,0,Pass,200,50,4,1409700
1605658515,Executed,113625,0,Pass,900,250,3.6,1409681
1605714359,ExpiredInQueue,423,0,Fail,1750,3750,0.4666666666666666666666666666666667,1409643
1605714858,Executed,157576,12678,Pass,800,250,3.2,1409643
1605745726,Executed,113554,0,Pass,800,250,3.2,1409609
1605759943,Executed,94111,0,Pass,1500,250,6,1409594
1605765370,Executed,94485,0,Pass,1250,250,5,1409594
1605858288,Executed,255605,0,Pass,4000,250,16,1410979
1606066631,Executed,255605,0,Pass,1400,250,5.6,1410979
1606088027,Executed,8297,0,Pass,60,50,1.2,1410979
1606135796,Executed,8297,0,Pass,1500,250,6,1410979
1606137335,Executed,8297,0,Pass,1500,250,6,1410979
1606145970,Executed,8297,0,Pass,75,50,1.5,1410979
1606155096,Executed,39058,183558,Fail,1300,250,5.2,1410979
1606164442,Executed,8297,0,Pass,200,50,4,1410804
1606261835,Executed,239997,0,Pass,1100,250,4.4,1412075
1606331780,ExpiredInQueue,358,0,Fail,0,250,0,1412576
1606373355,Executed,30444,0,Pass,500,150,3.333333333333333333333333333333333,1412576
1606394101,Executed,191200,0,Pass,1194,250,4.776759999999999999788,1412576
1606404112,Executed,8376,0,Pass,1500,250,6,1412576
1606431612,ExpiredInQueue,2287,0,Fail,2000,1750,1.142857142857142857142857142857143,1412576
1606437702,Executed,102488,0,Pass,1750,250,7,1412484
1606484734,Executed,365574,0,Pass,2000,250,8,1412484
1606582630,Executed,19554,0,Pass,75,50,1.5,1409103
1606699371,Executed,28253,0,Pass,1290,250,5.16,1409662
1606700963,Executed,24887,0,Pass,1500,250,6,1409662
1606761482,Executed,157531,0,Pass,2600,250,10.4,1410162
1606762326,Executed,27876,0,Pass,1600,250,6.4,1410162
1606841049,ExpiredInQueue,0,0,Fail,0,250,0,1410162
1606844349,Executed,154165,0,Pass,2600,250,10.4,1410162
1606848942,Executed,48597,0,Pass,2200,250,8.8,1410162
1606943672,Executed,199879,0,Pass,3010,250,12.04,1410608
1606963893,Executed,153287,0,Pass,2500,250,10,1411608
1607080940,Executed,154115,0,Pass,1444,250,5.776,1414413
1607334713,Executed,7973,0,Pass,200,150,1.333333333333333333333333333333333,1421516
1607366127,Executed,7973,0,Pass,200,150,1.333333333333333333333333333333333,1421516
1607391557,Executed,114637,0,Pass,1250,250,5,1421516
1607458723,Executed,130121,0,Pass,2500,250,10,1424283
1607503277,Executed,18526,0,Pass,2000,250,8,1424283
1607555731,Executed,27263,0,Pass,896,250,3.584,1430738
1607625024,Executed,8304,0,Pass,150,50,3,1431516
1607632874,Executed,28606,0,Pass,500,150,3.333333333333333333333333333333333,1432016
1607968328,Executed,294162,216799,Pass,2000,250,8,1438001
1607975468,Executed,19650,0,Pass,65,50,1.3,1438001
1608001699,Executed,19150,0,Pass,75,50,1.5,1438001
1608047828,ExpiredInQueue,0,2195,Fail,0,250,0,1438001
1608072938,Executed,24510,0,Pass,200,150,1.333333333333333333333333333333333,1437833
1608116557,Executed,121019,0,Pass,600,250,2.4,1437833
1608203055,Executed,121019,0,Pass,500,150,3.333333333333333333333333333333333,1437833
1608209765,Executed,121019,0,Pass,1000,250,4,1437833
1608291523,Executed,46918,0,Pass,450,150,3,1440744
1608359287,Executed,74101,0,Pass,1500,250,6,1440744
1608411577,Executed,74101,0,Pass,500,150,3.333333333333333333333333333333333,1440994
1608515580,ExpiredInQueue,0,0,Fail,530,270,1.962962962962962962962962962962963,1440994
1608661009,Executed,24510,0,Pass,700,250,2.8,1441406
1608685359,Executed,24510,0,Pass,800,250,3.2,1441406
1608702935,Executed,4201,0,Pass,520,250,2.08,1441406
1608704862,Executed,12338,0,Pass,896,250,3.584,1441238
1608855157,Executed,24510,0,Pass,700,250,2.8,1443974
1609130125,Executed,59187,0,Pass,600,250,2.4,1443974
1609155753,Executed,24510,0,Pass,750,250,3,1446634
1609320197,Executed,59187,0,Pass,1200,250,4.8,1446634
1609365522,Executed,25312,0,Pass,900,250,3.6,1446634
1609658566,Executed,34677,0,Pass,2000,250,8,1446634
1609662418,Executed,24510,0,Pass,2000,250,8,1446634
1609737008,Executed,22408,0,Pass,1270,250,5.08,1446634
1609766880,Executed,67492,0,Pass,1650,250,6.6,1446634
1609835478,Executed,24510,0,Pass,1000,250,4,1446634
1609909873,Executed,12611,0,Pass,1205,250,4.82,1446634
1610084409,Executed,8304,0,Pass,2000,250,8,1450704
1610090875,Executed,12611,0,Pass,1500,250,6,1450704
1610139978,Executed,8304,0,Pass,2500,1000,2.5,1450704
1610363965,Executed,10912,0,Pass,1000,250,4,1450704
1610377921,Executed,12611,0,Pass,1000,250,4,1450704
1610429696,Executed,12611,0,Pass,2200,250,8.8,1454130
1610433252,Executed,8304,0,Pass,1500,250,6,1459452
1610494805,Executed,30712,0,Pass,2250,250,9,1459452
1610544179,Executed,8304,0,Pass,2400,250,9.6,1459280
1610651548,Executed,75101,0,Pass,1500,250,6,1462427
1610656953,Executed,4134,0,Pass,1350,250,5.4,1462427
1610662908,Executed,9152,0,Pass,60,50,1.2,1462427
1610737976,Executed,9152,0,Pass,350,250,1.4,1462457
1610750714,ExpiredInQueue,0,0,Fail,0,250,0,1462457
1610750842,Executed,9152,0,Pass,400,250,1.6,1462457
1610751054,Executed,9152,0,Pass,450,250,1.8,1462457
1610773161,Executed,22408,0,Pass,1700,250,6.8,1462457
1610776219,Executed,4134,0,Pass,1900,250,7.6,1462457
1610777628,Executed,133077,0,Pass,2500,250,10,1462457
1611019016,Executed,4134,0,Pass,3000,250,12,1462340
1611032257,Executed,22422,0,Pass,3300,250,13.2,1462340
1611439753,ExpiredInQueue,0,0,Fail,0,250,0,1464841
1611452129,Executed,7722,0,Pass,1000,250,4,1464841
1611615342,Executed,7722,0,Pass,60,50,1.2,1468279
1611661376,Executed,27312,0,Pass,1500,250,6,1468279
1611690695,Executed,75601,0,Pass,2000,250,8,1468279
1611773934,Executed,29832,0,Pass,1200,250,4.8,1468279
1611779576,Executed,90862,0,Pass,1000,250,4,1468279
1611779790,Executed,37554,0,Pass,500,250,2,1468279
1611829856,Executed,7722,0,Pass,151,150,1.006666666666666666666666666666667,1465144
1611847263,ExpiredInQueue,0,0,Fail,0,250,0,1465144
1611856209,Executed,29832,0,Pass,600,250,2.4,1465144
1611860606,Executed,7722,0,Pass,300,250,1.2,1465144
1611863936,ExpiredInQueue,0,0,Fail,0,250,0,1465144
1611967626,Executed,75601,0,Pass,2189,250,8.756,1465144
1612120882,Executed,7722,0,Pass,1690,250,6.76,1470545
1612127759,Executed,4634,0,Pass,2000,250,8,1470545
1612208002,Executed,25346,0,Pass,2315,250,9.26,1470545
1612252024,Executed,6942,0,Pass,747,250,2.988,1470545
1612280068,Executed,75601,0,Pass,2000,250,8,1470267
1612280644,Executed,75601,0,Pass,400,250,1.6,1470267
1612286605,Executed,75601,0,Pass,1890,250,7.56,1470267
1612326298,Executed,75601,0,Pass,1800,250,7.2,1470267
1612328863,Executed,75601,0,Pass,1100,250,4.4,1470267
1612471654,Executed,7644,0,Pass,800,150,5.333333333333333333333333333333333,1470190
1612472050,Executed,7644,0,Pass,183,150,1.22,1470190
1612486433,Executed,25346,0,Pass,2500,250,10,1470190
1612582306,Executed,25346,0,Pass,1200,250,4.8,1470190
1612609207,Executed,7644,0,Pass,1500,250,6,1470690
1612628703,Executed,7339,0,Pass,1500,250,6,1472826
1612705003,Executed,4535,0,Pass,1500,250,6,1473326
1612855450,Executed,25346,0,Pass,1500,250,6,1477461
1613065259,Executed,25346,0,Pass,1300,250,5.2,1480749
1613082643,Executed,32504,0,Pass,1550,250,6.2,1480749
1613090318,Executed,1311,0,Pass,2000,250,8,1480749
1613104830,Executed,32332,0,Pass,1860,250,7.44,1483749
1613413247,Executed,32332,0,Pass,1900,250,7.6,1491142
1613502638,Executed,129277,0,Pass,1600,250,6.4,1501093
1613514101,Executed,25346,0,Pass,1450,250,5.8,1501593
1613620648,Executed,90862,0,Pass,2000,250,8,1502093
1613679197,Executed,1000,0,Pass,500,250,2,1498458
1613703231,Executed,154311,0,Pass,1700,250,6.8,1498458
1613869798,Executed,154311,0,Pass,1400,250,5.6,1506829
1613914675,Executed,26034,0,Pass,2000,250,8,1505600
1613990547,Executed,27312,0,Pass,1400,250,5.6,1505560
1613995556,ExpiredInQueue,0,0,Fail,0,250,0,1505560
1614036488,Executed,107415,0,Pass,1500,250,6,1505560
1614067037,Executed,27181,0,Pass,1300,250,5.2,1504427
1614106076,Executed,7585,0,Pass,1300,250,5.2,1507718
1614224743,Executed,33332,0,Pass,1521,250,6.084,1511857
1614281969,Executed,33332,0,Pass,1200,250,4.8,1512357
1614318099,Executed,12558,0,Pass,1400,250,5.6,1512357
1614354555,Executed,27681,0,Pass,1500,250,6,1512357
1614357023,Executed,27312,0,Pass,600,250,2.4,1512357
1614454772,Executed,33332,0,Pass,2000,250,8,1516491
1614632797,Executed,33332,0,Pass,1200,250,4.8,1516491
1614750788,Executed,34332,0,Pass,1100,250,4.4,1517991
1614971499,Executed,34832,0,Pass,900,250,3.6,1519991
1615301291,Executed,3024,0,Pass,250,150,1.666666666666666666666666666666667,1530730
1615313644,Executed,500,0,Pass,575,250,2.3,1530730
1615389360,Executed,40873,0,Pass,400,250,1.6,1531533
1615404904,Executed,29315,0,Pass,500,250,2,1531533
1615629269,ExpiredInQueue,365,0,Fail,0,250,0,1539290
1615717470,Executed,70188,0,Pass,500,250,2,1539283
1615812995,Executed,40873,0,Pass,500,250,2,1539283
1616020323,Executed,29815,0,Pass,750,250,3,1539783
1616184217,Executed,30815,0,Pass,600,250,2.4,1540783
1616366769,Executed,71688,0,Pass,700,250,2.8,1540783
1616509129,Executed,30815,0,Pass,450,250,1.8,1540783
1616588153,Executed,40873,0,Pass,750,250,3,1540783
1616595438,Executed,119974,0,Pass,200,50,4,1540783
1616597313,Executed,79101,0,Pass,100,50,2,1540783
1616685498,Executed,163529,0,Pass,285,250,1.14,1541283
1616746647,Executed,40873,0,Pass,750,250,3,1541283
1616926569,Executed,12239,0,Pass,600,250,2.4,1542283
1616957610,Executed,12239,0,Pass,555,250,2.22,1542283
1617134959,Executed,12239,0,Pass,565,250,2.26,1542783
1617222441,Executed,12239,0,Pass,250,150,1.666666666666666666666666666666667,1542783
1617223231,Executed,12239,0,Pass,250,150,1.666666666666666666666666666666667,1542783
1617356724,Executed,79101,0,Pass,250,150,1.666666666666666666666666666666667,1542783
1617406966,Executed,32315,0,Pass,550,250,2.2,1543283
1617592442,Executed,32315,0,Pass,800,250,3.2,1543783
1617607021,ExpiredInQueue,0,0,Fail,0,250,0,1543783
1617825404,ExpiredInQueue,0,0,Fail,0,1000,0,1543783
1617957874,Executed,41873,0,Pass,350,250,1.4,1544275
1618149814,Executed,397,0,Pass,450,250,1.8,1544775
1618352578,Executed,33315,0,Pass,200,150,1.333333333333333333333333333333333,1545275
1618692193,Executed,167479,0,Pass,650,250,2.6,1545275
1619483564,Executed,43063,0,Pass,275,250,1.1,1555120
1619509686,Executed,6355,0,Pass,600,250,2.4,1555120
1619546739,Executed,34315,0,Pass,1600,250,6.4,1555120
1619655394,Executed,13247,0,Pass,1000,250,4,1555620
1619813452,ExpiredInQueue,0,0,Fail,0,1000,0,1555365
1619813675,Executed,34315,0,Pass,1100,1000,1.1,1555365
1619813679,Executed,34315,0,Pass,1400,1000,1.4,1555365
1619814712,Executed,34315,0,Pass,1000,250,4,1555365
1619972038,Executed,23794,0,Pass,499,250,1.996,1555373
1620040744,Executed,13247,0,Pass,355,150,2.366666666666666666666666666666667,1555373
1620041045,Executed,13247,0,Pass,200,150,1.333333333333333333333333333333333,1555373
1620148095,Executed,79101,0,Pass,800,250,3.2,1555373
1620229285,Executed,79101,0,Pass,540,250,2.16,1555241
1620248723,Executed,156790,0,Pass,530,250,2.12,1555241
1620397187,Executed,34815,0,Pass,650,250,2.6,1555741
1620807335,Executed,34815,0,Pass,1000,250,4,1555741
1621247267,Executed,13058,0,Pass,800,250,3.2,1556241
1621317366,ExpiredInQueue,0,0,Fail,1,250,0.004,1557741
1621589280,Executed,36815,0,Pass,450,250,1.8,1557741
1621858447,Executed,36815,0,Pass,450,250,1.8,1557741
1621890778,Executed,35315,0,Pass,400,250,1.6,1557741
1621940774,Executed,1500,0,Pass,850,250,3.4,1558242
1622066860,Executed,2000,0,Pass,700,250,2.8,1560374
1622325691,Executed,43374,0,Pass,1000,250,4,1560374
1622541716,Executed,14239,0,Pass,300,250,1.2,1563639
1622668330,ExpiredInQueue,0,0,Fail,0,250,0,1564139
1622669001,Executed,14239,0,Pass,500,250,2,1564139
1622817593,Executed,41639,0,Pass,700,250,2.8,1573417
1622993143,ExpiredInQueue,0,0,Fail,0,250,0,1573417
1623281866,Executed,102417,0,Pass,450,250,1.8,1573917
1623449892,Executed,85858,0,Pass,500,250,2,1573917
1623527450,Executed,92160,0,Pass,400,150,2.666666666666666666666666666666667,1573917
1623585178,Executed,14239,0,Pass,500,250,2,1574417
1623618104,Executed,44719,0,Pass,500,250,2,1574917
1623704757,Executed,44719,0,Pass,275,250,1.1,1574917
1623789019,Executed,44719,0,Pass,1050,250,4.2,1574917
1623794532,Executed,44719,0,Pass,350,250,1.4,1574917
1623832163,Executed,98397,0,Pass,1600,250,6.4,1574917
1623832725,Executed,48219,0,Pass,1600,250,6.4,1574917
1623874811,Executed,44719,0,Pass,900,250,3.6,1574917
1623875715,Executed,44719,0,Pass,1100,250,4.4,1574917
1623880986,Executed,44719,0,Pass,500,250,2,1574917
1623892135,Executed,44719,0,Pass,375,250,1.5,1574917
1623892533,Executed,44719,0,Pass,450,250,1.8,1574917
1623961131,Executed,44719,0,Pass,1234,250,4.936,1574917
1624037540,Executed,79101,0,Pass,1400,250,5.6,1574917
1624222743,Executed,44720,0,Pass,1100,250,4.4,1575418
1624223422,Executed,44720,0,Pass,525,250,2.1,1575418
1624346538,Executed,48220,0,Pass,1200,250,4.8,1575418
1624411459,Executed,45221,0,Pass,1300,250,5.2,1575919
1624417851,Executed,45221,0,Pass,525,250,2.1,1575919
1624646891,Executed,42639,0,Pass,650,250,2.6,1578420
1624647250,Executed,4501,0,Pass,375,250,1.5,1578420
1624888716,Executed,187656,0,Pass,700,250,2.8,1579400
1624904994,Executed,150018,0,Pass,450,250,1.8,1579400
1624992811,Executed,145517,0,Pass,650,250,2.6,1579400
1625006155,Executed,145517,0,Pass,550,250,2.2,1579400
1625141079,Executed,145517,0,Pass,550,250,2.2,1583135
1625142051,Executed,145517,0,Pass,550,250,2.2,1583135
1625433137,Executed,48238,0,Pass,450,250,1.8,1599856
1625433898,Executed,48238,0,Pass,450,250,1.8,1599876
1625508526,Executed,53722,0,Pass,800,250,3.2,1600376
1625509094,Executed,5001,0,Pass,550,250,2.2,1600376
1625515882,Executed,51782,0,Pass,1050,250,4.2,1600376
1625537105,Executed,51782,0,Pass,600,250,2.4,1600376
1625539514,Executed,3060,0,Pass,600,250,2.4,1600376
1625671454,Executed,14239,0,Pass,500,150,3.333333333333333333333333333333333,1600131
1625849981,Executed,5173,0,Pass,1100,250,4.4,1600131
1625850270,Executed,48893,0,Pass,450,250,1.8,1600131
1625861062,Executed,53722,0,Pass,1150,250,4.6,1600131
1625863169,Executed,107335,0,Pass,1300,250,5.2,1600131
1625869188,Executed,130638,0,Pass,750,250,3,1600131
1625991487,Executed,19240,0,Pass,1150,250,4.6,1600396
1625991787,Executed,5001,0,Pass,500,250,2,1600396
1626079738,Executed,14239,0,Pass,1000,250,4,1601896
1626203882,Executed,14239,0,Pass,1300,250,5.2,1601896
1626208562,Executed,50221,0,Pass,450,250,1.8,1601896
1626366206,Executed,14239,0,Pass,1290,250,5.16,1601896
1626366883,Executed,5001,0,Pass,433,250,1.732,1601896
1626456945,Executed,5501,0,Pass,1080,250,4.32,1601827
1626457173,Executed,5501,0,Pass,550,250,2.2,1601827
1626640584,Executed,6956,0,Pass,520,250,2.08,1606132
1626696267,Executed,13670,0,Pass,500,250,2,1626680
1626876593,Executed,6673,0,Pass,520,250,2.08,1627180
1626877413,Executed,172,0,Pass,872,250,3.488,1627180
1627025440,Executed,17,0,Pass,520,250,2.08,1627180
1627025690,Executed,50893,0,Pass,440,250,1.76,1627180
1627062949,Executed,74841,0,Pass,520,250,2.08,1627180
1627303568,Executed,7501,0,Pass,875,250,3.5,1628180
1627362519,Executed,50721,0,Pass,630,250,2.52,1628180
1627864511,Executed,6121,0,Pass,1000,250,4,1629680
1627866748,Executed,6121,0,Pass,800,250,3.2,1629680
1627887138,Executed,6121,0,Pass,890,250,3.56,1629680
1628061252,Executed,17664,0,Pass,700,150,4.666666666666666666666666666666667,1639343
1628166772,Executed,13670,0,Pass,520,250,2.08,1639843
1628194857,ExpiredInQueue,0,0,Fail,0,250,0,1639843
1628195753,Executed,62352,0,Pass,520,250,2.08,1639843
1628273603,Executed,13670,0,Pass,500,150,3.333333333333333333333333333333333,1591125
1628849995,Executed,31834,0,Pass,365,250,1.46,1596250
1628853287,Executed,13123,0,Pass,500,250,2,1596203
1628958799,Executed,0,0,Fail,800,250,3.2,1596203
1628976535,Executed,10246,0,Pass,450,250,1.8,1596203
1628979498,ExpiredInQueue,0,0,Fail,450,250,1.8,1596203
1628979498,Executed,10246,0,Pass,750,250,3,1596203
1628987025,Executed,10246,0,Pass,624,250,2.496,1596203
1629028286,Executed,18164,0,Pass,543,250,2.17215999999999985448,1596203
1629410561,Executed,79101,0,Pass,1000,250,4,1646818
1629730997,Executed,18164,0,Pass,1000,250,4,1647818
1629752450,Executed,131323,0,Pass,500,150,3.333333333333333333333333333333333,1647818
1629753841,ExpiredInQueue,0,0,Fail,0,250,0,1647818
1629801990,Executed,52221,0,Pass,900,250,3.6,1647818
1630204359,Executed,54896,0,Pass,1200,250,4.8,1647818
1630207290,Executed,54896,0,Pass,1200,250,4.8,1647818
1630207603,Executed,54896,0,Pass,1300,250,5.2,1647818
1630333484,Executed,52221,0,Pass,1000,250,4,1661505
1630460956,Executed,18664,0,Pass,650,250,2.6,1661505
1630464705,Executed,18664,52221,Fail,750,250,3,1664130
1630583539,Executed,58482,0,Pass,1080,250,4.32,1664130
1630928399,Executed,111651,0,Pass,800,250,3.2,1664130
1631261399,Executed,18664,0,Pass,900,250,3.6,1665449
1631379697,Executed,131323,0,Pass,500,150,3.333333333333333333333333333333333,1665450
1631417304,Executed,79101,0,Pass,500,150,3.333333333333333333333333333333333,1665450
1631528509,Executed,18665,0,Pass,435,250,1.74,1665450
1631706489,Executed,19665,0,Pass,520,250,2.08,1666450
1631807413,Executed,19665,0,Pass,630,250,2.52,1666450
1631812769,ExpiredInQueue,0,0,Fail,301,400,0.7525,1666450
1631885557,Executed,19665,0,Pass,810,250,3.24,1666450
1632043306,Executed,19665,0,Pass,630,250,2.52,1666450
1632214582,Executed,20665,0,Pass,750,250,3,1667950
1632805517,Executed,21165,0,Pass,200,150,1.333333333333333333333333333333333,1669859
1633076781,Executed,23165,0,Pass,310,250,1.24,1671860
1633251464,Executed,23163,0,Pass,361,250,1.444,1671860
1633315231,Executed,23165,0,Pass,518,250,2.074,1671860
1633315782,Executed,23165,0,Pass,622,250,2.4912,1671860
1633341099,Executed,23165,0,Pass,435,250,1.74,1671860
1633475739,Executed,23165,0,Pass,251,250,1.004,1672860
1633478294,Executed,23165,0,Pass,370,250,1.48,1672860
1633478546,Executed,23165,0,Pass,301,250,1.204,1672860
1633853515,Executed,23165,0,Pass,520,250,2.08,1672860
1633936682,Executed,23165,0,Pass,623,250,2.492,1672860
1634038485,Executed,27518,0,Pass,200,150,1.333333333333333333333333333333333,1672860
1634395477,ExpiredInQueue,0,0,Fail,0,150,0,1672860
1634984571,Executed,53196,0,Pass,300,250,1.2,1672860
1635553616,Executed,23165,0,Pass,390,250,1.562519999999999981812,1672860
1635762750,Executed,23165,0,Pass,360,250,1.44,1672860
1636548137,Executed,28651,0,Pass,300,250,1.2,1678346
1636726469,Executed,28651,0,Pass,301,250,1.204,1678346
1636733047,Executed,28651,0,Pass,151,150,1.006666666666666666666666666666667,1678346
1636888143,Executed,28651,0,Pass,360,250,1.44,1678346
1636888287,Executed,53203,0,Pass,450,250,1.8,1678346
1636927434,Executed,56392,0,Pass,550,250,2.2,1678346
1637257355,Executed,53203,0,Pass,850,250,3.4,1678346
1637404456,Executed,28651,0,Pass,200,150,1.333333333333333333333333333333333,1678346
1637580655,Executed,53146,0,Pass,450,250,1.8,1681846
1637580931,Executed,53146,0,Pass,550,250,2.2,1681846
1638314780,Executed,34919,0,Pass,250,250,1.0004,1695109
1638315409,Executed,34919,0,Pass,305,250,1.22,1695109
1638321967,Executed,34919,0,Pass,365,250,1.46,1695109
1638321967,Executed,34919,0,Pass,255,250,1.02,1695109
1638366626,Executed,53222,0,Pass,361,250,1.444,1695109
1638368216,Executed,34919,0,Pass,400,250,1.6,1695109
1638697180,ExpiredInQueue,0,0,Fail,0,250,0,1695610
1638697365,Executed,34929,0,Pass,432,250,1.728,1695610
1639033475,Executed,34811,0,Pass,1701,250,6.804,1698110
1639033475,Executed,34811,0,Pass,361,250,1.444,1698110
1639309539,Executed,95772,0,Pass,300,250,1.2,1701110
1639426919,Executed,58348,0,Pass,432,250,1.728,1701110
1639530562,Executed,37424,0,Pass,518,250,2.0736,1701110
1639583157,Executed,37424,0,Pass,625,250,2.5,1701110
1639736906,Executed,91519,0,Pass,750,250,3,1701110
1639968629,Executed,162626,0,Pass,1000,250,4,1701110
1640076959,Executed,37424,0,Pass,1075,250,4.3,1701110
1640957169,Executed,106511,0,Pass,500,250,2,1731891
1641243593,Executed,67236,0,Pass,500,250,2,1732891
1641287662,Executed,106572,0,Pass,650,250,2.6,1732891
1642077943,Executed,39336,0,Pass,350,250,1.4,1732891
1642530365,Executed,67336,0,Pass,370,250,1.48,1748999
1642589185,Executed,67336,0,Pass,320,250,1.28,1748999
1642776616,Executed,68036,0,Pass,500,250,2,1748999
1642778747,Executed,68036,0,Pass,600,250,2.4,1748999
1643077680,Executed,78902,0,Pass,550,250,2.2,1749499
1643934107,Executed,40438,0,Pass,260,250,1.04,1750565
1643967264,Executed,40438,0,Pass,400,150,2.666666666666666666666666666666667,1750565
1644274273,Executed,79101,0,Pass,310,250,1.24,1750565
1644359189,Executed,68097,0,Pass,350,250,1.4,1750565
1644560798,Executed,79101,0,Pass,400,250,1.6,1750565
1644776790,Executed,68097,0,Pass,160,150,1.066666666666666666666666666666667,1750565
1644883266,Executed,40438,0,Pass,800,250,3.2,1750565
1645140948,Executed,17510,0,Pass,160,150,1.066666666666666666666666666666667,1751065
1645380562,Executed,35021,0,Pass,200,150,1.333333333333333333333333333333333,1751065
1646656888,Executed,40324,0,Pass,350,250,1.4,1753244
1646657075,Executed,40324,0,Pass,450,250,1.8,1753244
1646711645,ExpiredInQueue,0,0,Fail,300,750,0.4,1753244
1646758038,Executed,108525,0,Pass,350,250,1.4,1753244
1647082444,ExpiredInQueue,0,0,Fail,0,250,0,1753244
1647082738,ExpiredInQueue,0,0,Fail,0,250,0,1753244
1647082997,Executed,126934,0,Pass,500,250,2,1753244
1647261948,Executed,40951,0,Pass,760,250,3.04,1753744
1647536081,Executed,40862,0,Pass,500,250,2,1753744
1647611404,Executed,40862,0,Pass,520,250,2.08,1753744
1647611590,Executed,40862,0,Pass,640,250,2.56,1753744
1647995075,Executed,69101,0,Pass,155,150,1.033333333333333333333333333333333,1766222
1648979786,Executed,58351,0,Pass,255,250,1.02,1768222
1649675323,Executed,54830,0,Pass,270,250,1.08,1768722
1652016829,Executed,137870,0,Pass,250,250,1.0004,1768722
1652168274,Queued,0,0,Fail,0,250,0,1768722
1652168522,Executed,126727,0,Pass,400,250,1.6,1768722
1652182290,Executed,202292,0,Pass,450,250,1.8,1768722
1652228600,Executed,54830,0,Pass,250,150,1.666666666666666666666666666666667,1768722
1652601914,Executed,123190,0,Pass,450,250,1.8,1768722
1652606906,Executed,202292,0,Pass,500,250,2,1768722
1652677386,Executed,123288,0,Pass,550,250,2.2,1768722
1652688829,Executed,147962,0,Pass,550,250,2.2,1769222
1653017687,Executed,127017,0,Pass,700,250,2.8,1773115
1653206379,Executed,70038,0,Pass,150,150,1.000666666666666666666666666666667,1773115
1653593942,Executed,209447,0,Pass,1055,250,4.22,1809831
1653644293,Executed,149143,0,Pass,360,250,1.44,1809831
1653775167,Executed,58150,130402,Fail,500,250,2,1828631
1653920551,Queued,0,0,Fail,0,1000,0,1828631
1653921901,Executed,137253,0,Pass,550,250,2.2,1828631
1653923508,Queued,0,0,Fail,0,1000,0,1828631
1653923712,Queued,0,0,Fail,0,1000,0,1828631
1653924047,Queued,0,0,Fail,0,1000,0,1828631
1653924405,Queued,0,0,Fail,0,1000,0,1828631
1654302621,Executed,70036,0,Pass,160,150,1.066666666666666666666666666666667,1828631
1654357258,Executed,70036,0,Pass,700,250,2.8,1828631
1654517575,Executed,33463,0,Pass,650,250,2.6,1828631
1654791797,Executed,187120,0,Pass,500,250,2,1829131
1654948086,Executed,58166,0,Pass,550,250,2.2,1829131
1655141896,Executed,74262,0,Pass,520,250,2.08,1829131
1655250604,Executed,128222,0,Pass,150,150,1.000666666666666666666666666666667,1829131
1655419408,Executed,58166,0,Pass,900,250,3.6,1829131
1656055963,Executed,60153,0,Pass,470,250,1.88,1868108
1656061113,Queued,0,0,Fail,0,250,0,1868108
1656061819,Executed,60153,0,Pass,450,250,1.8,1868108
1656063765,Queued,0,0,Fail,0,250,0,1868108
1656064093,Queued,0,0,Fail,0,250,0,1868108
1656416960,Boosted,130802,0,Pass,380,250,1.52,1868608
1657017840,PreBoosted,0,0,Fail,320,250,1.28,1869108
