0x519f9662798c2e07fbd5b30c1445602320c5cf5b-member-0x02cb3c150bedca124d0ae8cccb72fefbe705c953,0x02cb3c150bedca124d0ae8cccb72fefbe705c953,1,1629845697,1
0x519f9662798c2e07fbd5b30c1445602320c5cf5b-member-0x0a9e871cf80289e592df3c503db3dd8167fbbd07,0x0a9e871cf80289e592df3c503db3dd8167fbbd07,100,1629845697,0
0x519f9662798c2e07fbd5b30c1445602320c5cf5b-member-0x0b916095200313900104bacfc288462682c38700,0x0b916095200313900104bacfc288462682c38700,1,1629845697,0
0x519f9662798c2e07fbd5b30c1445602320c5cf5b-member-0x0f0957c08314205327bbec069307390251fbca91,0x0f0957c08314205327bbec069307390251fbca91,100,1629845697,0
0x519f9662798c2e07fbd5b30c1445602320c5cf5b-member-0x10905b42619abc17bf2a69ca2975a267476c3849,0x10905b42619abc17bf2a69ca2975a267476c3849,0,1653222245,0
0x519f9662798c2e07fbd5b30c1445602320c5cf5b-member-0x19c49117a8167296caf5d23ab48e355ec1c8be8b,0x19c49117a8167296caf5d23ab48e355ec1c8be8b,3,1629845697,0
0x519f9662798c2e07fbd5b30c1445602320c5cf5b-member-0x1a57f99c4759f4e4e29140b1d7a89584e1c1ef67,0x1a57f99c4759f4e4e29140b1d7a89584e1c1ef67,10,1629845697,1
0x519f9662798c2e07fbd5b30c1445602320c5cf5b-member-0x1db3439a222c519ab44bb1144fc28167b4fa6ee6,0x1db3439a222c519ab44bb1144fc28167b4fa6ee6,1000,1629845697,0
0x519f9662798c2e07fbd5b30c1445602320c5cf5b-member-0x1fd1d8b92e17f64513a6da3b44ad3f00218454a9,0x1fd1d8b92e17f64513a6da3b44ad3f00218454a9,1,1629845697,0
0x519f9662798c2e07fbd5b30c1445602320c5cf5b-member-0x23ecac365ca93ef39f7532ee49c93af96bca8fa5,0x23ecac365ca93ef39f7532ee49c93af96bca8fa5,0,1629845697,0
0x519f9662798c2e07fbd5b30c1445602320c5cf5b-member-0x245bd45ffd22a0e8da538a3b2fbfdd3a575bc619,0x245bd45ffd22a0e8da538a3b2fbfdd3a575bc619,1,1634856076,0
0x519f9662798c2e07fbd5b30c1445602320c5cf5b-member-0x24c492413fcfd5a8370f43f69205563c3d39cc5d,0x24c492413fcfd5a8370f43f69205563c3d39cc5d,0,1653222193,0
0x519f9662798c2e07fbd5b30c1445602320c5cf5b-member-0x2525f1a08a2d5f037dda969f2fa1b56e4b4b47f3,0x2525f1a08a2d5f037dda969f2fa1b56e4b4b47f3,1,1629845697,0
0x519f9662798c2e07fbd5b30c1445602320c5cf5b-member-0x2586e4b30c581ee20af694495dbcf98daecde75e,0x2586e4b30c581ee20af694495dbcf98daecde75e,500,1629845697,0
0x519f9662798c2e07fbd5b30c1445602320c5cf5b-member-0x2619c649d98ddddbb0b218823354fe1d41bf5ce0,0x2619c649d98ddddbb0b218823354fe1d41bf5ce0,1,1629845697,0
0x519f9662798c2e07fbd5b30c1445602320c5cf5b-member-0x28ab95385e1a576fe15c70c4850dcdc6b10a5f6d,0x28ab95385e1a576fe15c70c4850dcdc6b10a5f6d,100,1629845697,0
0x519f9662798c2e07fbd5b30c1445602320c5cf5b-member-0x28ea39d34722944a8623c3752114f4b45522d62b,0x28ea39d34722944a8623c3752114f4b45522d62b,0,1653221836,0
0x519f9662798c2e07fbd5b30c1445602320c5cf5b-member-0x297bf847dcb01f3e870515628b36eabad491e5e8,0x297bf847dcb01f3e870515628b36eabad491e5e8,0,1641231610,0
0x519f9662798c2e07fbd5b30c1445602320c5cf5b-member-0x29983374cbb8253a114df5f38ec3f171f95bb8c7,0x29983374cbb8253a114df5f38ec3f171f95bb8c7,1,1629845697,0
0x519f9662798c2e07fbd5b30c1445602320c5cf5b-member-0x2b0f6fd62dcec4e997bb08f20a731cb36a8e3042,0x2b0f6fd62dcec4e997bb08f20a731cb36a8e3042,100,1629845697,0
0x519f9662798c2e07fbd5b30c1445602320c5cf5b-member-0x3274e22d86cc21778df15836833e147b1894d3e4,0x3274e22d86cc21778df15836833e147b1894d3e4,72,1629845697,0
0x519f9662798c2e07fbd5b30c1445602320c5cf5b-member-0x33a5f4b107093cd9cbbbe844f939acb4cab2e260,0x33a5f4b107093cd9cbbbe844f939acb4cab2e260,2,1629845697,1
0x519f9662798c2e07fbd5b30c1445602320c5cf5b-member-0x3ec2cd742b0538c7eb68e4d9c943fc68519ca4d5,0x3ec2cd742b0538c7eb68e4d9c943fc68519ca4d5,1,1629845697,0
0x519f9662798c2e07fbd5b30c1445602320c5cf5b-member-0x49f07947e4768fc11dae0368b1a4c84a19588c6c,0x49f07947e4768fc11dae0368b1a4c84a19588c6c,0,1631572003,1
0x519f9662798c2e07fbd5b30c1445602320c5cf5b-member-0x4cdc4f412355f296c2cf261210cc9274404e442b,0x4cdc4f412355f296c2cf261210cc9274404e442b,1,1629845697,0
0x519f9662798c2e07fbd5b30c1445602320c5cf5b-member-0x4d3caed8a1cf048c18280a8320608fc7d59c3ee3,0x4d3caed8a1cf048c18280a8320608fc7d59c3ee3,1,1629845697,0
0x519f9662798c2e07fbd5b30c1445602320c5cf5b-member-0x50b132becbcf8344b5d902abfb011bfc95a25942,0x50b132becbcf8344b5d902abfb011bfc95a25942,100,1629845697,0
0x519f9662798c2e07fbd5b30c1445602320c5cf5b-member-0x512e07a093aaa20ba288392eadf03838c7a4e522,0x512e07a093aaa20ba288392eadf03838c7a4e522,1,1629845697,0
0x519f9662798c2e07fbd5b30c1445602320c5cf5b-member-0x53daa790311c435a8957c6b4ec1855357923e729,0x53daa790311c435a8957c6b4ec1855357923e729,100,1629845697,0
0x519f9662798c2e07fbd5b30c1445602320c5cf5b-member-0x54bfb3a5e2e5999b9e2fd63def9750ca667adc5b,0x54bfb3a5e2e5999b9e2fd63def9750ca667adc5b,1,1629845697,0
0x519f9662798c2e07fbd5b30c1445602320c5cf5b-member-0x5a9e792143bf2708b4765c144451dca54f559a19,0x5a9e792143bf2708b4765c144451dca54f559a19,1,1629845697,0
0x519f9662798c2e07fbd5b30c1445602320c5cf5b-member-0x5b93ff82faaf241c15997ea3975419dddd8362c5,0x5b93ff82faaf241c15997ea3975419dddd8362c5,1,1629845697,0
0x519f9662798c2e07fbd5b30c1445602320c5cf5b-member-0x5bb3e1774923b75ecb804e2559149bbd2a39a414,0x5bb3e1774923b75ecb804e2559149bbd2a39a414,1,1629845697,0
0x519f9662798c2e07fbd5b30c1445602320c5cf5b-member-0x5c04e7808455ee0e22c2773328c151d0dd79dc62,0x5c04e7808455ee0e22c2773328c151d0dd79dc62,1,1629845697,0
0x519f9662798c2e07fbd5b30c1445602320c5cf5b-member-0x5e682cb9b6dc4b0fd299908672839556485e992b,0x5e682cb9b6dc4b0fd299908672839556485e992b,100,1629845697,1
0x519f9662798c2e07fbd5b30c1445602320c5cf5b-member-0x66b1de0f14a0ce971f7f248415063d44caf19398,0x66b1de0f14a0ce971f7f248415063d44caf19398,1,1648677006,0
0x519f9662798c2e07fbd5b30c1445602320c5cf5b-member-0x68085e7f88e90fa9247489c83fab30b177ebccb3,0x68085e7f88e90fa9247489c83fab30b177ebccb3,1,1629845697,1
0x519f9662798c2e07fbd5b30c1445602320c5cf5b-member-0x6b6398c9838d92a779b52f8cf3d91a6586fccb7f,0x6b6398c9838d92a779b52f8cf3d91a6586fccb7f,100,1629845697,1
0x519f9662798c2e07fbd5b30c1445602320c5cf5b-member-0x75a10a9d761d77642466fde9abd10e29b2e310ee,0x75a10a9d761d77642466fde9abd10e29b2e310ee,1,1629845697,0
0x519f9662798c2e07fbd5b30c1445602320c5cf5b-member-0x7a09a4b3da2d3957929972ec739178a1834d85d5,0x7a09a4b3da2d3957929972ec739178a1834d85d5,1,1629845697,0
0x519f9662798c2e07fbd5b30c1445602320c5cf5b-member-0x7b3e509c78faee4c589d3d07ea0c8929aa2835e3,0x7b3e509c78faee4c589d3d07ea0c8929aa2835e3,1,1629845697,1
0x519f9662798c2e07fbd5b30c1445602320c5cf5b-member-0x81d30bf2047cc5ee5f903cc00594edc8d5018d31,0x81d30bf2047cc5ee5f903cc00594edc8d5018d31,0,1640097462,0
0x519f9662798c2e07fbd5b30c1445602320c5cf5b-member-0x865595dbb0099ea9caedbdc35ad2498fd91caca5,0x865595dbb0099ea9caedbdc35ad2498fd91caca5,1,1629845697,0
0x519f9662798c2e07fbd5b30c1445602320c5cf5b-member-0x865c2f85c9fea1c6ac7f53de07554d68cb92ed88,0x865c2f85c9fea1c6ac7f53de07554d68cb92ed88,1,1629845697,0
0x519f9662798c2e07fbd5b30c1445602320c5cf5b-member-0x87690be28b65f13394741c2c2be5a6bdb0505039,0x87690be28b65f13394741c2c2be5a6bdb0505039,1,1656341205,0
0x519f9662798c2e07fbd5b30c1445602320c5cf5b-member-0x89e12f054526b985188b946063ddc874a62fed45,0x89e12f054526b985188b946063ddc874a62fed45,100,1629845697,0
0x519f9662798c2e07fbd5b30c1445602320c5cf5b-member-0x8b00191a7a3349ceffe90d2414fe0833fde0368e,0x8b00191a7a3349ceffe90d2414fe0833fde0368e,1,1629845697,0
0x519f9662798c2e07fbd5b30c1445602320c5cf5b-member-0x8c0c78e6e81510b96fe34483c05ee203a1f0457b,0x8c0c78e6e81510b96fe34483c05ee203a1f0457b,0,1629845697,0
0x519f9662798c2e07fbd5b30c1445602320c5cf5b-member-0x91dbd5e72b1331447a40932bf16d140cf4638324,0x91dbd5e72b1331447a40932bf16d140cf4638324,1,1629845697,0
0x519f9662798c2e07fbd5b30c1445602320c5cf5b-member-0x965fdb32e3fcdc6dc323464a42a9615e6a5464d1,0x965fdb32e3fcdc6dc323464a42a9615e6a5464d1,100,1629845697,0
0x519f9662798c2e07fbd5b30c1445602320c5cf5b-member-0x9ac9c636404c8d46d9eb966d7179983ba5a3941a,0x9ac9c636404c8d46d9eb966d7179983ba5a3941a,1,1629845697,0
0x519f9662798c2e07fbd5b30c1445602320c5cf5b-member-0x9b5aacbc71feaf52b8f73def00b56e0fd875f2a5,0x9b5aacbc71feaf52b8f73def00b56e0fd875f2a5,0,1640097273,1
0x519f9662798c2e07fbd5b30c1445602320c5cf5b-member-0xa489faf6e337d997b8a23e2b6f3a8880b1b61e19,0xa489faf6e337d997b8a23e2b6f3a8880b1b61e19,1,1629845697,1
0x519f9662798c2e07fbd5b30c1445602320c5cf5b-member-0xa619a7c8f89a6338756a428b710bbcd7a094d140,0xa619a7c8f89a6338756a428b710bbcd7a094d140,100,1629845697,0
0x519f9662798c2e07fbd5b30c1445602320c5cf5b-member-0xa873baa34ea1868194e5937e3aefd20dd2e549ea,0xa873baa34ea1868194e5937e3aefd20dd2e549ea,1,1652971987,0
0x519f9662798c2e07fbd5b30c1445602320c5cf5b-member-0xabbd0c374f54edc4392c9ff45db9b65e91bc2678,0xabbd0c374f54edc4392c9ff45db9b65e91bc2678,100,1629845697,1
0x519f9662798c2e07fbd5b30c1445602320c5cf5b-member-0xae5fb390e5c4fa1962e39e98dbfb0ed8055ed7a9,0xae5fb390e5c4fa1962e39e98dbfb0ed8055ed7a9,100,1629845697,1
0x519f9662798c2e07fbd5b30c1445602320c5cf5b-member-0xbaf2d86e1224b5fc9121495fe2b55a273d6f2bae,0xbaf2d86e1224b5fc9121495fe2b55a273d6f2bae,1,1629845697,0
0x519f9662798c2e07fbd5b30c1445602320c5cf5b-member-0xbcede714283f348ebb3e5cbaf8a947cab3c8be8d,0xbcede714283f348ebb3e5cbaf8a947cab3c8be8d,1,1629845697,0
0x519f9662798c2e07fbd5b30c1445602320c5cf5b-member-0xbd9f96663e07a83ff18915c9074d9dc04d8e64c9,0xbd9f96663e07a83ff18915c9074d9dc04d8e64c9,1,1629845697,0
0x519f9662798c2e07fbd5b30c1445602320c5cf5b-member-0xc6bc2e1dbd5dd51f37f9e0f471d896405e318d78,0xc6bc2e1dbd5dd51f37f9e0f471d896405e318d78,1,1629845697,1
0x519f9662798c2e07fbd5b30c1445602320c5cf5b-member-0xc746a92f997333841adf686253eb77441d9868f4,0xc746a92f997333841adf686253eb77441d9868f4,100,1629845697,0
0x519f9662798c2e07fbd5b30c1445602320c5cf5b-member-0xc82a6220398714f74e2d929309f4c5b1d4f7b0f6,0xc82a6220398714f74e2d929309f4c5b1d4f7b0f6,38,1629845697,0
0x519f9662798c2e07fbd5b30c1445602320c5cf5b-member-0xcc04c8eff1c7049f948c12dd5286a56114228657,0xcc04c8eff1c7049f948c12dd5286a56114228657,1,1629845697,1
0x519f9662798c2e07fbd5b30c1445602320c5cf5b-member-0xcd16cbda54af2556ebb6df4fbfd178e63c33fd89,0xcd16cbda54af2556ebb6df4fbfd178e63c33fd89,1,1629845697,0
0x519f9662798c2e07fbd5b30c1445602320c5cf5b-member-0xd26a3f686d43f2a62ba9eae2ff77e9f516d945b9,0xd26a3f686d43f2a62ba9eae2ff77e9f516d945b9,15,1629845697,0
0x519f9662798c2e07fbd5b30c1445602320c5cf5b-member-0xdcf220450fa8dfaef1246a805142b9aa284d412e,0xdcf220450fa8dfaef1246a805142b9aa284d412e,1,1629845697,0
0x519f9662798c2e07fbd5b30c1445602320c5cf5b-member-0xdd4c48c0b24039969fc16d1cdf626eab821d3384,0xdd4c48c0b24039969fc16d1cdf626eab821d3384,5,1629845697,1
0x519f9662798c2e07fbd5b30c1445602320c5cf5b-member-0xdf85b6c1becaf3248365b2c0b458387a17153adb,0xdf85b6c1becaf3248365b2c0b458387a17153adb,0,1653221946,1
0x519f9662798c2e07fbd5b30c1445602320c5cf5b-member-0xdf95439916bc1a4eabc3df006665dd31b424e174,0xdf95439916bc1a4eabc3df006665dd31b424e174,100,1629845697,0
0x519f9662798c2e07fbd5b30c1445602320c5cf5b-member-0xe84c0c01d76c169e9c92b6e666b52e4f4b6e5300,0xe84c0c01d76c169e9c92b6e666b52e4f4b6e5300,100,1629845697,0
0x519f9662798c2e07fbd5b30c1445602320c5cf5b-member-0xe8e4a1d6bff7a3b8904eedd3feb6e7927736c055,0xe8e4a1d6bff7a3b8904eedd3feb6e7927736c055,100,1629845697,0
0x519f9662798c2e07fbd5b30c1445602320c5cf5b-member-0xeb38597267b8b6f9cdfcf6466ad9384e95271efc,0xeb38597267b8b6f9cdfcf6466ad9384e95271efc,1,1629845697,0
0x519f9662798c2e07fbd5b30c1445602320c5cf5b-member-0xebac3108c58bd4dd48a8110b7750480cea7bc3fb,0xebac3108c58bd4dd48a8110b7750480cea7bc3fb,20,1629845697,0
0x519f9662798c2e07fbd5b30c1445602320c5cf5b-member-0xecd11858a4bcc35a51084ebe672beace01142fca,0xecd11858a4bcc35a51084ebe672beace01142fca,1,1629845697,1
0x519f9662798c2e07fbd5b30c1445602320c5cf5b-member-0xed94c5ca5f764687f8555e32ed191a959bb50fd5,0xed94c5ca5f764687f8555e32ed191a959bb50fd5,100,1629845697,0
0x519f9662798c2e07fbd5b30c1445602320c5cf5b-member-0xf503017d7baf7fbc0fff7492b751025c6a78179b,0xf503017d7baf7fbc0fff7492b751025c6a78179b,6,1629845697,0
0x519f9662798c2e07fbd5b30c1445602320c5cf5b-member-0xfa3f711fbbe29090a7a2ecf59b7b8553b8fbf674,0xfa3f711fbbe29090a7a2ecf59b7b8553b8fbf674,1,1629845697,1
0x519f9662798c2e07fbd5b30c1445602320c5cf5b-member-0xfa90ef7c88f6de7c837b52cf4cf94af660515a80,0xfa90ef7c88f6de7c837b52cf4cf94af660515a80,1,1629845697,0
0x519f9662798c2e07fbd5b30c1445602320c5cf5b-member-0xfaae12e4166e499666e94da41b174aa669a7d79e,0xfaae12e4166e499666e94da41b174aa669a7d79e,100,1629845697,0
0x519f9662798c2e07fbd5b30c1445602320c5cf5b-member-0xfcc41c4614bd464ba28ad96f93aadaa7ba6c8680,0xfcc41c4614bd464ba28ad96f93aadaa7ba6c8680,1,1629845697,1
0x519f9662798c2e07fbd5b30c1445602320c5cf5b-member-0xff5f549ca771e86f3fe5e67d4f528c829add0ad3,0xff5f549ca771e86f3fe5e67d4f528c829add0ad3,1,1629845697,1
