0x0eb23ea0b877666ad3ddcd0d7da0114acdfe5ae6390b5628b7509f4338022db5,0x800Ed249c34Ffc7A104fdC01b13F9913e3344CC9,0x082B9B776E5d0b1771594676D12619F479B0a69c,0x71A1dF0d820d29c784C04865904492aC38801A04,0x481bb04f60DD1F7d6EC0A3611ed8023e618697CB,0xaF9655eD0b27A2143bd4F099f9f2F1CF3c6DCC6F,0x0BF93eA5a1FA4CE3Dd22C7ffd314462d3869777F,0x852E45eD1a6502406Af4c409DF4e0Eef3CC0A0E3,0xfd6a653F95fB5BbFFC0F8478f5C198376214c6A3,0x4e15aC6D5F8A6b5c5a84436955C9f38F4195Bf61,0xaCE1f1c6c5c89AE3Fc3209ff92e7120fb74445aA,0x5a756d9C7cAA740E0342f755fa8Ad32e6F83726b,0x4796E4aFD565e43B7267F1688ec09B6A246cB5fc,0x7A4C76231dF9fFC2E95d4A247d05e4d954E21ACA,0x4fdcD0496F4c2D3629C0741626DE74d24A683E50,0x0F086D4cA0713B673b9D949b45277644b076e6c8,0xaBe780bDc3872B4DEC16bD44B2bB999f9151aE28,0x0056D1fd2ca3c0F3A7B6ed6CDd1F1F104B4BF9A9,0xB9b93bF2DB3678b010E71Ef701d763Aee144E93E,0xF814a8e1607Aa1d1a33F42a4c9B3b67eAdCE45bD,0xa35709FfA7D247CD5F36466b632b66d909d81beB,0xA7057246EC3ABc7Dbb6E90C66Ded4f0Fa998a7FD,0x5804dA1EA4D78fF668c66e3Da6B4A69F2f856E1f,0x3b90C65Df73b6C52bbA30FC0c6e6bCfa03a05420,0x662c3daD44Af853c6EF7bCA34DCabBE5506c07AB,0x7d88245cF45dfF1A1b74ba7F062d80E371195908,0x7614F953f55078EA433a8250f5DAe2BBd0074DBA,0x6e88057cBa6cF0e72BE4cFd67579adC632f79951,0xB72eD8401892466Ea8aF528C1af1d0524bc5e105,0x7148a51742F2A9871Bc632Fc974C4e62Ce8CD9Df,0x6e3DBB9b1862E110E22E40E63022cD6cdF345005,0x21d79c2Be4ab3de2802a60Da66f86D497D06102B,0x6Dce215F5D0209Bee096fb5147C423344D10553b,0xb74125Df13CB9194D93d8b62e0DB30352f2B8001,0xE3053cDe2124eAA6103DddE8E5c6BD36c66F716E,0x01AB07010c2F4bf5971537669Cc19d5D8Cf320A0,0x7F85Cf44E446a4B1AaCe2A28774E88cd6d4e3441,0x7Ee567D2AC5dca4c422281Deb1e2334a805BA6C1,0x6A62a664974939513f165703e76Ab8E16aC8eB17,0x393EaA4CfCcEA60866dEc70445187086913B1D0b,0x766C64d809056fbB492FdB410A6B4857C015619A,0x6535111A99894b69dE482962D6F467FdC3212f5F,0x9d7f7C44fD615b9f007d6f924499398ae71acaAc,0xf05e75e42272Ec60ba6157d647924FD2de7a9495,0xd42627f3AAA1b80160414B329bfE7D6Aad770991,0x8AB38A0B4410a1cbb1Aa6828Eb948F4942F21Fb9,0xaE139be36A9AaF91af8F719740cE3a2F7102E66e,0x25e5Fd18E791077c5c656D060D6314Ab56cb9C33,0xed06079B23De039d01C01D7E295Fc119D1D9d497,0x856DC4a12f08AFA49f42B52F81769A96505f312C,0x25aD2667B19e866109c1a93102b816730a6Aec3f,0x014607F2d6477bADD9d74bF2c5D6356e29a9b957,0x65Bc72F5e5DAeFE930F1B468fC73EC96b0228956,0xE985A1A1248b995266869258CD965F1dE11111EC,0x8a2e722c2f167283E38FFee0Ee5F1a035596915f,0x9796b9443A3FFbc60eAB64F33E368CC19ebA4F33,0x48f88A8D8e4a9dFF33C0A4D857a81A189C2d6e07,0x1d5E65a087eBc3d03a294412E46CE5D6882969f4,0xd9293636EE3Aa663fc563ADB0912B0705dAfb62c,0xec13489D022102dDE8234d8C22b25b0BEd2E7B54,0x7a113bAFf3dA1833CBc3cCf642754C35e8e430a5,0x2C17c733CeFC0e618850B546d9df53cdbFa29725,0x4572581Fc62D4477B9E11bb65eA8a1c306CbBa3D,0xC54570b8EB8138aCE95132b944b7b6Bb391976Dc,0xFAdE7dEF5CC017c098a2D47DB1F043c6123F968C,0xf54B888D7174DC9B5f17B14d9A7b3EF5A6027748,0x8b918C0ABD57888E1E5e7862B20Cb6AEAdDf54E2,0x0b3240851E92FFc80e837f53Aa7560CBE1290F57,0x7eE58c703c3a93838b2e86639fEe62d3815b6bac,0x4c8067Db4933e00e9b7638D3D66d2B58181887C1,0x9AF46BeC9987a7F71A60E53f846747E7ab522D8d,0x4dbfce0D1e297524631B6a26852572380Cd56aAD,0x49b3D93D811d33798401Be37677E523BDBbE1708,0x4d477F1aabcFc2FC3FC9b802E861C013E0123AD9,0xC6510245a3d961746DB4883916d2D600e19f4ff3,0x24fC7A0751BBF53C239cC1D21d2951A5b21f733d,0xA1CAD48e9844d850f066376e1f1e04147b16619e,0xcf8E24538E6e8c6D7cA711F84539aEac0892e28b,0x7DA0e97CB78832463914392B5d414C1bEFA1fB01,0x9C72C98535224c3C045a3d27ff981ED5a1d64d6e,0x080a75c96bF646Cd9f78aaF8C9869a510E9c68bb,0xD2E1b76f81b71304DaCEec93F7D55d0A2AbE2307,0x91F7C7dC5a44276482c102178fe1d620B397c276,0x335D2d954CEc61Cb4673780300d890340A29Dd99,0xcD75942b66C1a82d7e04f65A34cE7f93791fA8A8,0x64B5F9Dd6f23269B966A4c3717e150A6Dd264851,0x696D181A7961EE66C42f1EBeDDc0B48B106C45ad,0x01e863C402F2E901BA264c3B0b2D6b8606eff2BA,0x9A44394ffd96a78d0B5c5b2f5DCFF6052C70176d,0xb7d49ADB031d6DBDF3E8e28F21C6Dd3b6f231cD5,0xa2026e62BfD1f1A2d8b89a19f3fA0ba42B52F0BF,
0x43c689ef6b7b1772abc033cd87b7caa4159f0dc281f9a159e3930fb00b57d707,0x26fCbD3AFEbbE28D0A8684F790C48368D21665b5,0xf05e75e42272Ec60ba6157d647924FD2de7a9495,0x974f326904b6A568691d81A4AbCe6B0A83063E5E,0x742dD993A78d7fB4A4bFC777a36999C041dAC46f,0xc0ad5d21fF19A4E85b016BfD53cED8842995C151,0xBe44Acb7797880916cFc9C23a85A753b21c9aF80,0x8a2e722c2f167283E38FFee0Ee5F1a035596915f,0x30FE0d8d2d81EA568fF60B6E28Ab74Eb7E548cb0,0x1462f0C35a3e48027aD72bEf4E3925Aa4fB4a14d,0xC10898edA672fDFc4Ac0228bB1Da9b2bF54C768f,0x6Dce215F5D0209Bee096fb5147C423344D10553b,0x4572581Fc62D4477B9E11bb65eA8a1c306CbBa3D,0x6aDdaA208Ea7c6E413F0c514DC1BA7510390C500,0xea96EDdF997B45E22dd7cdB0EE45744f53e33693,0x29c7B44E0584624C1e877d3eE0856520e2851Ba6,0x2482Dc04AC628a4b2700c071BFEe557Fd86C91EA,0xec13489D022102dDE8234d8C22b25b0BEd2E7B54,0x0d86A2fd448aD216692238a28d2753DEf5B1d853,0x65A0bf08ff1bf021eD8d929402371F6cfb83ab53,0xDa1657d0e137DEc3116E8569FA09d8b27fCC2975,0xd9293636EE3Aa663fc563ADB0912B0705dAfb62c,0x3BA21b6477F48273f41d241AA3722FFb9E07E247,0x66AC1521D49EE47a8a55E2534ebdd5a9991A9808,0x2FbDa8ca21bb8482E8426a1Fb73511AcE2B9E977,0x32a59b87352e980dD6aB1bAF462696D28e63525D,0x9c5083dd4838E120Dbeac44C052179692Aa5dAC5,0x08aB4E5199A5E8bD9575bBa899A9561a7cfE8fd6,0xa40eb69D2ADBD34Ea73ea1Dfd049F825e8216Eb0,0xF5bF3B7B7D03EfD34BA1E1BcF1694080975d8A1c,0x766C64d809056fbB492FdB410A6B4857C015619A,0x8d07D225a769b7Af3A923481E1FdF49180e6A265,0x01AB07010c2F4bf5971537669Cc19d5D8Cf320A0,0x72b223De2F773C814465C4A8f2Ef9FaAe702Cfb3,0x2D8304750A8AC17DC1B9A5Da1c85c0a55f12c3D3,0x37B1884205Cc47c2Bf5cF5a0248946C4c0c85724,0x7B41b57b469aaB69746c6466BCeBbEd4F8628B97,0xA60e8ea9d55dEF9339303c62A4c91B5cC3a4a738,0x5e27A2447b4f19064f0014D3De3bB0777f7b84c9,0x9ed80eDA7F55054Db9FB5282451688f26bB374c1,0x57C687F80390112CE4f341bCF5a6fEFfB319cF2B,0x96a124b2f94E909553Fa8c1c17e8AE54822348A4,0x5180db0237291A6449DdA9ed33aD90a38787621c,0xfC1a94C1518ccebE356CE06834b9e8aEA796D35F,0x4Bf1fBC233Cd6109c35a4cd9D34540173Af3234c,0x52C34872a9e1d22b4F54D3969F920C4BF1E06088,0x6977e753e022F65eBEb170d8267b2EA54a431523,0x3070f20f86fDa706Ac380F5060D256028a46eC29,0x4d477F1aabcFc2FC3FC9b802E861C013E0123AD9,0x24fC7A0751BBF53C239cC1D21d2951A5b21f733d,0xa60DD9d42fdD43E91Da63BD261997E14F21C69Fd,0xba2ef5189B762bd4C9E7f0b50fBBaB65193935e8,0xC54570b8EB8138aCE95132b944b7b6Bb391976Dc,0xA29FD283430Ab091434161Ec847A125BDAB0230F,0x9796b9443A3FFbc60eAB64F33E368CC19ebA4F33,0x48f88A8D8e4a9dFF33C0A4D857a81A189C2d6e07,0xA2BF60058C0657C45FDd1741220b4A7F0DA91CA3,0x44e59F7c598644A68975eF41Fed052362C4c8ed3,0x6119Fa6C5B18BE03F3b8E408c961E28239A0108C,0xd84E11beE5D555CCd905817Cb8CBBd5b6e6C4f0D,0x975793c7A6a077221aCa4E4FB9B7f9A46378463a,0xB71CD2a879c8D887eA8d75155ff51116178641C0,0x9628bE77Fb3dcd890fD93A5d039092FcA855D3cC,0x421A8A0C6388FaA1550E2636538d8d7605a8cEde,0x00ea67d1E6caB97994e75C800bC65bF632598802,0x2A1049062c6Cfd69bd38fbaf3b0559DF1DBbc92c,0xb03F5438f9A243De5C3B830B7841EC315034cD5f,0x91FD6A2396Cf3B7C4E4F002Cd663469Ea883c590,0xa53A13A80D72A855481DE5211E7654fAbDFE3526,0x81da4F0bcEa8d330d790DA28bf5349D29aD51FDA,0x94A468FCB53A043Bf5Cd95EF21892E02C71134Be,0xf7Bd34Dd44B92fB2f9C3D2e31aAAd06570a853A6,0x9824697F7c12CAbAda9b57842060931c48dEA969,0x34d6Dbd097f6b739C59D7467779549Aea60e1F84,0x17e33637f6B64E9082Ea499481b6e6EbAE7EEA23,0x1F2ce5fAd35Cd63f91E1151Bb83D0d8e253495f4,0xc8484D4A6BaAaA7C31f411b1362145dA109F9B50,0x409e44037c5A341fCc04D2E9171D50A92DDc046b,0xFCD9824c346A302DE070C71593fFd7D0F9DffcC8,
0xa11d4d1800b91746afe8ead922eb1d37225a32145adf30bbda0cbdba2ef97bd3,0x8d07D225a769b7Af3A923481E1FdF49180e6A265,0xC6510245a3d961746DB4883916d2D600e19f4ff3,0x40a82a3aC2bb08E82133E25cBC6Ca128dc7162aa,0xB72eD8401892466Ea8aF528C1af1d0524bc5e105,0xa8bF0cD4D76D92Cb345e81999029f3174A219305,0x865D7eb5db37cc02ec209DD778f4e3851a421A20,0x0f8acA6bb8D86BBA87892EfAb1E19491c97387B7,0x8a2e722c2f167283E38FFee0Ee5F1a035596915f,0xf05e75e42272Ec60ba6157d647924FD2de7a9495,0xd018b4E7fB8aA6D26DC662DdBa1c6b6Bb88E1153,0x14fd7D24eBF81196dfd6d3AF740D5024071859f8,0xE3E39161d35E9A81edEc667a5387bfAE85752854,0x7a16fF8270133F063aAb6C9977183D9e72835428,0xD22f19c7C52B89f1BD1b5631Dd2919c3f152c8ec,0x21a555839A4e8B9AC20430235804b4A4EF6a3587,0x01AB07010c2F4bf5971537669Cc19d5D8Cf320A0,0xA2dEe32662F6243dA539bf6A8613F9A9e39843D3,0xB9b93bF2DB3678b010E71Ef701d763Aee144E93E,0xf321716DB6D2E5318A1CdbC15af80Df25f2F8244,0x421A8A0C6388FaA1550E2636538d8d7605a8cEde,0x014607F2d6477bADD9d74bF2c5D6356e29a9b957,0x7A4C76231dF9fFC2E95d4A247d05e4d954E21ACA,0x65Bc72F5e5DAeFE930F1B468fC73EC96b0228956,0xd9293636EE3Aa663fc563ADB0912B0705dAfb62c,0xa95Ca3B03D8E133388c2Af48bE35a8AD0e6EC39B,0x186E20ae3530520C9F3E6C46F2f5d1062b784761,0x42EdC9E6a511bCC25503E1eFF7cA77b635fB39Ba,0xb7b1Cc940Cc88640089028d4910De22E39e6D117,0xEDB7AF625443Bec75d53544e091Ee3492ede8BC2,0x25aD2667B19e866109c1a93102b816730a6Aec3f,0x3Eaf7bD84eEFf7445E9499956950d5cBa285C973,0x48f88A8D8e4a9dFF33C0A4D857a81A189C2d6e07,0x9796b9443A3FFbc60eAB64F33E368CC19ebA4F33,0xF814a8e1607Aa1d1a33F42a4c9B3b67eAdCE45bD,0x9628bE77Fb3dcd890fD93A5d039092FcA855D3cC,0x4d477F1aabcFc2FC3FC9b802E861C013E0123AD9,0x766C64d809056fbB492FdB410A6B4857C015619A,0x24fC7A0751BBF53C239cC1D21d2951A5b21f733d,0x08aB4E5199A5E8bD9575bBa899A9561a7cfE8fd6,0x8AB38A0B4410a1cbb1Aa6828Eb948F4942F21Fb9,0x1B1dC2A87150D1f4FEe277060bf27a2aCaaFE4aB,0x7F22646E85Da79953Ac09E9b45EE1b3Be3A42abC,
0xc22db2c066d63fb09009b7b289205cd50bb38ce5c935470def23c1a2ead616e2,
0x026a69e5c9780479332d88fa9779a3cec5a9479d05cc4ca61b1fa9eb099caa73,0xEDB7AF625443Bec75d53544e091Ee3492ede8BC2,0x25aD2667B19e866109c1a93102b816730a6Aec3f,0xB72eD8401892466Ea8aF528C1af1d0524bc5e105,0x08aB4E5199A5E8bD9575bBa899A9561a7cfE8fd6,0xf05e75e42272Ec60ba6157d647924FD2de7a9495,0x64beE1b1ad44A48704c38151Ae1eB0Fe09D55163,0xE87a10d5B212D169CCBC9a50Cf5E23DD3da27cb6,0xd9293636EE3Aa663fc563ADB0912B0705dAfb62c,0x3DbaDc86d19416eC16D81aa07fF2609E6241E7E9,0x9eA8848e5b2D74B371F4dF19b1e5E6B251CC0237,0x3070f20f86fDa706Ac380F5060D256028a46eC29,0x96CC80292fa3A7045611EB84aE09DF8bd15936d2,0x0A251dF99A88A20a93876205Fb7f5Faf2E85A481,
QmVgyo2uc9XdGyAKtR2ygMSmNCefPzkeaWhwy4woMvVorR,0xba2ef5189B762bd4C9E7f0b50fBBaB65193935e8,0x4929f4d38F2955649b5aa34343da04cf790B9D92,0x3DbaDc86d19416eC16D81aa07fF2609E6241E7E9,0xd9293636EE3Aa663fc563ADB0912B0705dAfb62c,0x985147809e9C0A677e9c9BED656C984bE037D373,0xdac959196d0c87b5F285CF259Ff7d615F7071235,0x7F85Cf44E446a4B1AaCe2A28774E88cd6d4e3441,0xa42d32B50275415D3D02c9f28BD5d1310F2B55c3,0xF814a8e1607Aa1d1a33F42a4c9B3b67eAdCE45bD,0xf05e75e42272Ec60ba6157d647924FD2de7a9495,0x186E20ae3530520C9F3E6C46F2f5d1062b784761,0x974f326904b6A568691d81A4AbCe6B0A83063E5E,0xE985A1A1248b995266869258CD965F1dE11111EC,0x08aB4E5199A5E8bD9575bBa899A9561a7cfE8fd6,0xa60DD9d42fdD43E91Da63BD261997E14F21C69Fd,0x766C64d809056fbB492FdB410A6B4857C015619A,0x32a59b87352e980dD6aB1bAF462696D28e63525D,0x2C2f838F0DAc3f4915F4A57f3cB63abcd806EE40,0xFB36A48b4E04158b5B9CAD5E29A7bd8d6DCB4B80,0x3070f20f86fDa706Ac380F5060D256028a46eC29,0x1125917201ed36700F86c3CecEC8C5DAfAe280D1,0x2D8304750A8AC17DC1B9A5Da1c85c0a55f12c3D3,
0x93cf3af94da45d9a1860e0772faa413e3f234de2dcb1d2d07e5f20d2eb2bcdcf,0xE87a10d5B212D169CCBC9a50Cf5E23DD3da27cb6,0x40a82a3aC2bb08E82133E25cBC6Ca128dc7162aa,0xd9293636EE3Aa663fc563ADB0912B0705dAfb62c,0xB9b93bF2DB3678b010E71Ef701d763Aee144E93E,
0xf29dd4b52b58f6a4a97bd276d2eb29be50dd66c6652edeabf1fdadc346450639,0xE87a10d5B212D169CCBC9a50Cf5E23DD3da27cb6,0x40a82a3aC2bb08E82133E25cBC6Ca128dc7162aa,0xd9293636EE3Aa663fc563ADB0912B0705dAfb62c,0xf05e75e42272Ec60ba6157d647924FD2de7a9495,
0x3b2d049f0f9b674ca46c8bba495b4ad2aebc8f43fb065d6c065c25f67bbb94a2,0x40a82a3aC2bb08E82133E25cBC6Ca128dc7162aa,0xd9293636EE3Aa663fc563ADB0912B0705dAfb62c,
0x4ebcc4c4b5f662fba54bdda5c4921ab60796dd7c5bb3baa60576e13b27446815,0x40a82a3aC2bb08E82133E25cBC6Ca128dc7162aa,0xd9293636EE3Aa663fc563ADB0912B0705dAfb62c,
0xeb4d67f48319b2ee6e2dde7ce8fd69932979dc1ccf654734d3a2cbca60ca86cd,0xf05e75e42272Ec60ba6157d647924FD2de7a9495,0x25aD2667B19e866109c1a93102b816730a6Aec3f,0x40a82a3aC2bb08E82133E25cBC6Ca128dc7162aa,0x3DbaDc86d19416eC16D81aa07fF2609E6241E7E9,0xd9293636EE3Aa663fc563ADB0912B0705dAfb62c,
0x6529d73d380add5409ccb1cab6fb61462a3bda7ac02a49494fab2b46e5ca52f4,0x40a82a3aC2bb08E82133E25cBC6Ca128dc7162aa,0xd9293636EE3Aa663fc563ADB0912B0705dAfb62c,0xf05e75e42272Ec60ba6157d647924FD2de7a9495,
0x08a72b745723dca7a099f2f8eded681d6147155ad901c3796a276515696a7b10,0x40a82a3aC2bb08E82133E25cBC6Ca128dc7162aa,0xBBa7f4fA59362E68CD4081F5a098e1d9c01FC552,0xd9293636EE3Aa663fc563ADB0912B0705dAfb62c,0xf05e75e42272Ec60ba6157d647924FD2de7a9495,
0xfa37c539a46ac27bbaaf9371681965341fb46e93d6f6263d17c677e6adb68230,0x40a82a3aC2bb08E82133E25cBC6Ca128dc7162aa,0xd9293636EE3Aa663fc563ADB0912B0705dAfb62c,0xf05e75e42272Ec60ba6157d647924FD2de7a9495,
0x3dbcf83cb344f0a44990b3552dae5389b984cb2d0615f46f4b982b5661ecd549,0x86587327A9DBEa6EF2D4fbc142Be241801B858b2,0x852E45eD1a6502406Af4c409DF4e0Eef3CC0A0E3,0xd9293636EE3Aa663fc563ADB0912B0705dAfb62c,0xc0ad5d21fF19A4E85b016BfD53cED8842995C151,0xD22f19c7C52B89f1BD1b5631Dd2919c3f152c8ec,0x51A23045dB018780dd40C890C62368C187E8d179,0x00ea67d1E6caB97994e75C800bC65bF632598802,0x922C3800C278c5d45E282F6B83FE0bfC713e3eb3,0xf05e75e42272Ec60ba6157d647924FD2de7a9495,0x9f63D8C42CD762C36BB3a63a13fdC3b7EEefa853,
0xfcde35b370138d0638ba97b8bee508fc436b0ccbfc9d2bc68a534c69013f13c8,0x3DbaDc86d19416eC16D81aa07fF2609E6241E7E9,0x9628bE77Fb3dcd890fD93A5d039092FcA855D3cC,0xbbC02dbD39941FFFa605171A977D44C6BAF915c2,0x082B9B776E5d0b1771594676D12619F479B0a69c,0xd9293636EE3Aa663fc563ADB0912B0705dAfb62c,
0xd4b0b42b7f63dafac112651ebdb74d7ce4861e88d9df292838e67f3aafa6af80,0xC5b41fB105883bCd59cEef072B5b6BdbC5df31dA,0x082B9B776E5d0b1771594676D12619F479B0a69c,0xd9293636EE3Aa663fc563ADB0912B0705dAfb62c,0xf05e75e42272Ec60ba6157d647924FD2de7a9495,
0xaec626e8d32d19eb4a2dea23b74e60be6973426be4e8220745d1db15edab874c,0xD22f19c7C52B89f1BD1b5631Dd2919c3f152c8ec,0xd9293636EE3Aa663fc563ADB0912B0705dAfb62c,
0x14cfc26c17e75d13f2a89a5d26231ac1d70188c404394ce787f692295398cf90,0x5e5a9faDb7e343F11e9b2619eb7e40CdC3EA636a,0x64beE1b1ad44A48704c38151Ae1eB0Fe09D55163,0xa1C7bd2e48f7f3922e201705f3491C841135F483,0xf05e75e42272Ec60ba6157d647924FD2de7a9495,0x852E45eD1a6502406Af4c409DF4e0Eef3CC0A0E3,0xAD549C7fcF1bd3E57BCa464D9Dce0A0D561599D1,0xb74125Df13CB9194D93d8b62e0DB30352f2B8001,0xa8bF0cD4D76D92Cb345e81999029f3174A219305,0xd9293636EE3Aa663fc563ADB0912B0705dAfb62c,0x31B87a9636DC5626a9C1B9AA730cbD17158d701F,0x3DbaDc86d19416eC16D81aa07fF2609E6241E7E9,
0x97ae5c4463cbd9539dfac4d64c726d09fc610c3bb28cff4f1238cce301a61126,0xba2ef5189B762bd4C9E7f0b50fBBaB65193935e8,0xf05e75e42272Ec60ba6157d647924FD2de7a9495,0xd9293636EE3Aa663fc563ADB0912B0705dAfb62c,
0x188d497241aab9ce9f26317bd3c538edd127392fa01791dcaf25b8c7d96ee6b7,0xb74125Df13CB9194D93d8b62e0DB30352f2B8001,0xd9293636EE3Aa663fc563ADB0912B0705dAfb62c,
0x6380932e0341a6e85c29e5bc1ed20401a8b3b903a532e56c073884328d55ff2c,0x1AE6912E08bB3e105a4f0A60f666376D3c7aF380,0xB19f6698d63D51Cfa0D6eb4490ca83Fcd640F462,0x7246A274656E797FaB4b02Eb1E0581D46F0358e2,0x852E45eD1a6502406Af4c409DF4e0Eef3CC0A0E3,0xd9293636EE3Aa663fc563ADB0912B0705dAfb62c,0xFCFA4369EAa965AC4e36f1Dd9fd2852C6542b0F7,
0x9b3a6f11710f3881e45eeec95c986ea07c2fc1140402d3a9530a9ac08a7094fa,0x21d79c2Be4ab3de2802a60Da66f86D497D06102B,0x7bc17f42367cFBe17f9c51d96A4A90F152735420,0x31B87a9636DC5626a9C1B9AA730cbD17158d701F,0xd9293636EE3Aa663fc563ADB0912B0705dAfb62c,0x64beE1b1ad44A48704c38151Ae1eB0Fe09D55163,
0xdaae7ddf390cdfe925bb395980a9801d01fecae0c7e20a7c2615a1f03f868c96,0x21d79c2Be4ab3de2802a60Da66f86D497D06102B,0xd9293636EE3Aa663fc563ADB0912B0705dAfb62c,
0x71e63b5f5aa44aa42f2364d34c9ca4d3a44ef949c0a3e889e769be1a7be99eb6,0xd9293636EE3Aa663fc563ADB0912B0705dAfb62c,
0xfa72434ce63a9bffb7891a6f79b2e007a2254b04ffcc6836c1dc61cd2e8ce9e1,0x6F2c254674e6439fA8b85aBE29D8fD13BF5D6D7B,0x21d79c2Be4ab3de2802a60Da66f86D497D06102B,0x31B87a9636DC5626a9C1B9AA730cbD17158d701F,0xd9293636EE3Aa663fc563ADB0912B0705dAfb62c,0x64beE1b1ad44A48704c38151Ae1eB0Fe09D55163,
0x25a91d1a4c309aea09cadad7ee381c86e6afb49c677867fdf9d2c77d897b67ba,0x86587327A9DBEa6EF2D4fbc142Be241801B858b2,0x2F486cD2711fed55ecc481a5a0aC62001EbFB16c,0xf05e75e42272Ec60ba6157d647924FD2de7a9495,0xc92FbcCadb15876ad8A95b8971CA409377C4CAf8,0xA3283Feb23e1fc3912F5C65a1E9a5449bC2e1B94,0x21d79c2Be4ab3de2802a60Da66f86D497D06102B,0x9dfD3E093CCFD86415B515125304742EFF2d17De,0x465b357Bbac5F6f3BC78669Db6980f9Eaa21D0C2,0xFcaD67BbCa2bB963f77C58e87b976341c21aDaFb,0x9796b9443A3FFbc60eAB64F33E368CC19ebA4F33,0x48f88A8D8e4a9dFF33C0A4D857a81A189C2d6e07,0xF69A3f7C94201Cd693734F5197Ee029f8b56BDc3,0x9eA8848e5b2D74B371F4dF19b1e5E6B251CC0237,0x082B9B776E5d0b1771594676D12619F479B0a69c,0xE805Ff9b9bf7fbfd9EbE13379fC8E470025da0C7,0xd9293636EE3Aa663fc563ADB0912B0705dAfb62c,0x3DbaDc86d19416eC16D81aa07fF2609E6241E7E9,
0x38b70ed146ca2f629c727c8944f53014d47a3b416ce83e7b3f6dd19340f4297a,0x9796b9443A3FFbc60eAB64F33E368CC19ebA4F33,0x48f88A8D8e4a9dFF33C0A4D857a81A189C2d6e07,0xF69A3f7C94201Cd693734F5197Ee029f8b56BDc3,0x9eA8848e5b2D74B371F4dF19b1e5E6B251CC0237,0x082B9B776E5d0b1771594676D12619F479B0a69c,0xEDB7AF625443Bec75d53544e091Ee3492ede8BC2,0x3DbaDc86d19416eC16D81aa07fF2609E6241E7E9,0xE805Ff9b9bf7fbfd9EbE13379fC8E470025da0C7,0xA3283Feb23e1fc3912F5C65a1E9a5449bC2e1B94,0x33FF74323dF522E44c519B4a9d305A7639f7Cf4f,0x21d79c2Be4ab3de2802a60Da66f86D497D06102B,0xd9293636EE3Aa663fc563ADB0912B0705dAfb62c,
0x67293d042a88217da8935371d5ea2d93499ebda565b01ee2cd695dab15b01907,0xd9293636EE3Aa663fc563ADB0912B0705dAfb62c,
0x2148e6a73a962b4b330d56847276aa3add4a353ba0d58052931f2ac2a5e11d29,0xE805Ff9b9bf7fbfd9EbE13379fC8E470025da0C7,0xA3283Feb23e1fc3912F5C65a1E9a5449bC2e1B94,0xd9293636EE3Aa663fc563ADB0912B0705dAfb62c,0xf05e75e42272Ec60ba6157d647924FD2de7a9495,
0x83d322647f0b0f9e53e573ca7e2e2147db8d32cd3aee2c9014f8f457688cc53e,0xA3283Feb23e1fc3912F5C65a1E9a5449bC2e1B94,0xd9293636EE3Aa663fc563ADB0912B0705dAfb62c,
0x4e54b479e0fd9f12202fd1f7b316ba73805a8f5654573c4625f5929c72edef6f,0xF69A3f7C94201Cd693734F5197Ee029f8b56BDc3,0xA3283Feb23e1fc3912F5C65a1E9a5449bC2e1B94,0x33FF74323dF522E44c519B4a9d305A7639f7Cf4f,0xf05e75e42272Ec60ba6157d647924FD2de7a9495,0x3DbaDc86d19416eC16D81aa07fF2609E6241E7E9,0xd9293636EE3Aa663fc563ADB0912B0705dAfb62c,
0x291772715885924180eaeb9cca6f5c5462807a14e071cf383fe50d518936c1bb,0x21d79c2Be4ab3de2802a60Da66f86D497D06102B,0xA3283Feb23e1fc3912F5C65a1E9a5449bC2e1B94,0xf05e75e42272Ec60ba6157d647924FD2de7a9495,0x3DbaDc86d19416eC16D81aa07fF2609E6241E7E9,0x651D4A002A4A2c618F953Df8328F091401096A77,0xd9293636EE3Aa663fc563ADB0912B0705dAfb62c,
0xeb6bc580346fe1b3169875d3f7b29ce2c50159bd6948fc8ddef1b011fcae5d76,0xa8bF0cD4D76D92Cb345e81999029f3174A219305,0xf05e75e42272Ec60ba6157d647924FD2de7a9495,0xd9293636EE3Aa663fc563ADB0912B0705dAfb62c,
0xf18e0813018262ea83e5c8152b72f04d15458ef3b0c3c7d995f551555118ab69,0xf05e75e42272Ec60ba6157d647924FD2de7a9495,0xd9293636EE3Aa663fc563ADB0912B0705dAfb62c,
0x8752a03f200e1d4c43616b9b338d4d00e7c8da83c2bbeea14832939b88ce17c7,0xB3E7E79cEA7958C4b05CA6A39acAe2d814bc2542,0x4d477F1aabcFc2FC3FC9b802E861C013E0123AD9,0xd9293636EE3Aa663fc563ADB0912B0705dAfb62c,
0x377d464986e72cf160e69be0f0bfca405cf048b86ae149610949ff3d79fcbba3,0x010E3A3a9AAF3d8eE76B26d154F8C16c970f477E,0xB9b93bF2DB3678b010E71Ef701d763Aee144E93E,0x6aDdaA208Ea7c6E413F0c514DC1BA7510390C500,0xd9293636EE3Aa663fc563ADB0912B0705dAfb62c,0x25aD2667B19e866109c1a93102b816730a6Aec3f,
0xe7743b0fe7fa5e0f6d9c95b7e33259987fd0909d2275a7e9ce0b336f241e4f58,0x010E3A3a9AAF3d8eE76B26d154F8C16c970f477E,0x64e9f340A9C3A07892921C851384ef6d054b1725,0x3DbaDc86d19416eC16D81aa07fF2609E6241E7E9,0xc3d696C268503Df52781E32085110C562f40333d,0x5102009e110466F69c1E82d0c64eF969339648d4,0x6aDdaA208Ea7c6E413F0c514DC1BA7510390C500,0xf05e75e42272Ec60ba6157d647924FD2de7a9495,0xd9293636EE3Aa663fc563ADB0912B0705dAfb62c,
0x46e9d65c7aab4d1c44f762b32f39ebd612e7a63914e1c9c351000b1801c597a9,0xc0ad5d21fF19A4E85b016BfD53cED8842995C151,0x6Dce215F5D0209Bee096fb5147C423344D10553b,0x5102009e110466F69c1E82d0c64eF969339648d4,0x40534E513dF8277870B81e97B5107B3f39DE4f15,0xd9293636EE3Aa663fc563ADB0912B0705dAfb62c,
0xb593cb7ea9b700ef8df43c9c5520120d5579bf80a9c36dae4fe206f0f2a02b70,0xEDB7AF625443Bec75d53544e091Ee3492ede8BC2,0x6aDdaA208Ea7c6E413F0c514DC1BA7510390C500,0xf05e75e42272Ec60ba6157d647924FD2de7a9495,0x3DbaDc86d19416eC16D81aa07fF2609E6241E7E9,0xd9293636EE3Aa663fc563ADB0912B0705dAfb62c,
0x7e50caa67544f4d0d0a4e6a0254d1a493cba879940b24eeaf5d45a0807a241d2,0xF69A3f7C94201Cd693734F5197Ee029f8b56BDc3,0xAD549C7fcF1bd3E57BCa464D9Dce0A0D561599D1,0x6aDdaA208Ea7c6E413F0c514DC1BA7510390C500,0x3DbaDc86d19416eC16D81aa07fF2609E6241E7E9,0xCD684EFC2E9491e7d55528B03f0Bf2d53e75c09a,0xd9293636EE3Aa663fc563ADB0912B0705dAfb62c,
0x5ba2a218857b24f31e265342d163fe995259b48aaac4457cfdab6798f2301c6b,0xA3283Feb23e1fc3912F5C65a1E9a5449bC2e1B94,0xf05e75e42272Ec60ba6157d647924FD2de7a9495,0xdE9B9A2B33E136a6fdA98005E85585f83e536DA7,0x3DbaDc86d19416eC16D81aa07fF2609E6241E7E9,0xD33284930474fd9CD8b09735026Eb1613c8A80A6,0xd9293636EE3Aa663fc563ADB0912B0705dAfb62c,
0xad241d0f1c19a44a7e5705d3b7839e2e5c21bac4631688027c1e91f8fd811787,0x08aB4E5199A5E8bD9575bBa899A9561a7cfE8fd6,0x1FECe8D44Eeeed4aA69f2B2dF10174f0A817F5b3,0xCD684EFC2E9491e7d55528B03f0Bf2d53e75c09a,0x6A62a664974939513f165703e76Ab8E16aC8eB17,0x2497dFFC5ed6E49678302c48A29cd930928Dc1C8,0xA3283Feb23e1fc3912F5C65a1E9a5449bC2e1B94,0x850166bb05994C563B65f0562E13545D86041395,0xdE9B9A2B33E136a6fdA98005E85585f83e536DA7,0xd9293636EE3Aa663fc563ADB0912B0705dAfb62c,
0xaaa4b6e60f2b07d0a83fcfac9311d8bbd60947d304a3517cbb427a89fb30d64a,0xf05e75e42272Ec60ba6157d647924FD2de7a9495,0xdE9B9A2B33E136a6fdA98005E85585f83e536DA7,0xd9293636EE3Aa663fc563ADB0912B0705dAfb62c,
0x11e197612d3585c9c0e36a05eeaedef866179ccc6184b0990ed1b8b4f5eb2418,0xd9293636EE3Aa663fc563ADB0912B0705dAfb62c,
0xd946d404763ccceefb8efdad15b07e7ae031359b617062d34d211a5929034a31,0xf05e75e42272Ec60ba6157d647924FD2de7a9495,0xd9293636EE3Aa663fc563ADB0912B0705dAfb62c,
0x745856d1052487c424a9e0907ab3ab8af2b9de3dcd0d6b3c40cdda4515ce3347,0xEd71d7586839Db87Ee8D48454969AB8609f24136,0xd6D7Ea4833f22edBED3DbD3d71Adf3cdD8E36a01,0xBe44Acb7797880916cFc9C23a85A753b21c9aF80,0xd9293636EE3Aa663fc563ADB0912B0705dAfb62c,
0x9ffe207c80f3581d60fb3cd1dbeecaf3f265452b34c97f5317419a14ba4a703a,0xf05e75e42272Ec60ba6157d647924FD2de7a9495,0xBe44Acb7797880916cFc9C23a85A753b21c9aF80,0x049569adb8a1e8A9349E9F1111C7b7993A4612eB,0x08aB4E5199A5E8bD9575bBa899A9561a7cfE8fd6,0x2B86486477D007b75286474458ED45594320a580,0xF4e60564dAf7f36DA64E10942A2255D9AEF79d51,0xd9293636EE3Aa663fc563ADB0912B0705dAfb62c,
0xb86024729e32d820870c7c755ca3aafc9dede6f88b51a3280cbeb23936ca7fd2,0x17E5a662B373673475C51b6DB9d79Bd291dcE573,0xbAa882D68FC5325fC3899dE264F24B5981523A5C,0xEDB7AF625443Bec75d53544e091Ee3492ede8BC2,0x421A8A0C6388FaA1550E2636538d8d7605a8cEde,0x7Ee567D2AC5dca4c422281Deb1e2334a805BA6C1,0x9628bE77Fb3dcd890fD93A5d039092FcA855D3cC,0xE58585B22cC2aC4270a2b92c2D2d8C5dB5A3330E,0x4F5695d12c30eae448c5f38023B12572e483453c,0xC6510245a3d961746DB4883916d2D600e19f4ff3,0x393EaA4CfCcEA60866dEc70445187086913B1D0b,0x2C23F12195077BEe4AC4F7d598af30904a5fbF91,0xc0ad5d21fF19A4E85b016BfD53cED8842995C151,0x7A4C76231dF9fFC2E95d4A247d05e4d954E21ACA,0x1d5E65a087eBc3d03a294412E46CE5D6882969f4,0x65Bc72F5e5DAeFE930F1B468fC73EC96b0228956,0x01AB07010c2F4bf5971537669Cc19d5D8Cf320A0,0x865D7eb5db37cc02ec209DD778f4e3851a421A20,0x00ea67d1E6caB97994e75C800bC65bF632598802,0x316B98C6df382BD218186D0766966459A199Dd04,0xF814a8e1607Aa1d1a33F42a4c9B3b67eAdCE45bD,0xBe44Acb7797880916cFc9C23a85A753b21c9aF80,0xED3Ca6dF7794DdDc3fdb4328994496eF3DF95C4d,0x60d0b188A74e479a020be3551f26c6Fa2c4a39F5,0x8d07D225a769b7Af3A923481E1FdF49180e6A265,0x3DbaDc86d19416eC16D81aa07fF2609E6241E7E9,0x2C2f838F0DAc3f4915F4A57f3cB63abcd806EE40,0x8AB38A0B4410a1cbb1Aa6828Eb948F4942F21Fb9,0xF69A3f7C94201Cd693734F5197Ee029f8b56BDc3,0xf05e75e42272Ec60ba6157d647924FD2de7a9495,0xD33284930474fd9CD8b09735026Eb1613c8A80A6,0x16f2F6eb3AFD95cE06eD9b700EC7D44FAF380C8A,0x08aB4E5199A5E8bD9575bBa899A9561a7cfE8fd6,0xd9293636EE3Aa663fc563ADB0912B0705dAfb62c,
0xa4fb7471bee0d6cd2ca468aa105344b695938ae75cb98dd28f38b91193fa5538,0x7F85Cf44E446a4B1AaCe2A28774E88cd6d4e3441,0xd9293636EE3Aa663fc563ADB0912B0705dAfb62c,
0xe2f10688fbfb54bc86dc0ffe81c666f8c02b1e5d51adf3aea971eebe70e5c023,0x3DbaDc86d19416eC16D81aa07fF2609E6241E7E9,0xd9293636EE3Aa663fc563ADB0912B0705dAfb62c,
0x9f5f6878521772225de82e23cd9b19bc00ffb2e69a416aef6f7986d3611a5915,0xF4e60564dAf7f36DA64E10942A2255D9AEF79d51,0xd9293636EE3Aa663fc563ADB0912B0705dAfb62c,
0xcc91dbc66a5ed6c804e33a2248ca4ef47fe11f4e87ea5f4f350b4169da33e372,0xd9293636EE3Aa663fc563ADB0912B0705dAfb62c,
0x6d653f4d9afc0e024efcf4555cffa82c24d55e7fa159ecae5c274c1deb719edb,0xd9293636EE3Aa663fc563ADB0912B0705dAfb62c,0xF5bF3B7B7D03EfD34BA1E1BcF1694080975d8A1c,
0xdd6b509ffad54e98c267cd2315dd2c1575b98de0b54c3acdb9d2c965edfc0ae3,0xd9293636EE3Aa663fc563ADB0912B0705dAfb62c,0x3DbaDc86d19416eC16D81aa07fF2609E6241E7E9,
0x603ed38e178130ebfe0b66fe96a825483ff75047b1cb594a9378877dc9d7344a,0x80a03DBf383c6FDD96FB95D1A24d63C7b6d02b08,0xd9293636EE3Aa663fc563ADB0912B0705dAfb62c,
0x25cc158efc6590d84bbb9da525a0da4f8915fb3fec8d2b85373ce45eab4ebf71,0x3DbaDc86d19416eC16D81aa07fF2609E6241E7E9,0x48f88A8D8e4a9dFF33C0A4D857a81A189C2d6e07,0xC4D8F1815C408a49983D843eddf390d1Edf16Cd3,0x7cF7d9AB22d62486D9C79585ACD4841817Ae68BC,0x6544df975cF58A0b2C9a361a8db2e00D338e10c1,0x1AE6912E08bB3e105a4f0A60f666376D3c7aF380,0xe120Be880D79adEd4cdbf6F2f9Ef880987c82dc8,0xB9b93bF2DB3678b010E71Ef701d763Aee144E93E,0xd9293636EE3Aa663fc563ADB0912B0705dAfb62c,
0x7e202dc6735614ae68b840b99dcfc25764828096eecade9b864da689fc3a0363,0x1AE6912E08bB3e105a4f0A60f666376D3c7aF380,0xd9293636EE3Aa663fc563ADB0912B0705dAfb62c,
0xf039dc06a2506a6d70d531e9ea46ff5188d92d90f1f4c0145e0e75e8997a3591,0xc7a00B2635339d1C4EB7A22AC73f53b7a9bD0613,0xf3C9A9C1c5370E989805d7c13A1559678a8BB3aC,0xEF08c3d5b02cF6240Cf71908D5dBD497e361584f,0xF814a8e1607Aa1d1a33F42a4c9B3b67eAdCE45bD,0x5668EAd1eDB8E2a4d724C8fb9cB5fFEabEB422dc,0xC4D8F1815C408a49983D843eddf390d1Edf16Cd3,0x6544df975cF58A0b2C9a361a8db2e00D338e10c1,0x1AE6912E08bB3e105a4f0A60f666376D3c7aF380,0xe120Be880D79adEd4cdbf6F2f9Ef880987c82dc8,0xB9b93bF2DB3678b010E71Ef701d763Aee144E93E,0xd9293636EE3Aa663fc563ADB0912B0705dAfb62c,
0x903e7d6ece8749bf6a2ef4a86647551a756ccc76a83595e1b8b426143690f8c5,0xf05e75e42272Ec60ba6157d647924FD2de7a9495,0xf3C9A9C1c5370E989805d7c13A1559678a8BB3aC,0xF814a8e1607Aa1d1a33F42a4c9B3b67eAdCE45bD,0xB9b93bF2DB3678b010E71Ef701d763Aee144E93E,0xBe44Acb7797880916cFc9C23a85A753b21c9aF80,0x33FF74323dF522E44c519B4a9d305A7639f7Cf4f,0x3DbaDc86d19416eC16D81aa07fF2609E6241E7E9,0x6Bb48ee6dC739Db470e29E3DCf0c3B34E94277dB,0xe53085d26544dAF3BA8f66B2D1B108E285cc51f9,0x8EA502092eab16e340808dC75eF3c982E2D71d15,0x5a4FE7459620692b4b2F67E6Eb8828006a5d2dE6,0x4B795ba8BCc0f125813D13Da5B65DCaBA4ae4Bd1,0x7A4C76231dF9fFC2E95d4A247d05e4d954E21ACA,0xF5bF3B7B7D03EfD34BA1E1BcF1694080975d8A1c,0x91FD6A2396Cf3B7C4E4F002Cd663469Ea883c590,0x67B98fa27f40028e9CAAf5a02535cf112dB833Aa,0xd9293636EE3Aa663fc563ADB0912B0705dAfb62c,0x08aB4E5199A5E8bD9575bBa899A9561a7cfE8fd6,0x9796b9443A3FFbc60eAB64F33E368CC19ebA4F33,0x48f88A8D8e4a9dFF33C0A4D857a81A189C2d6e07,0x6692735165E06b1555A4117226e9C39A34af7F44,
0x591379ba292ce762d89360532bd54fe4bc5c87be3c4c52e16624ccd96d8b384e,0x7A4C76231dF9fFC2E95d4A247d05e4d954E21ACA,0xF5bF3B7B7D03EfD34BA1E1BcF1694080975d8A1c,0x6692735165E06b1555A4117226e9C39A34af7F44,0xEDB7AF625443Bec75d53544e091Ee3492ede8BC2,0x3DbaDc86d19416eC16D81aa07fF2609E6241E7E9,0x08aB4E5199A5E8bD9575bBa899A9561a7cfE8fd6,0xd9293636EE3Aa663fc563ADB0912B0705dAfb62c,
0x7d870932be7ca3c9b267451ce0a62b4bf25450aa206bd2f9a05ad200804b85d7,0xEDB7AF625443Bec75d53544e091Ee3492ede8BC2,0x5Ed293D6A1A222918eAE9138190183C8b9551018,0xd9293636EE3Aa663fc563ADB0912B0705dAfb62c,
0xad8f1ed727404597d32a39166751a407ceaacec6d931e36e0dd02ee2824c8e0a,0x813e0fcB21F527A85ddE4e3D98261707CE5AAD79,0x8EA502092eab16e340808dC75eF3c982E2D71d15,0x3DbaDc86d19416eC16D81aa07fF2609E6241E7E9,0xf05e75e42272Ec60ba6157d647924FD2de7a9495,0x3146242E1b95A1ACf64E385c84200600AAc78839,0xCD684EFC2E9491e7d55528B03f0Bf2d53e75c09a,0xd9293636EE3Aa663fc563ADB0912B0705dAfb62c,
0x21fe7a5fcd5f75122f02429c2b9fa300880eddde0bd1ac57a211386a1290a7ef,0x813e0fcB21F527A85ddE4e3D98261707CE5AAD79,0x8EA502092eab16e340808dC75eF3c982E2D71d15,0x9796b9443A3FFbc60eAB64F33E368CC19ebA4F33,0x48f88A8D8e4a9dFF33C0A4D857a81A189C2d6e07,0xf05e75e42272Ec60ba6157d647924FD2de7a9495,0xd9293636EE3Aa663fc563ADB0912B0705dAfb62c,
0xae4e9c120e8548a07f4ca1012a3b87dd432c6a5233b13404c709973be9556de2,0x813e0fcB21F527A85ddE4e3D98261707CE5AAD79,0xf05e75e42272Ec60ba6157d647924FD2de7a9495,0xd9293636EE3Aa663fc563ADB0912B0705dAfb62c,
0x88f109295bd7f2a48eb92e86a1fdbc9ad46fe9bc6ea32af836d6a9584be063aa,0x813e0fcB21F527A85ddE4e3D98261707CE5AAD79,0xf05e75e42272Ec60ba6157d647924FD2de7a9495,0xd9293636EE3Aa663fc563ADB0912B0705dAfb62c,0x3DbaDc86d19416eC16D81aa07fF2609E6241E7E9,
0xdbc9fc2767fadd7f952903fbcd2db681eab3fb278e4c4f04c033a8b1267c2cf1,0x827eA2C64d3f5093F632ab6DaA94EE8d7eEe0686,0x813e0fcB21F527A85ddE4e3D98261707CE5AAD79,0xf05e75e42272Ec60ba6157d647924FD2de7a9495,0x7C818D46ACEf870ea88137BF553594f4803872cA,0xa60DD9d42fdD43E91Da63BD261997E14F21C69Fd,0x865D7eb5db37cc02ec209DD778f4e3851a421A20,0x08aB4E5199A5E8bD9575bBa899A9561a7cfE8fd6,0xEd71d7586839Db87Ee8D48454969AB8609f24136,0x3Da48C5E033EDC7Dbb3bcC1e68293753c1Ce9cF6,0x9E2E00AaB67c3A7B827eb3e431c4A6c2077510a6,0xd9293636EE3Aa663fc563ADB0912B0705dAfb62c,0x6Bb48ee6dC739Db470e29E3DCf0c3B34E94277dB,
0x73dd90269686e4050455cd9d98bdf612fc1f6117d3677b474a3eb8d8e44ac5e8,0xf05e75e42272Ec60ba6157d647924FD2de7a9495,0x865D7eb5db37cc02ec209DD778f4e3851a421A20,0xd9293636EE3Aa663fc563ADB0912B0705dAfb62c,0x67B98fa27f40028e9CAAf5a02535cf112dB833Aa,0xe53085d26544dAF3BA8f66B2D1B108E285cc51f9,
0xad25c0c52f407ba512d965db98f76e2514f4892fdb6325b88cc421dd39f04446,0xf3C9A9C1c5370E989805d7c13A1559678a8BB3aC,0xea96EDdF997B45E22dd7cdB0EE45744f53e33693,0x9A44394ffd96a78d0B5c5b2f5DCFF6052C70176d,0x813e0fcB21F527A85ddE4e3D98261707CE5AAD79,0x36de990133D36d7E3DF9a820aA3eDE5a2320De71,0xf05e75e42272Ec60ba6157d647924FD2de7a9495,0xa60DD9d42fdD43E91Da63BD261997E14F21C69Fd,0x5B191F5A2b4A867c4eD71858dacCc51FC59c69c0,0x9294539df10C41af04926526979eFaf6695F459F,0x974f326904b6A568691d81A4AbCe6B0A83063E5E,0x08aB4E5199A5E8bD9575bBa899A9561a7cfE8fd6,0x6Bb48ee6dC739Db470e29E3DCf0c3B34E94277dB,0x14043f3D775E82af0B2FB6ff9F6920829Cd2B6C9,0xe53085d26544dAF3BA8f66B2D1B108E285cc51f9,0x0848F011d99C5aA0abf0E8a43c72d8b573383f2B,0xd9293636EE3Aa663fc563ADB0912B0705dAfb62c,0x66b9BD3a9F0d44121533F88C94D4e35213222917,0x2d1bdC590Cb736097Bc5577c8974e28dc48F5ECc,
0xb9d87bd5247cbc190a7263188fdbac59273d4fb4ac538958b38e209a66c1d44a,0x813e0fcB21F527A85ddE4e3D98261707CE5AAD79,0x6Bb48ee6dC739Db470e29E3DCf0c3B34E94277dB,0xf05e75e42272Ec60ba6157d647924FD2de7a9495,0x5a4FE7459620692b4b2F67E6Eb8828006a5d2dE6,0xa60DD9d42fdD43E91Da63BD261997E14F21C69Fd,0x865D7eb5db37cc02ec209DD778f4e3851a421A20,0xE25d5C876e24C52f0938967fb6e164bB70Bb2362,0x9E2E00AaB67c3A7B827eb3e431c4A6c2077510a6,0x850166bb05994C563B65f0562E13545D86041395,0xc0AFEF712a1341cA78dA145B2AFAd346E8C3574F,0x974f326904b6A568691d81A4AbCe6B0A83063E5E,0x08aB4E5199A5E8bD9575bBa899A9561a7cfE8fd6,0xe120Be880D79adEd4cdbf6F2f9Ef880987c82dc8,0xe53085d26544dAF3BA8f66B2D1B108E285cc51f9,0x66b9BD3a9F0d44121533F88C94D4e35213222917,0xa2Faee9518aB8e3f78601650BC2E3e378FFEa9A0,0xd9293636EE3Aa663fc563ADB0912B0705dAfb62c,0xEd71d7586839Db87Ee8D48454969AB8609f24136,
0x00de90755a7da5b717960549f9bae307be6ec0b79a69d814ef4aeb0667aa20a7,0xf05e75e42272Ec60ba6157d647924FD2de7a9495,0xe53085d26544dAF3BA8f66B2D1B108E285cc51f9,0xd9293636EE3Aa663fc563ADB0912B0705dAfb62c,
0xa4cad05d7b2f58b134d87f0f9b8d29144dfdfe6512aae6525c194ab462f01054,0xd9293636EE3Aa663fc563ADB0912B0705dAfb62c,0xe94a2165073cAfca7fA38Cd1E37eBF603A82BC3F,
0xd395553e7b364feb750a14d9ea0c06168578f1f54d4550b89b1b08548e0cdb40,0xf3C9A9C1c5370E989805d7c13A1559678a8BB3aC,0xF5bF3B7B7D03EfD34BA1E1BcF1694080975d8A1c,0x813e0fcB21F527A85ddE4e3D98261707CE5AAD79,0xEd71d7586839Db87Ee8D48454969AB8609f24136,0x3Da48C5E033EDC7Dbb3bcC1e68293753c1Ce9cF6,0x9E2E00AaB67c3A7B827eb3e431c4A6c2077510a6,0x974f326904b6A568691d81A4AbCe6B0A83063E5E,0xa2Faee9518aB8e3f78601650BC2E3e378FFEa9A0,0x3070f20f86fDa706Ac380F5060D256028a46eC29,0x3DbaDc86d19416eC16D81aa07fF2609E6241E7E9,0xd9293636EE3Aa663fc563ADB0912B0705dAfb62c,0xe94a2165073cAfca7fA38Cd1E37eBF603A82BC3F,0x7F85Cf44E446a4B1AaCe2A28774E88cd6d4e3441,
0x6ce0c0eba181cdaaba67738a38df05ab6a2d8983ee09d28a633cad11ef08b676,0xd9293636EE3Aa663fc563ADB0912B0705dAfb62c,
0x4477c569214dd810e7caa03fba4a620507d7ebdfc8e1c421bfc01dc967a66fd5,0x08aB4E5199A5E8bD9575bBa899A9561a7cfE8fd6,0xd9293636EE3Aa663fc563ADB0912B0705dAfb62c,
QmfCbWBLYm2qDkmCJrD7UELrupF3tsEqQiosgLfvojXChj,0x08aB4E5199A5E8bD9575bBa899A9561a7cfE8fd6,0xd9293636EE3Aa663fc563ADB0912B0705dAfb62c,
0xa66aaa77fba8997a86f9cd0c1a8662385a8ea7a492e2a9e16fbed45e1b8203cb,0x813e0fcB21F527A85ddE4e3D98261707CE5AAD79,0xf05e75e42272Ec60ba6157d647924FD2de7a9495,0x7F85Cf44E446a4B1AaCe2A28774E88cd6d4e3441,0xd9293636EE3Aa663fc563ADB0912B0705dAfb62c,
0x1e82a99abdcf5b2fcbfa1dcd3ce0e74d413f98213c4ddeb059949eea24586a56,0x813e0fcB21F527A85ddE4e3D98261707CE5AAD79,0xf05e75e42272Ec60ba6157d647924FD2de7a9495,0x7F85Cf44E446a4B1AaCe2A28774E88cd6d4e3441,0x3DbaDc86d19416eC16D81aa07fF2609E6241E7E9,0xd9293636EE3Aa663fc563ADB0912B0705dAfb62c,
0x7ee91584eb465c5f40f19e6e8720a11d3073ccf91c7523f1a2a39cd1eae1aceb,0x3DbaDc86d19416eC16D81aa07fF2609E6241E7E9,0x651D4A002A4A2c618F953Df8328F091401096A77,0xd9293636EE3Aa663fc563ADB0912B0705dAfb62c,
0x92d62667de864a26b38f215b30455e822fe17d000bf059ac32006f4959d8ce47,0x5102009e110466F69c1E82d0c64eF969339648d4,0xd9293636EE3Aa663fc563ADB0912B0705dAfb62c,
0x15fae2fb5f07ef6b94db2496a5a26ba8cd331a0460365b15a648eac2726c1d11,0xF69A3f7C94201Cd693734F5197Ee029f8b56BDc3,0x14fd7D24eBF81196dfd6d3AF740D5024071859f8,0xBe44Acb7797880916cFc9C23a85A753b21c9aF80,0xf05e75e42272Ec60ba6157d647924FD2de7a9495,0xEd71d7586839Db87Ee8D48454969AB8609f24136,0x974f326904b6A568691d81A4AbCe6B0A83063E5E,0xe120Be880D79adEd4cdbf6F2f9Ef880987c82dc8,0x1FECe8D44Eeeed4aA69f2B2dF10174f0A817F5b3,0x8EA502092eab16e340808dC75eF3c982E2D71d15,0xC2CE1ECBCc7f95A8F2A42dCd171E359Fd52303Ef,0x11b67a503B3B702104EeeF69a4eA1365D0F2c658,0x8Dd0F1C1BDEf8e2C180df44d348db44494C54Ea7,0xc0ad5d21fF19A4E85b016BfD53cED8842995C151,0xe066FE84075fcaB0359498EE2fD29C18a8da8FEF,0xd9293636EE3Aa663fc563ADB0912B0705dAfb62c,
0x7e09535538309ab461b2b00fd11a989f8d01b02b3c5dba2fc4e6c45e17b6f141,
0x511829776557ed8c1aa21dae488468cc9df7b7848b2203aaa742290e2080153d,0xf05e75e42272Ec60ba6157d647924FD2de7a9495,0x11b67a503B3B702104EeeF69a4eA1365D0F2c658,0x8Dd0F1C1BDEf8e2C180df44d348db44494C54Ea7,0xd9293636EE3Aa663fc563ADB0912B0705dAfb62c,0x3Eaf7bD84eEFf7445E9499956950d5cBa285C973,
0xb2af26bec5d88bca2dd22676a941ef9a0b750e754a74436e0013bdafb78d67e3,0x11b67a503B3B702104EeeF69a4eA1365D0F2c658,0xC2f39bFCDee4C4c33359edBa8fB3C4cfa044E8fB,0xe066FE84075fcaB0359498EE2fD29C18a8da8FEF,0xd9293636EE3Aa663fc563ADB0912B0705dAfb62c,0x548B363F28234FE88a72D628c5350E37640429bC,0xa7A5dff9E7e0D1Ee320fD3D5F96dc689CdCE5220,
0xea0f3c3165bfb97188e300b6af5798697a760564616703393e3e90bec3bdd909,0xd9293636EE3Aa663fc563ADB0912B0705dAfb62c,
0xe6cce57f47e7dee7ccd0e9241d2f57429f8ba07a39b13db575e46ee4f4657b7b,0x11b67a503B3B702104EeeF69a4eA1365D0F2c658,0x1e68515abf22dCd8f046787f819053ab6b51Dbb5,0xdFC0ED701CaE22293d809db9Bb295F5C268Ea7D6,0x3DbaDc86d19416eC16D81aa07fF2609E6241E7E9,0xd9293636EE3Aa663fc563ADB0912B0705dAfb62c,
0xe05a4b5a8a40628ff3e11f2dc4508ecac98a71b8e3bbbca8c93f4972f4683009,0x813e0fcB21F527A85ddE4e3D98261707CE5AAD79,0xf05e75e42272Ec60ba6157d647924FD2de7a9495,
0x845aadd0d1f36b0bacae33403e8a7c5eb2e9e3f244694bd264b14dc8d1500bcd,0x1e68515abf22dCd8f046787f819053ab6b51Dbb5,0xd9293636EE3Aa663fc563ADB0912B0705dAfb62c,0x049397BD8325E0089DECF676EB42C134Ea65bB90,0x2Cc5a915d693dD97b0Fb01D11a4CCCb077FD8102,0xe32307B731526A00cb32e8678F64ec3FA121F44d,0x3E26163C5f8f9716816FEBB5ae21Ac7835B5fA1B,0x09CF915e195aF33FA7B932C253352Ae9FBdB0106,
0x1e7363fba37f7dcaeaa4015c153de773e875d887480884f449c9332e8d906446,0xd9293636EE3Aa663fc563ADB0912B0705dAfb62c,0x049397BD8325E0089DECF676EB42C134Ea65bB90,0x42D2184dac8580e6224b361A36CA3a917F7EA67b,0x4A2B2eDdDBb8264D009D2931FA96350A911EE69c,
0x6b35c4fe55953604e282c5d4b1644d563590f785dd05d2fcccc48541e8260056,0x1e68515abf22dCd8f046787f819053ab6b51Dbb5,0x049397BD8325E0089DECF676EB42C134Ea65bB90,0x09CF915e195aF33FA7B932C253352Ae9FBdB0106,0xd9293636EE3Aa663fc563ADB0912B0705dAfb62c,0xEDB7AF625443Bec75d53544e091Ee3492ede8BC2,
0x6b07f51c3463de225be1fe867b99d68c88ee66e68f8c85c741b9ea3135784f24,0x049397BD8325E0089DECF676EB42C134Ea65bB90,0x09CF915e195aF33FA7B932C253352Ae9FBdB0106,0xEDB7AF625443Bec75d53544e091Ee3492ede8BC2,0xd9293636EE3Aa663fc563ADB0912B0705dAfb62c,
0x4a161991fc9fb71512e904640e1d7b30e60e28a24be67e2923508a476c95a3c4,0x1e68515abf22dCd8f046787f819053ab6b51Dbb5,0x09CF915e195aF33FA7B932C253352Ae9FBdB0106,0xEDB7AF625443Bec75d53544e091Ee3492ede8BC2,0xd9293636EE3Aa663fc563ADB0912B0705dAfb62c,
0x8ce2f1762a9e974e0ca5e3ef2cb42c887b664f897783ce2a4eb9b65035139a2c,0xd9293636EE3Aa663fc563ADB0912B0705dAfb62c,
0x50299404455d4edce31bc341a6b5d0617e19b7396a81c973d4dfe75307a8c455,0xd9293636EE3Aa663fc563ADB0912B0705dAfb62c,
0xf688ed7dfd66c87dd9320b331b95969851ce340e9c183f38a7c4f5f3a2ea7f15,0x813e0fcB21F527A85ddE4e3D98261707CE5AAD79,0xf05e75e42272Ec60ba6157d647924FD2de7a9495,0xd9293636EE3Aa663fc563ADB0912B0705dAfb62c,
0x73c09f5c2f279f01a8eed39d8dc2b1deff02f1de64b73ad7ad1dce680a430e0d,0xf05e75e42272Ec60ba6157d647924FD2de7a9495,0xd9293636EE3Aa663fc563ADB0912B0705dAfb62c,
0xc943136ceebac757c9fa767f91da3a9c52d91d0e8e64a6c6193fa466bcf64d39,0xf05e75e42272Ec60ba6157d647924FD2de7a9495,0xd9293636EE3Aa663fc563ADB0912B0705dAfb62c,
0x35803fbc88e3211c89a16a995d6c89b7fdf9d3c8645f05214c49d7c524d0e203,0xd9293636EE3Aa663fc563ADB0912B0705dAfb62c,
0xcfad360378e9242140eda6b0d04d79aae373d041b2a3ef258f25568a16737b61,0xd9293636EE3Aa663fc563ADB0912B0705dAfb62c,
0xd783873de7d037e409c02a163eb00933cec90324c36ed22386b8b6f66ea3f91f,0xe32307B731526A00cb32e8678F64ec3FA121F44d,0xd9293636EE3Aa663fc563ADB0912B0705dAfb62c,
0x8243e00f37de36083d0c2d5d4ba7d1e999e003caf5e885bbcf328dfb01c2c4e0,0xd9293636EE3Aa663fc563ADB0912B0705dAfb62c,
0xed2f07412a1a988c86d03bda89d5f578b7ab8e45242a854a800b35fe8460691f,0xd9293636EE3Aa663fc563ADB0912B0705dAfb62c,
0x11ecf9484725623f32b132c79a287715b65b5b13e2acebd48b58c4adc1c72d18,0xd9293636EE3Aa663fc563ADB0912B0705dAfb62c,
0x5ec8698ef99fae9ed3e3e69165240768bc0f38139330004d84a8076be225781c,0xd9293636EE3Aa663fc563ADB0912B0705dAfb62c,
0x342ae8487532442d903bbec0cdbe978005957b3ae667dcac878d38a9cf0295d9,0x09CF915e195aF33FA7B932C253352Ae9FBdB0106,0xd9293636EE3Aa663fc563ADB0912B0705dAfb62c,0xC5b41fB105883bCd59cEef072B5b6BdbC5df31dA,
0x8dd85386381f12bfe2130797e38c80ea8cf3025d832186958d850dfb652b3434,
0xcbee7bc661c4a7360c192df0b8921364da9d959ac73a3a529686b36012c39a8c,0xd9293636EE3Aa663fc563ADB0912B0705dAfb62c,
0x106addea70178942381b21df38c688dbe767b5d76e9394990377fdd590522692,0xC54570b8EB8138aCE95132b944b7b6Bb391976Dc,0x4A2B2eDdDBb8264D009D2931FA96350A911EE69c,0xd9293636EE3Aa663fc563ADB0912B0705dAfb62c,
0xd1ebd0e899f44ddd80ff9fed8f8b1e179f0abdff9723a200340a47029e76ec78,0xf05e75e42272Ec60ba6157d647924FD2de7a9495,0xe120Be880D79adEd4cdbf6F2f9Ef880987c82dc8,0xC54570b8EB8138aCE95132b944b7b6Bb391976Dc,0xB9b93bF2DB3678b010E71Ef701d763Aee144E93E,0xd9293636EE3Aa663fc563ADB0912B0705dAfb62c,
0x951f67cd79ddbb18687f6dcd4e164f714d85b9e235523f6aeffc384cc870c181,0xf05e75e42272Ec60ba6157d647924FD2de7a9495,0x09CF915e195aF33FA7B932C253352Ae9FBdB0106,0xd9293636EE3Aa663fc563ADB0912B0705dAfb62c,0xbf71FF2a9Be34Af7194Ae2e6F3759B663643A49E,
0x3aa80fb8a7a221c74c3429d4a337f9bf85a0cd87ba7c4c23587a808b050c1fc0,0xd9293636EE3Aa663fc563ADB0912B0705dAfb62c,
0xbd497a787b1f1738b545fef87392e912706a37c6e87df29d13c4a2dd6b5551ae,0xf05e75e42272Ec60ba6157d647924FD2de7a9495,0x25aD2667B19e866109c1a93102b816730a6Aec3f,0xd9293636EE3Aa663fc563ADB0912B0705dAfb62c,
0x280f405ec271ef2963834bc30225105b972fe567733fdd093854a84db38fdf93,0x25aD2667B19e866109c1a93102b816730a6Aec3f,0x9796b9443A3FFbc60eAB64F33E368CC19ebA4F33,0x48f88A8D8e4a9dFF33C0A4D857a81A189C2d6e07,0x65Bc72F5e5DAeFE930F1B468fC73EC96b0228956,0x3DbaDc86d19416eC16D81aa07fF2609E6241E7E9,0x7F85Cf44E446a4B1AaCe2A28774E88cd6d4e3441,0x67c4C62Ede7D28998c259606F368E05204d800ed,0x559722CCDDddBecEe0bfaf7Bc6383500cfCf94CD,
0x1f70b678ac9433536ec418e4a27fbfa1b2fa01d3ff4e40161c22f3c1b959fb48,0xf05e75e42272Ec60ba6157d647924FD2de7a9495,0x25aD2667B19e866109c1a93102b816730a6Aec3f,0x9796b9443A3FFbc60eAB64F33E368CC19ebA4F33,0x0A251dF99A88A20a93876205Fb7f5Faf2E85A481,0x3DbaDc86d19416eC16D81aa07fF2609E6241E7E9,0x67c4C62Ede7D28998c259606F368E05204d800ed,
0xeee451004ba0d9fa3140bebc3a980dfeeaf62dc2398100aceb3a2391663f6aa4,0x25aD2667B19e866109c1a93102b816730a6Aec3f,0xB9b93bF2DB3678b010E71Ef701d763Aee144E93E,0x7F85Cf44E446a4B1AaCe2A28774E88cd6d4e3441,0xf05e75e42272Ec60ba6157d647924FD2de7a9495,0x9969B6445635589f894E5c1CEDC232d89E2746dB,0xe53085d26544dAF3BA8f66B2D1B108E285cc51f9,0xEDB7AF625443Bec75d53544e091Ee3492ede8BC2,0x3DbaDc86d19416eC16D81aa07fF2609E6241E7E9,
0x2fa58b3fb9a28b628c46e8f9376353ec588f61726fadf9a5c56ef8db067215e6,0x25aD2667B19e866109c1a93102b816730a6Aec3f,0xf05e75e42272Ec60ba6157d647924FD2de7a9495,0xEDB7AF625443Bec75d53544e091Ee3492ede8BC2,0x3DbaDc86d19416eC16D81aa07fF2609E6241E7E9,0xe2ca7390e76c5A992749bB622087310d2e63ca29,0x8EA502092eab16e340808dC75eF3c982E2D71d15,0xB55d9b50AC5748Bd9377757a0c6D463C771ca813,0x8Dd0F1C1BDEf8e2C180df44d348db44494C54Ea7,0x7F85Cf44E446a4B1AaCe2A28774E88cd6d4e3441,
0x952038d343b269ca20f84190ae928371c995d91ff030a377ad89e87a8b048ce9,0x25aD2667B19e866109c1a93102b816730a6Aec3f,0xf05e75e42272Ec60ba6157d647924FD2de7a9495,0x3DbaDc86d19416eC16D81aa07fF2609E6241E7E9,0x7F85Cf44E446a4B1AaCe2A28774E88cd6d4e3441,0x8Dd0F1C1BDEf8e2C180df44d348db44494C54Ea7,
0x46ac36d32385ef0037553d6128c1963ba61c778294cbf9518ca0d8a40951e9da,0xf05e75e42272Ec60ba6157d647924FD2de7a9495,0x25aD2667B19e866109c1a93102b816730a6Aec3f,0x3DbaDc86d19416eC16D81aa07fF2609E6241E7E9,0x31cF88aa61d15DBD0416D50A60Ef521F250d495b,0x67B98fa27f40028e9CAAf5a02535cf112dB833Aa,0x8Dd0F1C1BDEf8e2C180df44d348db44494C54Ea7,0x41aD9F2C4486d816Cb7e87bDA747A17D0287F67d,0x48f88A8D8e4a9dFF33C0A4D857a81A189C2d6e07,0x9796b9443A3FFbc60eAB64F33E368CC19ebA4F33,0x8BFa2E0789f3f4d1ef2bDc86c5C7EA3885c1f2B9,0x6544df975cF58A0b2C9a361a8db2e00D338e10c1,0x3146242E1b95A1ACf64E385c84200600AAc78839,0x850166bb05994C563B65f0562E13545D86041395,0xB9b93bF2DB3678b010E71Ef701d763Aee144E93E,0x484539B441fE38CF1287EcDf960cf1Da6abb36bf,0x17Fe4ED21e35B5ad800179b0c20447cA3F5280Db,0x5102009e110466F69c1E82d0c64eF969339648d4,0x8EA502092eab16e340808dC75eF3c982E2D71d15,0xe53085d26544dAF3BA8f66B2D1B108E285cc51f9,0x65Bc72F5e5DAeFE930F1B468fC73EC96b0228956,0x3Eaf7bD84eEFf7445E9499956950d5cBa285C973,0x1508ea9fb80e6875a158bb8Cf8a1C94849e9b7D1,0x7148a51742F2A9871Bc632Fc974C4e62Ce8CD9Df,0xC2CE1ECBCc7f95A8F2A42dCd171E359Fd52303Ef,
0x450912b8ef02a350ab4699659f02a2fd8373d1cc438d3122cc6e4c22cd1a4f55,0xf05e75e42272Ec60ba6157d647924FD2de7a9495,0x8Dd0F1C1BDEf8e2C180df44d348db44494C54Ea7,0x6544df975cF58A0b2C9a361a8db2e00D338e10c1,0xB9b93bF2DB3678b010E71Ef701d763Aee144E93E,0x484539B441fE38CF1287EcDf960cf1Da6abb36bf,0x17Fe4ED21e35B5ad800179b0c20447cA3F5280Db,0x5102009e110466F69c1E82d0c64eF969339648d4,0xe53085d26544dAF3BA8f66B2D1B108E285cc51f9,0x7148a51742F2A9871Bc632Fc974C4e62Ce8CD9Df,0xE805Ff9b9bf7fbfd9EbE13379fC8E470025da0C7,0xc51A308353160178c44eAA9c6366EB95a44b38BE,0x1508ea9fb80e6875a158bb8Cf8a1C94849e9b7D1,0xE25d5C876e24C52f0938967fb6e164bB70Bb2362,0x3DbaDc86d19416eC16D81aa07fF2609E6241E7E9,0xeabE5acB1b5b95bEb0165BC2Ac149dd5D5bB5022,
0xcfc3b587be17a20c2abff4eeb364cf67af912fe8eb82094d5715979d21d29a3d,0xf05e75e42272Ec60ba6157d647924FD2de7a9495,0x09CF915e195aF33FA7B932C253352Ae9FBdB0106,0x25aD2667B19e866109c1a93102b816730a6Aec3f,0x67B98fa27f40028e9CAAf5a02535cf112dB833Aa,0x8Dd0F1C1BDEf8e2C180df44d348db44494C54Ea7,0xCF603a4B0D42337DD9fde4998c092aDc9C6C7fDb,0x6544df975cF58A0b2C9a361a8db2e00D338e10c1,0x850166bb05994C563B65f0562E13545D86041395,0x484539B441fE38CF1287EcDf960cf1Da6abb36bf,0x17Fe4ED21e35B5ad800179b0c20447cA3F5280Db,0x5102009e110466F69c1E82d0c64eF969339648d4,0x651D4A002A4A2c618F953Df8328F091401096A77,0xe53085d26544dAF3BA8f66B2D1B108E285cc51f9,0x3Eaf7bD84eEFf7445E9499956950d5cBa285C973,0x1508ea9fb80e6875a158bb8Cf8a1C94849e9b7D1,0x7148a51742F2A9871Bc632Fc974C4e62Ce8CD9Df,0xE805Ff9b9bf7fbfd9EbE13379fC8E470025da0C7,0xA92214a12a75E1c69635115211e330D1d781383D,0x08Fb5797b3D751D022736F6DF6006a39c049c2C6,0x44Ba78D48D0981c765DEE84C048Cea662eAe2E8f,0x67D7d30037c8ecb784ddcf178cd042940C9f166c,0xc51A308353160178c44eAA9c6366EB95a44b38BE,0x08aB4E5199A5E8bD9575bBa899A9561a7cfE8fd6,0x65Bc72F5e5DAeFE930F1B468fC73EC96b0228956,0x3a09057F7dAa57Bb08c9A90a64b900da1AC202D7,0x9796b9443A3FFbc60eAB64F33E368CC19ebA4F33,0x48f88A8D8e4a9dFF33C0A4D857a81A189C2d6e07,0x152b8c153E4F18bFE1CB3F2eAa563813c758e279,0xaFb9d7Fa614DD77CD9D212bb0596982c850A5085,0xFcaD67BbCa2bB963f77C58e87b976341c21aDaFb,0xE25d5C876e24C52f0938967fb6e164bB70Bb2362,0x3DbaDc86d19416eC16D81aa07fF2609E6241E7E9,0xB9b93bF2DB3678b010E71Ef701d763Aee144E93E,
0x7df4071022334cd9e6a5727e28541b10080f5002d4a1ea81347901aa24f4ff12,0x6c11C151adC437dB6b95968997aB8CaA0d7188d0,0x18365dA7C482BE36fC3479f65ef83a750aC080bE,0x152b8c153E4F18bFE1CB3F2eAa563813c758e279,0xaFb9d7Fa614DD77CD9D212bb0596982c850A5085,0x76d2DDCe6b781e66c4B184C82Fbf4F94346Cfb0D,0xB9b93bF2DB3678b010E71Ef701d763Aee144E93E,0x3DbaDc86d19416eC16D81aa07fF2609E6241E7E9,0x9796b9443A3FFbc60eAB64F33E368CC19ebA4F33,0x48f88A8D8e4a9dFF33C0A4D857a81A189C2d6e07,0x9294539df10C41af04926526979eFaf6695F459F,0xBBa7f4fA59362E68CD4081F5a098e1d9c01FC552,0xCbc6d27dd9AD183FaF892637C67D274c617B4D78,0x08aB4E5199A5E8bD9575bBa899A9561a7cfE8fd6,0xE25d5C876e24C52f0938967fb6e164bB70Bb2362,0x7A4C76231dF9fFC2E95d4A247d05e4d954E21ACA,0x010E3A3a9AAF3d8eE76B26d154F8C16c970f477E,0x339ae9545E7e1470f1dac54EeD56AFb6E1377d2F,0x65Bc72F5e5DAeFE930F1B468fC73EC96b0228956,
QmWWhwYk9yNUkKNkYNsUFGNcPUiP4q1bhhrzG7iyn9YcB1,0xB19f6698d63D51Cfa0D6eb4490ca83Fcd640F462,0x2226f49EFe9F1b59B0243b54dB33bb3F0B8B0679,0xDF2BA6bf1D1A2347B28d2E5869C338aEBD8daE3b,0x238926025E84475e3182774df480021470f8F978,0xCfaba3994C45aa03e479000300801AE35B39c388,0x3Eaf7bD84eEFf7445E9499956950d5cBa285C973,0x727c062d0f33Bf31af1589Fb10661cc6Fb444A8c,0x17e071372ba2c7ec0D21030e27Db41E9Ab74b2Eb,0x76Da9F88e63a85Ba8BFA19F3821D5A271753D3dc,0x5444C3377842568E5cCd77Df6F8b26C2c2eF3878,0x852E45eD1a6502406Af4c409DF4e0Eef3CC0A0E3,0xF814a8e1607Aa1d1a33F42a4c9B3b67eAdCE45bD,0x522E53664d54Fc2c97C35E10139c2bB5B0ab83Bc,0x18365dA7C482BE36fC3479f65ef83a750aC080bE,0x18856179B08b4C92Bf5ad5c7A16e11ac8Bd022aA,0xB86B7E3Cd923c9d27673AC61c1C7fAEbC4378e45,0xe588f67A4F64878fE8D09Af7A22e46Ce0C42525C,0x6255E5d2b3f82e4025959C1a3e8F19FeFE087cC2,0x2E7543Fa844354F17EcE9aE7049bF77745E460b1,0xbf71FF2a9Be34Af7194Ae2e6F3759B663643A49E,0xa60DD9d42fdD43E91Da63BD261997E14F21C69Fd,0xE4f8288e2e7EAee5AC51dc8A8270715156544246,0xf286E07ED6889658A3285C05C4f736963cF41456,0xDcE62b21A8B1A9b39dD3ded27C876d416CC91B3e,0xF9ab2ef128d856339ad2c258cdaa14a22C662a14,0x08aB4E5199A5E8bD9575bBa899A9561a7cfE8fd6,0x99ED04C212dD3929E9063bd78B26Ef41858CB62C,0x3Ef34992E0DFa7f4aC8e5C143Eb219Ccd0AD4cEF,0xaFb9d7Fa614DD77CD9D212bb0596982c850A5085,0x4D640D6d2CaE44C3192a70Dc1179aA890484cC7e,0x1AE6912E08bB3e105a4f0A60f666376D3c7aF380,0x3aFB0B4cA9aB60165E207CB14067B07A04114413,0x5668EAd1eDB8E2a4d724C8fb9cB5fFEabEB422dc,0x1125917201ed36700F86c3CecEC8C5DAfAe280D1,0xE25d5C876e24C52f0938967fb6e164bB70Bb2362,0xf7Bd34Dd44B92fB2f9C3D2e31aAAd06570a853A6,0x8F46DAf12390E6645715753CF7e65e8d935fA118,0xb113d139d00a01270737279e0ccB28EF41884594,0xB325c1AC788f02fF7997cF53C6FF40Dd762897B3,0x6ab615CF8deCFc488186E54066Fc10589C9293A3,0x94dFcE828c3DAaF6492f1B6F66f9a1825254D24B,0xF96dA4775776ea43c42795b116C7a6eCcd6e71b5,0x115d0d8822efc9607c52B04628098b48970B993b,0xB9b93bF2DB3678b010E71Ef701d763Aee144E93E,0x3cdDcB8cF10C4faCfBF960309806D8A3A3F19A40,0x3070f20f86fDa706Ac380F5060D256028a46eC29,0x0000000000e189dD664b9aB08a33C4839953852c,
QmVc2zGmoyD8kKtvLHjxUQNu8m2am3pvzEURV4GRcjjpEq,0x887C3599c4826F7b3cDe82003b894430F27d5b92,0x4929f4d38F2955649b5aa34343da04cf790B9D92,0x72b223De2F773C814465C4A8f2Ef9FaAe702Cfb3,0x99837445C29edefCD0a724962820DbDE0A1fbF59,0x0EE06541c254c8fc853A0fc76e3D5C4Ea8db7ABC,0x131601bE4C1E5C3EB00613E0CAc870Da0f944f31,0x00810cca439a6caBe2B686AFC53A07A2A1a15409,0xd25aFE7228F7cad522a5F0A27399069C358070C5,0xFAf8Cc69D0a76204aF71C0b5bb63f8A118332980,0x6094769E5d22FC81A97a0Dd392bE2FFFA456CA5f,0x4a39DA004746027Fb76f23C4FAFE3E6d32dd756C,0x285Bc6b07C6aa64265690e27696AD6cEf4862C9D,0x516202Ee9BAE2b2880E3157c1C3445B7C9D716a5,0xB7831A5cC2D26B4A1402fDedAa8591105d5206a3,0xA94F4090b207fC861f0aD730d527067f1bf40200,0x20D2e0e35547f9Ef69c403A352593D51dE99dAec,0x5B487eF81057f5841A3eC64a71592b4cC5273989,0x55D8101261605f50A5D4D7588fB83c065C3E2849,0x9B9e480824E43132e282D0DdaB4414E40DA240f7,0x261AD5471D432Cf4f50428e4587B53c7D7cc6dcD,0x53652b1778e81C375653F6985a0AB87f1bb32012,0xe33901292A72EB81787CaF94cac1355e9B001920,0x2E527910E5104000Dd5a571f07047fd4F2ddA158,0x3FcB329c460D8DBA38F815e25860E4BAEF53DC8A,0x373f5e563dc56cd03EEEd49c224b89F931E31e07,0xB4f1A93531151017BC5dF6944aD674d9Ef784699,0x6AFb66bcAAbabDB617fCf3658472248bbd3727D0,0xA1c1eD5A7b21a38D51f4f766aEa83b6Cf031F678,0xbE93c81cD87eB1f82Aa66795D130646531A4b03A,0x11F91CEd95dE946b22d12576768895619E8DA6DB,0x19Ff0119955693D9a072E41C4E08eA9B4011c898,0x0258506b9B32d2B3060fe41115e0A6a4E67a9A8f,0x037136aa7071Ec285782a2900C09fbaD0513fdC2,0x972cDc86F3a6bCCf31728d5d27B039C975F120D0,0xd2F3C22c4d191306A22C64786339A84643Ef53bA,0xD2a119f714D97603407D51Ab4171F8D0e5F19682,0x1Db557Da3Ec47A93C43a1bDb8b040C5174E19A5b,0x790b5A1A76F8E59361021067069692470865088A,0x9838E83c4d8a998318Ca1FE4cd6C3E0aF63C4D62,0x0671416E984C141Ad0df478883A8C157e884A6A7,0xfE08D81666386539716Fe7634e69F151B5Ac62ca,0xc4b6Ba75f7ADEDBdA4605D1bfCABB5D9E987d190,0xa6BC742b61b7487ba4639a8B8B103546b328a12A,0x8D765281b3c8E1A76B60f7Bf8D3779E987A3016B,0xDeC396292AceC91F5aEfD263a4621834047a7533,0xe8287d1890db8192FDf0D5b9C2a7a1fACCC4439a,0xb666520f051c7e343dE47aec828855D1D6A712b2,0xb51B14B3863a41aB2A75E9D9b71A01253e61a8CF,0xC07F5364BfA2EBd5eF35B572df87A5BB5B9eBE4F,0x885a36Eb7711Dc22A8F3677340f83Eaad52E0323,0xaa63c9F58125Dbc51808bb687d7e9788e30DF90c,0x1D043752Cd319B68D9Fc77E6c2B66730Bd1d0343,0xC8908316e88e4924DfB9C39aC149009300201374,0x1C1eD1342B9b06b1b4DA957F6261b8D6d03E9199,0xD42a69398961cC7234B32965DCb8248C9B73a595,0x430c984801042FCbd0B2983e36db8Aa15909ad8C,0x01d9fDad609B10D8f3bB3B854CcF50FFB11C8e55,0xC589535447eb5311fCC42F073932543c4efb1998,0xFC353392E6cc20af922025100c26A59f9a78Ca50,0xE59916C25044771259218c48087e1C05c58a9bed,0x2EA434eF415dabc732cd763F930c67941FFf2e7D,0xfA39Bdad2cf6f2095C12351dfAe68539DE4Bb889,0xc210bC9d3CeA3a06cb6d625c2a4E38AA246e4872,0x384311c878C5F4648B6c5b6A0DFE159328219742,0x6557C6F854D0EB8D695Fd19A7cab5cE47c98bF4E,0xad9411d14548820D4E872bBf210be09eBe34A8ba,0x2510Ea7e3DAe76FFf1c7e616Da55313EfF6f66F5,0xeE61b9593B325A0E4499463DF28ACeAb51303508,0xbB0043c6be3a53d234116976403633ac7A8bDa0c,0xdbaFa9174736fd6dE902B77FfD39F47C2a0048cC,0xb1df010877FBAD79aE2d5ef6b6Cf2665442ba181,0x3D20A8bFcEa4B01440E91AC083EFC2FB13fEf200,0x5f1fA5Fb4381d720cAbbFafB38EEf43514Eb0876,0x9e106B9d710B60bE0969929E8e9717740aB6D94f,0x1f1878000FB8149dbFE7F0496555bC7415EF9363,0x8247166A0159D96BBaD8f9452512fa121dc7a637,0xAb6925FCA7E4794b68554627da7F0455Efc68B8b,0x85D170Ce729131dEF0c9F43Cd39EB0B64779b51C,0xFCb15Fd747027A68C4bC487d2669b0D1C8fb0298,0xfb6a8be1A4655288A5C19e01f2b99C9A567A1de5,0x527CC7367d05d0eF65E5eB3a771f3a28e7bA08B3,0xAE3e5CE4EA1512dB0febef411c5A435FAa3a6e55,0x2224A3B57E9Dc2E09946ef53bbdDD94f392e4C80,0x0e829Fbf0A5c564cBEa5C71Efd7ECe9D97B0cc4b,0xdF5Fe34e0d23B4eaEE0D938E375327d238d1F013,0x78A9c3fe912A933534F3efbfC95F8189D8A31B58,0x856b195AF015951dFdF9D0Ce6ccd7e2921e6Cb5d,0x5E7c9777bD63BB7aA8D1b9f18C840C18E71e9770,0x6851F124E65020dB130eE2823d9F83E345cE8266,0x7E1cb685345fcd68861Cf2BA3E2e4C681fD4D326,0x9C403D0eE169971CD9FBbBab3aF950c672A94B1b,0x79CB9E0CA294E091CbEF036B7d67C7f949ff599D,0x383398802D6c7d1C5cf4d1aE2A9048a8166B2b65,0xFe72CdB33E91d81825EE0ff2726F3Ccf218D4B0B,0x8D218F591bAd0Bc7762d71Ff00658A585Dcc4c4e,0x233de96A76e355bbF0160F1D615C1fbF8fd2c10F,0x3555aa9864919117aC9F6404ca00549A66A73043,0x3D7089b6CcEc1bd3D3b820BAaE633f4637718ec4,0x026A44b10f24e1Ee0886B144db8Efb521e4724f1,0xE881C357523a77AC837dAE4e08976229BaF59f92,0x1dDb99C48fA0Fba17Dda9770c514C7AE91b7C84E,0xAE17CBe434EF3E2b9D80B6643480d2b8181AA951,0x38adE896Ec75b765667c4baDC8449A455323Dd6A,0xDA610b4625EFE804e7866a228fd1558271379c44,0xa8b0ef328b43945f24ED99718d151B46aa771F47,0x40534E513dF8277870B81e97B5107B3f39DE4f15,0xB55a7B37A99e9728EB4d195Ba5645bDd3F66862F,0xAD549C7fcF1bd3E57BCa464D9Dce0A0D561599D1,0x99ED04C212dD3929E9063bd78B26Ef41858CB62C,0x4D640D6d2CaE44C3192a70Dc1179aA890484cC7e,0x52C34872a9e1d22b4F54D3969F920C4BF1E06088,0xEb7989a7C04b70cEA2bef6C2160ab7AFCa2A0d98,0x8d07D225a769b7Af3A923481E1FdF49180e6A265,0xD576B5994865c94A0A6449687c2A08e47fd77bb4,0xDcE62b21A8B1A9b39dD3ded27C876d416CC91B3e,0xE699e8334d901986d9Ff6Bc5AE4b44AE5122F1ee,0xf286E07ED6889658A3285C05C4f736963cF41456,0xa60DD9d42fdD43E91Da63BD261997E14F21C69Fd,0xEf3D556E4D3B5E158b6cA03121914Ad476db3b53,0x1125917201ed36700F86c3CecEC8C5DAfAe280D1,0x9A44394ffd96a78d0B5c5b2f5DCFF6052C70176d,0x17e071372ba2c7ec0D21030e27Db41E9Ab74b2Eb,0xb03F5438f9A243De5C3B830B7841EC315034cD5f,0x92A0b2C089733beF43Ac367D2CE7783526AEA590,0x48f88A8D8e4a9dFF33C0A4D857a81A189C2d6e07,0x9796b9443A3FFbc60eAB64F33E368CC19ebA4F33,0x094Dc639f0c47B6Eca92936E142eCEA207b963E4,0x522E53664d54Fc2c97C35E10139c2bB5B0ab83Bc,0x18365dA7C482BE36fC3479f65ef83a750aC080bE,0xB72eD8401892466Ea8aF528C1af1d0524bc5e105,0xbAa882D68FC5325fC3899dE264F24B5981523A5C,0xE25d5C876e24C52f0938967fb6e164bB70Bb2362,0xEd71d7586839Db87Ee8D48454969AB8609f24136,0x9294539df10C41af04926526979eFaf6695F459F,0xdc6B04B4e40fDe7c0e9ee1171F913FebDbB4b88B,0xB9b93bF2DB3678b010E71Ef701d763Aee144E93E,0x053cBbDf5Bd3f7F94E3BC364b4a276Ec5dcd3223,0x08aB4E5199A5E8bD9575bBa899A9561a7cfE8fd6,0x51Ec7b4CDfB75230CAe81E8C32f99504baC45d7a,0x54DE4e629259185902cFB91D1017B22cC37a7d38,0x6F7f4620cDd69d66537004e09E2DB7364a781E2b,0xBeCFf580688Ed2Ad685A91843946AB9b236876C5,0x71A1dF0d820d29c784C04865904492aC38801A04,0xb77CD1970963dacC0c44Ec43497737d5eEF5e51E,0x1dE84cBA6689769843F68B685b27bf20fB28d2E4,0x76Da9F88e63a85Ba8BFA19F3821D5A271753D3dc,0xCC544d284d88640eb44e943E2c992e18D75d2132,0xaF297deC752c909092A117A932A8cA4AaaFF9795,0x2D8304750A8AC17DC1B9A5Da1c85c0a55f12c3D3,0xb084a32c870Ef9fD3A6183Cd3Ba04f5D6eDd5Aea,0xBe44Acb7797880916cFc9C23a85A753b21c9aF80,0xbE93d14C5dEFb8F41aF8FB092F58e3C71C712b85,
QmexBG8pL5uPhNDziopiDc2qCwMeASjrcKvM7pJjY854Tk,0xBD1f7d88C76A86C60d41bDDD4819fAe404e7151E,0x201E8d34B17c0F8514F83632Cc84fE485EdF0d04,0x6c11C151adC437dB6b95968997aB8CaA0d7188d0,0xAD549C7fcF1bd3E57BCa464D9Dce0A0D561599D1,0x17e071372ba2c7ec0D21030e27Db41E9Ab74b2Eb,0x094Dc639f0c47B6Eca92936E142eCEA207b963E4,0xa60DD9d42fdD43E91Da63BD261997E14F21C69Fd,0x9A44394ffd96a78d0B5c5b2f5DCFF6052C70176d,0xb03F5438f9A243De5C3B830B7841EC315034cD5f,0x98554D7e90D5928475F969adFC1175CF4c7cf014,0x06b172c63730F0cCFb40ea35E726ebF4E930c9e3,0x1fafb618033Fb07d3a99704a47451971976CB586,0xEd71d7586839Db87Ee8D48454969AB8609f24136,0xDcE62b21A8B1A9b39dD3ded27C876d416CC91B3e,0xa8bF0cD4D76D92Cb345e81999029f3174A219305,0x3bDb6119802EF01EAb4E2A74BEDB5e0227BeD49A,0xCF603a4B0D42337DD9fde4998c092aDc9C6C7fDb,0xF7dF8EcE3D8b7f91e3bb7D1fb97b4D58cb5EF2Cb,0x99837445C29edefCD0a724962820DbDE0A1fbF59,0x0EE06541c254c8fc853A0fc76e3D5C4Ea8db7ABC,0x131601bE4C1E5C3EB00613E0CAc870Da0f944f31,0x00810cca439a6caBe2B686AFC53A07A2A1a15409,0xd25aFE7228F7cad522a5F0A27399069C358070C5,0xFAf8Cc69D0a76204aF71C0b5bb63f8A118332980,0x6094769E5d22FC81A97a0Dd392bE2FFFA456CA5f,0x4a39DA004746027Fb76f23C4FAFE3E6d32dd756C,0x285Bc6b07C6aa64265690e27696AD6cEf4862C9D,0x516202Ee9BAE2b2880E3157c1C3445B7C9D716a5,0xB7831A5cC2D26B4A1402fDedAa8591105d5206a3,0xA94F4090b207fC861f0aD730d527067f1bf40200,0x20D2e0e35547f9Ef69c403A352593D51dE99dAec,0x5B487eF81057f5841A3eC64a71592b4cC5273989,0x55D8101261605f50A5D4D7588fB83c065C3E2849,0x9B9e480824E43132e282D0DdaB4414E40DA240f7,0x261AD5471D432Cf4f50428e4587B53c7D7cc6dcD,0x53652b1778e81C375653F6985a0AB87f1bb32012,0xe33901292A72EB81787CaF94cac1355e9B001920,0x2E527910E5104000Dd5a571f07047fd4F2ddA158,0x3FcB329c460D8DBA38F815e25860E4BAEF53DC8A,0x373f5e563dc56cd03EEEd49c224b89F931E31e07,0xB4f1A93531151017BC5dF6944aD674d9Ef784699,0x6AFb66bcAAbabDB617fCf3658472248bbd3727D0,0xA1c1eD5A7b21a38D51f4f766aEa83b6Cf031F678,0xbE93c81cD87eB1f82Aa66795D130646531A4b03A,0x11F91CEd95dE946b22d12576768895619E8DA6DB,0x19Ff0119955693D9a072E41C4E08eA9B4011c898,0x0258506b9B32d2B3060fe41115e0A6a4E67a9A8f,0x037136aa7071Ec285782a2900C09fbaD0513fdC2,0x972cDc86F3a6bCCf31728d5d27B039C975F120D0,0xd2F3C22c4d191306A22C64786339A84643Ef53bA,0xD2a119f714D97603407D51Ab4171F8D0e5F19682,0x1Db557Da3Ec47A93C43a1bDb8b040C5174E19A5b,0x790b5A1A76F8E59361021067069692470865088A,0x9838E83c4d8a998318Ca1FE4cd6C3E0aF63C4D62,0x0671416E984C141Ad0df478883A8C157e884A6A7,0xfE08D81666386539716Fe7634e69F151B5Ac62ca,0xc4b6Ba75f7ADEDBdA4605D1bfCABB5D9E987d190,0xa6BC742b61b7487ba4639a8B8B103546b328a12A,0x8D765281b3c8E1A76B60f7Bf8D3779E987A3016B,0xDeC396292AceC91F5aEfD263a4621834047a7533,0xe8287d1890db8192FDf0D5b9C2a7a1fACCC4439a,0xb666520f051c7e343dE47aec828855D1D6A712b2,0xb51B14B3863a41aB2A75E9D9b71A01253e61a8CF,0xC07F5364BfA2EBd5eF35B572df87A5BB5B9eBE4F,0x885a36Eb7711Dc22A8F3677340f83Eaad52E0323,0xaa63c9F58125Dbc51808bb687d7e9788e30DF90c,0x1D043752Cd319B68D9Fc77E6c2B66730Bd1d0343,0xC8908316e88e4924DfB9C39aC149009300201374,0x1C1eD1342B9b06b1b4DA957F6261b8D6d03E9199,0xD42a69398961cC7234B32965DCb8248C9B73a595,0x430c984801042FCbd0B2983e36db8Aa15909ad8C,0x01d9fDad609B10D8f3bB3B854CcF50FFB11C8e55,0xC589535447eb5311fCC42F073932543c4efb1998,0xFC353392E6cc20af922025100c26A59f9a78Ca50,0xE59916C25044771259218c48087e1C05c58a9bed,0x2EA434eF415dabc732cd763F930c67941FFf2e7D,0xfA39Bdad2cf6f2095C12351dfAe68539DE4Bb889,0xc210bC9d3CeA3a06cb6d625c2a4E38AA246e4872,0x384311c878C5F4648B6c5b6A0DFE159328219742,0x6557C6F854D0EB8D695Fd19A7cab5cE47c98bF4E,0xad9411d14548820D4E872bBf210be09eBe34A8ba,0x2510Ea7e3DAe76FFf1c7e616Da55313EfF6f66F5,0xeE61b9593B325A0E4499463DF28ACeAb51303508,0xbB0043c6be3a53d234116976403633ac7A8bDa0c,0xdbaFa9174736fd6dE902B77FfD39F47C2a0048cC,0xb1df010877FBAD79aE2d5ef6b6Cf2665442ba181,0x3D20A8bFcEa4B01440E91AC083EFC2FB13fEf200,0x5f1fA5Fb4381d720cAbbFafB38EEf43514Eb0876,0x9e106B9d710B60bE0969929E8e9717740aB6D94f,0x1f1878000FB8149dbFE7F0496555bC7415EF9363,0x8247166A0159D96BBaD8f9452512fa121dc7a637,0xAb6925FCA7E4794b68554627da7F0455Efc68B8b,0x85D170Ce729131dEF0c9F43Cd39EB0B64779b51C,0xFCb15Fd747027A68C4bC487d2669b0D1C8fb0298,0xfb6a8be1A4655288A5C19e01f2b99C9A567A1de5,0x527CC7367d05d0eF65E5eB3a771f3a28e7bA08B3,0xAE3e5CE4EA1512dB0febef411c5A435FAa3a6e55,0x2224A3B57E9Dc2E09946ef53bbdDD94f392e4C80,0x0e829Fbf0A5c564cBEa5C71Efd7ECe9D97B0cc4b,0xdF5Fe34e0d23B4eaEE0D938E375327d238d1F013,0x78A9c3fe912A933534F3efbfC95F8189D8A31B58,0x856b195AF015951dFdF9D0Ce6ccd7e2921e6Cb5d,0x5E7c9777bD63BB7aA8D1b9f18C840C18E71e9770,0x6851F124E65020dB130eE2823d9F83E345cE8266,0x7E1cb685345fcd68861Cf2BA3E2e4C681fD4D326,0x9C403D0eE169971CD9FBbBab3aF950c672A94B1b,0x79CB9E0CA294E091CbEF036B7d67C7f949ff599D,0x383398802D6c7d1C5cf4d1aE2A9048a8166B2b65,0xFe72CdB33E91d81825EE0ff2726F3Ccf218D4B0B,0x8D218F591bAd0Bc7762d71Ff00658A585Dcc4c4e,0x233de96A76e355bbF0160F1D615C1fbF8fd2c10F,0x3555aa9864919117aC9F6404ca00549A66A73043,0x3D7089b6CcEc1bd3D3b820BAaE633f4637718ec4,0x026A44b10f24e1Ee0886B144db8Efb521e4724f1,0xE881C357523a77AC837dAE4e08976229BaF59f92,0x1dDb99C48fA0Fba17Dda9770c514C7AE91b7C84E,0xAE17CBe434EF3E2b9D80B6643480d2b8181AA951,0x38adE896Ec75b765667c4baDC8449A455323Dd6A,0x08aB4E5199A5E8bD9575bBa899A9561a7cfE8fd6,0x76Da9F88e63a85Ba8BFA19F3821D5A271753D3dc,0x89B8B20AE90328692cD367f75aaFadF55fd33E8B,0x9294539df10C41af04926526979eFaf6695F459F,0xd940072500f52A6A6f372De8Eb84617aF4A26681,0x5444C3377842568E5cCd77Df6F8b26C2c2eF3878,0x887C3599c4826F7b3cDe82003b894430F27d5b92,0xE25d5C876e24C52f0938967fb6e164bB70Bb2362,0xB9b93bF2DB3678b010E71Ef701d763Aee144E93E,
Qmd4nXGBoA9ZHfw9QLZJi2x3H24YwfX7sUf4do6MoWJqXE,0xE11388D101BebFed134848aE5ba404A1139fBe6C,0x265B1827f8b33B1ff1ABAdAAF6BF15E7F6967204,0x201E8d34B17c0F8514F83632Cc84fE485EdF0d04,0xB9b93bF2DB3678b010E71Ef701d763Aee144E93E,0xBD1f7d88C76A86C60d41bDDD4819fAe404e7151E,0x99837445C29edefCD0a724962820DbDE0A1fbF59,0x0EE06541c254c8fc853A0fc76e3D5C4Ea8db7ABC,0x131601bE4C1E5C3EB00613E0CAc870Da0f944f31,0x00810cca439a6caBe2B686AFC53A07A2A1a15409,0xd25aFE7228F7cad522a5F0A27399069C358070C5,0xFAf8Cc69D0a76204aF71C0b5bb63f8A118332980,0x6094769E5d22FC81A97a0Dd392bE2FFFA456CA5f,0x4a39DA004746027Fb76f23C4FAFE3E6d32dd756C,0x285Bc6b07C6aa64265690e27696AD6cEf4862C9D,0x516202Ee9BAE2b2880E3157c1C3445B7C9D716a5,0xB7831A5cC2D26B4A1402fDedAa8591105d5206a3,0xA94F4090b207fC861f0aD730d527067f1bf40200,0x20D2e0e35547f9Ef69c403A352593D51dE99dAec,0x5B487eF81057f5841A3eC64a71592b4cC5273989,0x55D8101261605f50A5D4D7588fB83c065C3E2849,0x9B9e480824E43132e282D0DdaB4414E40DA240f7,0x261AD5471D432Cf4f50428e4587B53c7D7cc6dcD,0x53652b1778e81C375653F6985a0AB87f1bb32012,0xe33901292A72EB81787CaF94cac1355e9B001920,0x2E527910E5104000Dd5a571f07047fd4F2ddA158,0x3FcB329c460D8DBA38F815e25860E4BAEF53DC8A,0x373f5e563dc56cd03EEEd49c224b89F931E31e07,0xB4f1A93531151017BC5dF6944aD674d9Ef784699,0x6AFb66bcAAbabDB617fCf3658472248bbd3727D0,0xA1c1eD5A7b21a38D51f4f766aEa83b6Cf031F678,0xbE93c81cD87eB1f82Aa66795D130646531A4b03A,0x11F91CEd95dE946b22d12576768895619E8DA6DB,0x19Ff0119955693D9a072E41C4E08eA9B4011c898,0x0258506b9B32d2B3060fe41115e0A6a4E67a9A8f,0x037136aa7071Ec285782a2900C09fbaD0513fdC2,0x972cDc86F3a6bCCf31728d5d27B039C975F120D0,0xd2F3C22c4d191306A22C64786339A84643Ef53bA,0xD2a119f714D97603407D51Ab4171F8D0e5F19682,0x1Db557Da3Ec47A93C43a1bDb8b040C5174E19A5b,0x790b5A1A76F8E59361021067069692470865088A,0x9838E83c4d8a998318Ca1FE4cd6C3E0aF63C4D62,0x0671416E984C141Ad0df478883A8C157e884A6A7,0xfE08D81666386539716Fe7634e69F151B5Ac62ca,0xc4b6Ba75f7ADEDBdA4605D1bfCABB5D9E987d190,0xa6BC742b61b7487ba4639a8B8B103546b328a12A,0x8D765281b3c8E1A76B60f7Bf8D3779E987A3016B,0xDeC396292AceC91F5aEfD263a4621834047a7533,0xe8287d1890db8192FDf0D5b9C2a7a1fACCC4439a,0xb666520f051c7e343dE47aec828855D1D6A712b2,0xb51B14B3863a41aB2A75E9D9b71A01253e61a8CF,0xC07F5364BfA2EBd5eF35B572df87A5BB5B9eBE4F,0x885a36Eb7711Dc22A8F3677340f83Eaad52E0323,0xaa63c9F58125Dbc51808bb687d7e9788e30DF90c,0x1D043752Cd319B68D9Fc77E6c2B66730Bd1d0343,0xC8908316e88e4924DfB9C39aC149009300201374,0x1C1eD1342B9b06b1b4DA957F6261b8D6d03E9199,0xD42a69398961cC7234B32965DCb8248C9B73a595,0x430c984801042FCbd0B2983e36db8Aa15909ad8C,0x01d9fDad609B10D8f3bB3B854CcF50FFB11C8e55,0xC589535447eb5311fCC42F073932543c4efb1998,0xFC353392E6cc20af922025100c26A59f9a78Ca50,0xE59916C25044771259218c48087e1C05c58a9bed,0x2EA434eF415dabc732cd763F930c67941FFf2e7D,0xfA39Bdad2cf6f2095C12351dfAe68539DE4Bb889,0xc210bC9d3CeA3a06cb6d625c2a4E38AA246e4872,0x384311c878C5F4648B6c5b6A0DFE159328219742,0x6557C6F854D0EB8D695Fd19A7cab5cE47c98bF4E,0xad9411d14548820D4E872bBf210be09eBe34A8ba,0x2510Ea7e3DAe76FFf1c7e616Da55313EfF6f66F5,0xeE61b9593B325A0E4499463DF28ACeAb51303508,0xbB0043c6be3a53d234116976403633ac7A8bDa0c,0xdbaFa9174736fd6dE902B77FfD39F47C2a0048cC,0xb1df010877FBAD79aE2d5ef6b6Cf2665442ba181,0x3D20A8bFcEa4B01440E91AC083EFC2FB13fEf200,0x5f1fA5Fb4381d720cAbbFafB38EEf43514Eb0876,0x9e106B9d710B60bE0969929E8e9717740aB6D94f,0x1f1878000FB8149dbFE7F0496555bC7415EF9363,0x8247166A0159D96BBaD8f9452512fa121dc7a637,0xAb6925FCA7E4794b68554627da7F0455Efc68B8b,0x85D170Ce729131dEF0c9F43Cd39EB0B64779b51C,0xFCb15Fd747027A68C4bC487d2669b0D1C8fb0298,0xfb6a8be1A4655288A5C19e01f2b99C9A567A1de5,0x527CC7367d05d0eF65E5eB3a771f3a28e7bA08B3,0xAE3e5CE4EA1512dB0febef411c5A435FAa3a6e55,0x2224A3B57E9Dc2E09946ef53bbdDD94f392e4C80,0x0e829Fbf0A5c564cBEa5C71Efd7ECe9D97B0cc4b,0xdF5Fe34e0d23B4eaEE0D938E375327d238d1F013,0x78A9c3fe912A933534F3efbfC95F8189D8A31B58,0x856b195AF015951dFdF9D0Ce6ccd7e2921e6Cb5d,0x5E7c9777bD63BB7aA8D1b9f18C840C18E71e9770,0x6851F124E65020dB130eE2823d9F83E345cE8266,0x7E1cb685345fcd68861Cf2BA3E2e4C681fD4D326,0x9C403D0eE169971CD9FBbBab3aF950c672A94B1b,0x79CB9E0CA294E091CbEF036B7d67C7f949ff599D,0x383398802D6c7d1C5cf4d1aE2A9048a8166B2b65,0xFe72CdB33E91d81825EE0ff2726F3Ccf218D4B0B,0x8D218F591bAd0Bc7762d71Ff00658A585Dcc4c4e,0x233de96A76e355bbF0160F1D615C1fbF8fd2c10F,0x3555aa9864919117aC9F6404ca00549A66A73043,0x3D7089b6CcEc1bd3D3b820BAaE633f4637718ec4,0x026A44b10f24e1Ee0886B144db8Efb521e4724f1,0xE881C357523a77AC837dAE4e08976229BaF59f92,0x1dDb99C48fA0Fba17Dda9770c514C7AE91b7C84E,0xAE17CBe434EF3E2b9D80B6643480d2b8181AA951,0x38adE896Ec75b765667c4baDC8449A455323Dd6A,0x4765fcd87025490bc8f650565474a7bD6A2179A3,0x89B8B20AE90328692cD367f75aaFadF55fd33E8B,0xB157ba30e3467DdBC844f14F02b4ba741f1d549F,0x30FE0d8d2d81EA568fF60B6E28Ab74Eb7E548cb0,0x094Dc639f0c47B6Eca92936E142eCEA207b963E4,0x3Eaf7bD84eEFf7445E9499956950d5cBa285C973,0x6ee5BEf0C49154f89749ab4057683Da6f4429331,0x08aB4E5199A5E8bD9575bBa899A9561a7cfE8fd6,0x918558df5A12Ba43657222bbcf1a735494a5024f,0xeE620a0991D57f464aaD452789a4564Ba51245E8,0x2951B1F7058bd2C05F01954002C450BaC0873847,0x0dbEd2F0155c4Eee12cb79605180618c49cf50C7,0xd6Fd705EE0B31a9300D3E2154bccE777270CBb6f,0xC02bFC8c96477d82Ae78d3212b802C4bfC820F90,0x5E93781e8BAc02c42D1Efb9C80c7b9962ca66215,0xaCE1f1c6c5c89AE3Fc3209ff92e7120fb74445aA,0x81e67327d07469fbfB6B243D51C64Afe9F5De3e3,0x2482Dc04AC628a4b2700c071BFEe557Fd86C91EA,0x544845005e42fE00a3C0E9735EEEC25Aa068b428,0x33FF74323dF522E44c519B4a9d305A7639f7Cf4f,0xDcE62b21A8B1A9b39dD3ded27C876d416CC91B3e,0x34d6Dbd097f6b739C59D7467779549Aea60e1F84,0x8d07D225a769b7Af3A923481E1FdF49180e6A265,0xC72AED14386158960D0E93Fecb83642e68482E4b,0xE25d5C876e24C52f0938967fb6e164bB70Bb2362,0x76d2DDCe6b781e66c4B184C82Fbf4F94346Cfb0D,0x37B1884205Cc47c2Bf5cF5a0248946C4c0c85724,0x5538793f0eD24fD4EA2Fcd5225A40995A8f5Ac3a,0x4060914d070dD6d15bfACb136a46F24022338e40,0x727c062d0f33Bf31af1589Fb10661cc6Fb444A8c,0xF7AE063de5EF4BCBb98B2Bd27afb66C59D885Fc0,0x3bDb6119802EF01EAb4E2A74BEDB5e0227BeD49A,0x4Bcc5cA6394971DDE157dEa794553D2B9DE44B0F,0x4Dacd010e15e220bC6C5C3210d166505d2b6c63A,0xc18406AA413B4D08c729e7312239c34E45c61197,0xDBA2Cba9F62Cf1eF07B3664Ee1da3663c86c38d0,0x6DE6E901Bbefd26a9888798a25E4A49309D04CA9,0xD77C6bb30CeE69C435948709838Eb99D60b33bf2,0x9e0BBa8E7e9194476F1B3d329Ae7f988f580DA3A,0x6aEd19abaB347Eb07A2c8b264fc5C4c1B002210b,0x3C7108FAD72AbA31e2Fa59dFBc458b54F58d9966,0x0b01576e6472Af5f0aBC0f02bF6228f067bb23cE,0x24fC7A0751BBF53C239cC1D21d2951A5b21f733d,0xf7Bd34Dd44B92fB2f9C3D2e31aAAd06570a853A6,0x92A0b2C089733beF43Ac367D2CE7783526AEA590,0x1125917201ed36700F86c3CecEC8C5DAfAe280D1,0xCC0dB6a133345A498abcd2Adf520378342Bc1245,0x94A468FCB53A043Bf5Cd95EF21892E02C71134Be,0xf2C929C22d491c2A2C4EC92EC6C2c11e6B861428,0x0D703ccD7DeBd7f6F4B0fFB29d2d710D19b09025,0xfbd50C82Ea05d0D8b6B302317880060Bc3086866,0x81da4F0bcEa8d330d790DA28bf5349D29aD51FDA,0x0000000000e189dD664b9aB08a33C4839953852c,0xd78fFF207cde7c41540C9b65f7Baf72C8930B605,0x9bcBFE550D32DFDD2d047Ca52F497cBA1f564B6B,0xad1A74a31b00ED0403Bb7d8B11130E30Ae15853C,0x7e3De32B65CCAe9233Ad666f5F7B2872EF37FA09,0x8F11796C0D93A54039F626AB4F17b4398d659Ec4,0xCfaba3994C45aa03e479000300801AE35B39c388,0xe0188aD346cE4D74E8C2Ba432f1eF0E8855e2174,0xF96dA4775776ea43c42795b116C7a6eCcd6e71b5,0x86F032cD94D4A681bf4B8328b0D958Fd2EA77A4D,0x7B7Bc408D023d826E69f8d3A4783066feb52A93b,
QmbLJyafmXeToA3zGJYJ8D2VeMFvb2DTZxfVnqjGXVmQju,0x99837445C29edefCD0a724962820DbDE0A1fbF59,0x0EE06541c254c8fc853A0fc76e3D5C4Ea8db7ABC,0x131601bE4C1E5C3EB00613E0CAc870Da0f944f31,0x00810cca439a6caBe2B686AFC53A07A2A1a15409,0xd25aFE7228F7cad522a5F0A27399069C358070C5,0xFAf8Cc69D0a76204aF71C0b5bb63f8A118332980,0x6094769E5d22FC81A97a0Dd392bE2FFFA456CA5f,0x4a39DA004746027Fb76f23C4FAFE3E6d32dd756C,0x285Bc6b07C6aa64265690e27696AD6cEf4862C9D,0x516202Ee9BAE2b2880E3157c1C3445B7C9D716a5,0xB7831A5cC2D26B4A1402fDedAa8591105d5206a3,0xA94F4090b207fC861f0aD730d527067f1bf40200,0x20D2e0e35547f9Ef69c403A352593D51dE99dAec,0x5B487eF81057f5841A3eC64a71592b4cC5273989,0x55D8101261605f50A5D4D7588fB83c065C3E2849,0x9B9e480824E43132e282D0DdaB4414E40DA240f7,0x261AD5471D432Cf4f50428e4587B53c7D7cc6dcD,0x53652b1778e81C375653F6985a0AB87f1bb32012,0xe33901292A72EB81787CaF94cac1355e9B001920,0x2E527910E5104000Dd5a571f07047fd4F2ddA158,0x3FcB329c460D8DBA38F815e25860E4BAEF53DC8A,0x373f5e563dc56cd03EEEd49c224b89F931E31e07,0xB4f1A93531151017BC5dF6944aD674d9Ef784699,0x6AFb66bcAAbabDB617fCf3658472248bbd3727D0,0xA1c1eD5A7b21a38D51f4f766aEa83b6Cf031F678,0xbE93c81cD87eB1f82Aa66795D130646531A4b03A,0x11F91CEd95dE946b22d12576768895619E8DA6DB,0x19Ff0119955693D9a072E41C4E08eA9B4011c898,0x0258506b9B32d2B3060fe41115e0A6a4E67a9A8f,0x037136aa7071Ec285782a2900C09fbaD0513fdC2,0x972cDc86F3a6bCCf31728d5d27B039C975F120D0,0xd2F3C22c4d191306A22C64786339A84643Ef53bA,0xD2a119f714D97603407D51Ab4171F8D0e5F19682,0x1Db557Da3Ec47A93C43a1bDb8b040C5174E19A5b,0x790b5A1A76F8E59361021067069692470865088A,0x9838E83c4d8a998318Ca1FE4cd6C3E0aF63C4D62,0x0671416E984C141Ad0df478883A8C157e884A6A7,0xfE08D81666386539716Fe7634e69F151B5Ac62ca,0xc4b6Ba75f7ADEDBdA4605D1bfCABB5D9E987d190,0xa6BC742b61b7487ba4639a8B8B103546b328a12A,0x8D765281b3c8E1A76B60f7Bf8D3779E987A3016B,0xDeC396292AceC91F5aEfD263a4621834047a7533,0xe8287d1890db8192FDf0D5b9C2a7a1fACCC4439a,0xb666520f051c7e343dE47aec828855D1D6A712b2,0xb51B14B3863a41aB2A75E9D9b71A01253e61a8CF,0xC07F5364BfA2EBd5eF35B572df87A5BB5B9eBE4F,0x885a36Eb7711Dc22A8F3677340f83Eaad52E0323,0xaa63c9F58125Dbc51808bb687d7e9788e30DF90c,0x1D043752Cd319B68D9Fc77E6c2B66730Bd1d0343,0xC8908316e88e4924DfB9C39aC149009300201374,0x1C1eD1342B9b06b1b4DA957F6261b8D6d03E9199,0xD42a69398961cC7234B32965DCb8248C9B73a595,0x430c984801042FCbd0B2983e36db8Aa15909ad8C,0x01d9fDad609B10D8f3bB3B854CcF50FFB11C8e55,0xC589535447eb5311fCC42F073932543c4efb1998,0xFC353392E6cc20af922025100c26A59f9a78Ca50,0xE59916C25044771259218c48087e1C05c58a9bed,0x2EA434eF415dabc732cd763F930c67941FFf2e7D,0xfA39Bdad2cf6f2095C12351dfAe68539DE4Bb889,0xc210bC9d3CeA3a06cb6d625c2a4E38AA246e4872,0x384311c878C5F4648B6c5b6A0DFE159328219742,0x6557C6F854D0EB8D695Fd19A7cab5cE47c98bF4E,0xad9411d14548820D4E872bBf210be09eBe34A8ba,0x2510Ea7e3DAe76FFf1c7e616Da55313EfF6f66F5,0xeE61b9593B325A0E4499463DF28ACeAb51303508,0xbB0043c6be3a53d234116976403633ac7A8bDa0c,0xdbaFa9174736fd6dE902B77FfD39F47C2a0048cC,0xb1df010877FBAD79aE2d5ef6b6Cf2665442ba181,0x3D20A8bFcEa4B01440E91AC083EFC2FB13fEf200,0xE11388D101BebFed134848aE5ba404A1139fBe6C,0x5f1fA5Fb4381d720cAbbFafB38EEf43514Eb0876,0x9e106B9d710B60bE0969929E8e9717740aB6D94f,0x1f1878000FB8149dbFE7F0496555bC7415EF9363,0x8247166A0159D96BBaD8f9452512fa121dc7a637,0xAb6925FCA7E4794b68554627da7F0455Efc68B8b,0x85D170Ce729131dEF0c9F43Cd39EB0B64779b51C,0xFCb15Fd747027A68C4bC487d2669b0D1C8fb0298,0xfb6a8be1A4655288A5C19e01f2b99C9A567A1de5,0x527CC7367d05d0eF65E5eB3a771f3a28e7bA08B3,0xAE3e5CE4EA1512dB0febef411c5A435FAa3a6e55,0x2224A3B57E9Dc2E09946ef53bbdDD94f392e4C80,0x0e829Fbf0A5c564cBEa5C71Efd7ECe9D97B0cc4b,0xdF5Fe34e0d23B4eaEE0D938E375327d238d1F013,0x78A9c3fe912A933534F3efbfC95F8189D8A31B58,0x856b195AF015951dFdF9D0Ce6ccd7e2921e6Cb5d,0x5E7c9777bD63BB7aA8D1b9f18C840C18E71e9770,0x6851F124E65020dB130eE2823d9F83E345cE8266,0x7E1cb685345fcd68861Cf2BA3E2e4C681fD4D326,0x9C403D0eE169971CD9FBbBab3aF950c672A94B1b,0x79CB9E0CA294E091CbEF036B7d67C7f949ff599D,0x383398802D6c7d1C5cf4d1aE2A9048a8166B2b65,0xFe72CdB33E91d81825EE0ff2726F3Ccf218D4B0B,0x8D218F591bAd0Bc7762d71Ff00658A585Dcc4c4e,0x233de96A76e355bbF0160F1D615C1fbF8fd2c10F,0x3555aa9864919117aC9F6404ca00549A66A73043,0x3D7089b6CcEc1bd3D3b820BAaE633f4637718ec4,0x026A44b10f24e1Ee0886B144db8Efb521e4724f1,0xE881C357523a77AC837dAE4e08976229BaF59f92,0x1dDb99C48fA0Fba17Dda9770c514C7AE91b7C84E,0xAE17CBe434EF3E2b9D80B6643480d2b8181AA951,0x38adE896Ec75b765667c4baDC8449A455323Dd6A,0x0D703ccD7DeBd7f6F4B0fFB29d2d710D19b09025,0x316B98C6df382BD218186D0766966459A199Dd04,0xDcE62b21A8B1A9b39dD3ded27C876d416CC91B3e,0x16A1708187Cf1717744aA1e8Bdb47a93ce1d2E69,0x65A0bf08ff1bf021eD8d929402371F6cfb83ab53,0xbAa882D68FC5325fC3899dE264F24B5981523A5C,0xf7Bd34Dd44B92fB2f9C3D2e31aAAd06570a853A6,0x69449f50f833185dd09B5cd0Afa6872D4f92d1E1,0x10d4CCA891a61ab472F81997C4E01DCDf1f471Fa,0xcdb7361E0793350BE029F2B1139621597e4CB053,0x9fd31424CfcEAb50218906BC1b3d87fe7778CA61,0x86F032cD94D4A681bf4B8328b0D958Fd2EA77A4D,0xB9b93bF2DB3678b010E71Ef701d763Aee144E93E,0xF96dA4775776ea43c42795b116C7a6eCcd6e71b5,0x94dFcE828c3DAaF6492f1B6F66f9a1825254D24B,0xc0ad5d21fF19A4E85b016BfD53cED8842995C151,0x6ab615CF8deCFc488186E54066Fc10589C9293A3,0x094Dc639f0c47B6Eca92936E142eCEA207b963E4,0x9824697F7c12CAbAda9b57842060931c48dEA969,0xad1A74a31b00ED0403Bb7d8B11130E30Ae15853C,0x469B83988610B92AAC8c3Ec1fDaC42D531B9178a,0x5e5FFEf1103717f17a9A155D0c7646EC5e16551E,0x7a16fF8270133F063aAb6C9977183D9e72835428,0x81da4F0bcEa8d330d790DA28bf5349D29aD51FDA,0x08aB4E5199A5E8bD9575bBa899A9561a7cfE8fd6,0xE25d5C876e24C52f0938967fb6e164bB70Bb2362,
QmQ943LMxqWat4xw9LabfULYCHw9JpeamFf2dYBQJz71vV,0x32a59b87352e980dD6aB1bAF462696D28e63525D,0xDbf5A8986e854fe07ffE4506E1D24D50FDF59974,0x425d16B0e08a28A3Ff9e4404AE99D78C0a076C5A,0x499670fA817c06c4311Ac7b62B60c43d6b853735,0x99837445C29edefCD0a724962820DbDE0A1fbF59,0x0EE06541c254c8fc853A0fc76e3D5C4Ea8db7ABC,0x131601bE4C1E5C3EB00613E0CAc870Da0f944f31,0x00810cca439a6caBe2B686AFC53A07A2A1a15409,0xd25aFE7228F7cad522a5F0A27399069C358070C5,0xFAf8Cc69D0a76204aF71C0b5bb63f8A118332980,0x6094769E5d22FC81A97a0Dd392bE2FFFA456CA5f,0x4a39DA004746027Fb76f23C4FAFE3E6d32dd756C,0x285Bc6b07C6aa64265690e27696AD6cEf4862C9D,0x516202Ee9BAE2b2880E3157c1C3445B7C9D716a5,0xB7831A5cC2D26B4A1402fDedAa8591105d5206a3,0xA94F4090b207fC861f0aD730d527067f1bf40200,0x20D2e0e35547f9Ef69c403A352593D51dE99dAec,0x5B487eF81057f5841A3eC64a71592b4cC5273989,0x55D8101261605f50A5D4D7588fB83c065C3E2849,0x9B9e480824E43132e282D0DdaB4414E40DA240f7,0x261AD5471D432Cf4f50428e4587B53c7D7cc6dcD,0x53652b1778e81C375653F6985a0AB87f1bb32012,0xe33901292A72EB81787CaF94cac1355e9B001920,0x2E527910E5104000Dd5a571f07047fd4F2ddA158,0x3FcB329c460D8DBA38F815e25860E4BAEF53DC8A,0x373f5e563dc56cd03EEEd49c224b89F931E31e07,0xB4f1A93531151017BC5dF6944aD674d9Ef784699,0x6AFb66bcAAbabDB617fCf3658472248bbd3727D0,0xA1c1eD5A7b21a38D51f4f766aEa83b6Cf031F678,0xbE93c81cD87eB1f82Aa66795D130646531A4b03A,0x11F91CEd95dE946b22d12576768895619E8DA6DB,0x19Ff0119955693D9a072E41C4E08eA9B4011c898,0x0258506b9B32d2B3060fe41115e0A6a4E67a9A8f,0x037136aa7071Ec285782a2900C09fbaD0513fdC2,0x972cDc86F3a6bCCf31728d5d27B039C975F120D0,0xd2F3C22c4d191306A22C64786339A84643Ef53bA,0xD2a119f714D97603407D51Ab4171F8D0e5F19682,0x1Db557Da3Ec47A93C43a1bDb8b040C5174E19A5b,0x790b5A1A76F8E59361021067069692470865088A,0x9838E83c4d8a998318Ca1FE4cd6C3E0aF63C4D62,0x0671416E984C141Ad0df478883A8C157e884A6A7,0xfE08D81666386539716Fe7634e69F151B5Ac62ca,0xc4b6Ba75f7ADEDBdA4605D1bfCABB5D9E987d190,0xa6BC742b61b7487ba4639a8B8B103546b328a12A,0x8D765281b3c8E1A76B60f7Bf8D3779E987A3016B,0xDeC396292AceC91F5aEfD263a4621834047a7533,0xe8287d1890db8192FDf0D5b9C2a7a1fACCC4439a,0xb666520f051c7e343dE47aec828855D1D6A712b2,0xb51B14B3863a41aB2A75E9D9b71A01253e61a8CF,0xC07F5364BfA2EBd5eF35B572df87A5BB5B9eBE4F,0x885a36Eb7711Dc22A8F3677340f83Eaad52E0323,0xaa63c9F58125Dbc51808bb687d7e9788e30DF90c,0x1D043752Cd319B68D9Fc77E6c2B66730Bd1d0343,0xC8908316e88e4924DfB9C39aC149009300201374,0x1C1eD1342B9b06b1b4DA957F6261b8D6d03E9199,0xD42a69398961cC7234B32965DCb8248C9B73a595,0x430c984801042FCbd0B2983e36db8Aa15909ad8C,0x01d9fDad609B10D8f3bB3B854CcF50FFB11C8e55,0xC589535447eb5311fCC42F073932543c4efb1998,0xFC353392E6cc20af922025100c26A59f9a78Ca50,0xE59916C25044771259218c48087e1C05c58a9bed,0x2EA434eF415dabc732cd763F930c67941FFf2e7D,0xfA39Bdad2cf6f2095C12351dfAe68539DE4Bb889,0xc210bC9d3CeA3a06cb6d625c2a4E38AA246e4872,0x384311c878C5F4648B6c5b6A0DFE159328219742,0x6557C6F854D0EB8D695Fd19A7cab5cE47c98bF4E,0xad9411d14548820D4E872bBf210be09eBe34A8ba,0x2510Ea7e3DAe76FFf1c7e616Da55313EfF6f66F5,0xeE61b9593B325A0E4499463DF28ACeAb51303508,0xbB0043c6be3a53d234116976403633ac7A8bDa0c,0xdbaFa9174736fd6dE902B77FfD39F47C2a0048cC,0xb1df010877FBAD79aE2d5ef6b6Cf2665442ba181,0x3D20A8bFcEa4B01440E91AC083EFC2FB13fEf200,0x5f1fA5Fb4381d720cAbbFafB38EEf43514Eb0876,0x9e106B9d710B60bE0969929E8e9717740aB6D94f,0x1f1878000FB8149dbFE7F0496555bC7415EF9363,0x8247166A0159D96BBaD8f9452512fa121dc7a637,0xAb6925FCA7E4794b68554627da7F0455Efc68B8b,0x85D170Ce729131dEF0c9F43Cd39EB0B64779b51C,0xFCb15Fd747027A68C4bC487d2669b0D1C8fb0298,0xfb6a8be1A4655288A5C19e01f2b99C9A567A1de5,0x527CC7367d05d0eF65E5eB3a771f3a28e7bA08B3,0xAE3e5CE4EA1512dB0febef411c5A435FAa3a6e55,0x2224A3B57E9Dc2E09946ef53bbdDD94f392e4C80,0x0e829Fbf0A5c564cBEa5C71Efd7ECe9D97B0cc4b,0xdF5Fe34e0d23B4eaEE0D938E375327d238d1F013,0x78A9c3fe912A933534F3efbfC95F8189D8A31B58,0x856b195AF015951dFdF9D0Ce6ccd7e2921e6Cb5d,0x5E7c9777bD63BB7aA8D1b9f18C840C18E71e9770,0x6851F124E65020dB130eE2823d9F83E345cE8266,0x7E1cb685345fcd68861Cf2BA3E2e4C681fD4D326,0x9C403D0eE169971CD9FBbBab3aF950c672A94B1b,0x79CB9E0CA294E091CbEF036B7d67C7f949ff599D,0x383398802D6c7d1C5cf4d1aE2A9048a8166B2b65,0xFe72CdB33E91d81825EE0ff2726F3Ccf218D4B0B,0x8D218F591bAd0Bc7762d71Ff00658A585Dcc4c4e,0x233de96A76e355bbF0160F1D615C1fbF8fd2c10F,0x3555aa9864919117aC9F6404ca00549A66A73043,0x3D7089b6CcEc1bd3D3b820BAaE633f4637718ec4,0x026A44b10f24e1Ee0886B144db8Efb521e4724f1,0xE881C357523a77AC837dAE4e08976229BaF59f92,0x1dDb99C48fA0Fba17Dda9770c514C7AE91b7C84E,0xAE17CBe434EF3E2b9D80B6643480d2b8181AA951,0x38adE896Ec75b765667c4baDC8449A455323Dd6A,0xe193D4C06fdC1e5feE42EF1BeFF0fc9262fdfF4f,0xc3d696C268503Df52781E32085110C562f40333d,0xa53A13A80D72A855481DE5211E7654fAbDFE3526,0xc0ad5d21fF19A4E85b016BfD53cED8842995C151,0x9c5083dd4838E120Dbeac44C052179692Aa5dAC5,0xD576B5994865c94A0A6449687c2A08e47fd77bb4,0xDa1657d0e137DEc3116E8569FA09d8b27fCC2975,0xF5bF3B7B7D03EfD34BA1E1BcF1694080975d8A1c,0x094Dc639f0c47B6Eca92936E142eCEA207b963E4,0xDf5F43411C47c07eBcF03c16c29F18313E45Ca66,0xdaa070D909E010211606144eDe5B2ca6864C2c1c,0xB9b93bF2DB3678b010E71Ef701d763Aee144E93E,0x1D48267a3484A3ea5cD7a6650b23337607a6e5E8,0xD3802dcE7F7A54d59E7a64329d287624FF3F495a,0xBD1f7d88C76A86C60d41bDDD4819fAe404e7151E,0xE11388D101BebFed134848aE5ba404A1139fBe6C,0xE25d5C876e24C52f0938967fb6e164bB70Bb2362,0xB325c1AC788f02fF7997cF53C6FF40Dd762897B3,0xDcE62b21A8B1A9b39dD3ded27C876d416CC91B3e,0x0716266cC5D3c443e30b0c4E9C72AFA33778E1de,0x08aB4E5199A5E8bD9575bBa899A9561a7cfE8fd6,0xe9883b15B321F3f381E9FAfd1277A98E1e5D86f7,0x0D703ccD7DeBd7f6F4B0fFB29d2d710D19b09025,0xfA9dBab87Da24FA3716c084CC8F9cc4F5E573849,0x670647441D9C24d981923C9293A2e4EAE6d0C8B3,0xeE620a0991D57f464aaD452789a4564Ba51245E8,0x7D3bF2cb39f5cEEeca91eCc8201Dc01616AD089f,0xf7Bd34Dd44B92fB2f9C3D2e31aAAd06570a853A6,0xCF603a4B0D42337DD9fde4998c092aDc9C6C7fDb,0x5444C3377842568E5cCd77Df6F8b26C2c2eF3878,0x5275817b74021E97c980E95EdE6bbAc0D0d6f3a2,0xaebE0B1383BC8550eFA793c3f4B65C97Ce80541B,0x39415255619783A2E71fcF7d8f708A951d92e1b6,0x8A7f7C5b556B1298a74c0e89df46Eba117A2F6c1,
QmZNStqwG5aPrHwzaVjDvcwLHokAPpRYKSn2BFjyRShAXv,0x8d07D225a769b7Af3A923481E1FdF49180e6A265,0x0004d2A2f9a823C1A585fDE6514A17FF695E0001,0xdc6B04B4e40fDe7c0e9ee1171F913FebDbB4b88B,0xB9b93bF2DB3678b010E71Ef701d763Aee144E93E,0x6f9BB7e454f5B3eb2310343f0E99269dC2BB8A1d,0xBD1f7d88C76A86C60d41bDDD4819fAe404e7151E,0xeD3ccD7509D84974c3b5f215b1dd01E14f939f8C,0x06b172c63730F0cCFb40ea35E726ebF4E930c9e3,0x676Eb0dC5644dBCB2C37849aD76432A73af0B582,0x2B77528C7b94349dd3616F404bC4fce219C0FF76,0x29c7B44E0584624C1e877d3eE0856520e2851Ba6,0x0716266cC5D3c443e30b0c4E9C72AFA33778E1de,0xc3d696C268503Df52781E32085110C562f40333d,0x08e5F4670B8E70fE77D952BA0fBBF9f4762aAF73,0xC4D8F1815C408a49983D843eddf390d1Edf16Cd3,0xa95Ca3B03D8E133388c2Af48bE35a8AD0e6EC39B,0xE11388D101BebFed134848aE5ba404A1139fBe6C,0x7D3bF2cb39f5cEEeca91eCc8201Dc01616AD089f,0x99837445C29edefCD0a724962820DbDE0A1fbF59,0x0EE06541c254c8fc853A0fc76e3D5C4Ea8db7ABC,0x131601bE4C1E5C3EB00613E0CAc870Da0f944f31,0x00810cca439a6caBe2B686AFC53A07A2A1a15409,0xd25aFE7228F7cad522a5F0A27399069C358070C5,0xFAf8Cc69D0a76204aF71C0b5bb63f8A118332980,0x6094769E5d22FC81A97a0Dd392bE2FFFA456CA5f,0x4a39DA004746027Fb76f23C4FAFE3E6d32dd756C,0x285Bc6b07C6aa64265690e27696AD6cEf4862C9D,0x516202Ee9BAE2b2880E3157c1C3445B7C9D716a5,0xB7831A5cC2D26B4A1402fDedAa8591105d5206a3,0xA94F4090b207fC861f0aD730d527067f1bf40200,0x20D2e0e35547f9Ef69c403A352593D51dE99dAec,0x5B487eF81057f5841A3eC64a71592b4cC5273989,0x55D8101261605f50A5D4D7588fB83c065C3E2849,0x9B9e480824E43132e282D0DdaB4414E40DA240f7,0x261AD5471D432Cf4f50428e4587B53c7D7cc6dcD,0x53652b1778e81C375653F6985a0AB87f1bb32012,0xe33901292A72EB81787CaF94cac1355e9B001920,0x2E527910E5104000Dd5a571f07047fd4F2ddA158,0x3FcB329c460D8DBA38F815e25860E4BAEF53DC8A,0x373f5e563dc56cd03EEEd49c224b89F931E31e07,0xB4f1A93531151017BC5dF6944aD674d9Ef784699,0x6AFb66bcAAbabDB617fCf3658472248bbd3727D0,0xA1c1eD5A7b21a38D51f4f766aEa83b6Cf031F678,0xbE93c81cD87eB1f82Aa66795D130646531A4b03A,0x11F91CEd95dE946b22d12576768895619E8DA6DB,0x19Ff0119955693D9a072E41C4E08eA9B4011c898,0x0258506b9B32d2B3060fe41115e0A6a4E67a9A8f,0xC0513edB8aCF4b0F42cb9aB92B2b667717e33636,0xbAa882D68FC5325fC3899dE264F24B5981523A5C,0xDcE62b21A8B1A9b39dD3ded27C876d416CC91B3e,0xf7Bd34Dd44B92fB2f9C3D2e31aAAd06570a853A6,0xE25d5C876e24C52f0938967fb6e164bB70Bb2362,0x037136aa7071Ec285782a2900C09fbaD0513fdC2,0x972cDc86F3a6bCCf31728d5d27B039C975F120D0,0xd2F3C22c4d191306A22C64786339A84643Ef53bA,0x1Db557Da3Ec47A93C43a1bDb8b040C5174E19A5b,0x790b5A1A76F8E59361021067069692470865088A,0x9838E83c4d8a998318Ca1FE4cd6C3E0aF63C4D62,0x0671416E984C141Ad0df478883A8C157e884A6A7,0xfE08D81666386539716Fe7634e69F151B5Ac62ca,0xc4b6Ba75f7ADEDBdA4605D1bfCABB5D9E987d190,0xa6BC742b61b7487ba4639a8B8B103546b328a12A,0x8D765281b3c8E1A76B60f7Bf8D3779E987A3016B,0xDeC396292AceC91F5aEfD263a4621834047a7533,0xe8287d1890db8192FDf0D5b9C2a7a1fACCC4439a,0xb666520f051c7e343dE47aec828855D1D6A712b2,0xb51B14B3863a41aB2A75E9D9b71A01253e61a8CF,0xC07F5364BfA2EBd5eF35B572df87A5BB5B9eBE4F,0x885a36Eb7711Dc22A8F3677340f83Eaad52E0323,0xaa63c9F58125Dbc51808bb687d7e9788e30DF90c,0x1D043752Cd319B68D9Fc77E6c2B66730Bd1d0343,0xC8908316e88e4924DfB9C39aC149009300201374,0x1C1eD1342B9b06b1b4DA957F6261b8D6d03E9199,0xD42a69398961cC7234B32965DCb8248C9B73a595,0x430c984801042FCbd0B2983e36db8Aa15909ad8C,0x01d9fDad609B10D8f3bB3B854CcF50FFB11C8e55,0xC589535447eb5311fCC42F073932543c4efb1998,0xFC353392E6cc20af922025100c26A59f9a78Ca50,0xE59916C25044771259218c48087e1C05c58a9bed,0x2EA434eF415dabc732cd763F930c67941FFf2e7D,0xfA39Bdad2cf6f2095C12351dfAe68539DE4Bb889,0xc210bC9d3CeA3a06cb6d625c2a4E38AA246e4872,0x384311c878C5F4648B6c5b6A0DFE159328219742,0x6557C6F854D0EB8D695Fd19A7cab5cE47c98bF4E,0xad9411d14548820D4E872bBf210be09eBe34A8ba,0x2510Ea7e3DAe76FFf1c7e616Da55313EfF6f66F5,0xeE61b9593B325A0E4499463DF28ACeAb51303508,0xbB0043c6be3a53d234116976403633ac7A8bDa0c,0xdbaFa9174736fd6dE902B77FfD39F47C2a0048cC,0xb1df010877FBAD79aE2d5ef6b6Cf2665442ba181,0x3D20A8bFcEa4B01440E91AC083EFC2FB13fEf200,0x5f1fA5Fb4381d720cAbbFafB38EEf43514Eb0876,0x9e106B9d710B60bE0969929E8e9717740aB6D94f,0x1f1878000FB8149dbFE7F0496555bC7415EF9363,0x8247166A0159D96BBaD8f9452512fa121dc7a637,0xAb6925FCA7E4794b68554627da7F0455Efc68B8b,0x85D170Ce729131dEF0c9F43Cd39EB0B64779b51C,0xFCb15Fd747027A68C4bC487d2669b0D1C8fb0298,0xfb6a8be1A4655288A5C19e01f2b99C9A567A1de5,0x527CC7367d05d0eF65E5eB3a771f3a28e7bA08B3,0xAE3e5CE4EA1512dB0febef411c5A435FAa3a6e55,0x2224A3B57E9Dc2E09946ef53bbdDD94f392e4C80,0x0e829Fbf0A5c564cBEa5C71Efd7ECe9D97B0cc4b,0xdF5Fe34e0d23B4eaEE0D938E375327d238d1F013,0x78A9c3fe912A933534F3efbfC95F8189D8A31B58,0x856b195AF015951dFdF9D0Ce6ccd7e2921e6Cb5d,0x5E7c9777bD63BB7aA8D1b9f18C840C18E71e9770,0x6851F124E65020dB130eE2823d9F83E345cE8266,0x7E1cb685345fcd68861Cf2BA3E2e4C681fD4D326,0x9C403D0eE169971CD9FBbBab3aF950c672A94B1b,0x79CB9E0CA294E091CbEF036B7d67C7f949ff599D,0x383398802D6c7d1C5cf4d1aE2A9048a8166B2b65,0xFe72CdB33E91d81825EE0ff2726F3Ccf218D4B0B,0x8D218F591bAd0Bc7762d71Ff00658A585Dcc4c4e,0x233de96A76e355bbF0160F1D615C1fbF8fd2c10F,0x3555aa9864919117aC9F6404ca00549A66A73043,0x3D7089b6CcEc1bd3D3b820BAaE633f4637718ec4,0x026A44b10f24e1Ee0886B144db8Efb521e4724f1,0xE881C357523a77AC837dAE4e08976229BaF59f92,0x1dDb99C48fA0Fba17Dda9770c514C7AE91b7C84E,0xAE17CBe434EF3E2b9D80B6643480d2b8181AA951,0x38adE896Ec75b765667c4baDC8449A455323Dd6A,0xeFB73E47099485c72B7678cB59fB0Da7dacf173F,0x08aB4E5199A5E8bD9575bBa899A9561a7cfE8fd6,
QmeAqY7aauXV2wRFauZmYdkdvg6SNVnyRfsDsuDJeTK97x,0x99837445C29edefCD0a724962820DbDE0A1fbF59,0x0EE06541c254c8fc853A0fc76e3D5C4Ea8db7ABC,0x131601bE4C1E5C3EB00613E0CAc870Da0f944f31,0x00810cca439a6caBe2B686AFC53A07A2A1a15409,0xd25aFE7228F7cad522a5F0A27399069C358070C5,0xFAf8Cc69D0a76204aF71C0b5bb63f8A118332980,0x6094769E5d22FC81A97a0Dd392bE2FFFA456CA5f,0x4a39DA004746027Fb76f23C4FAFE3E6d32dd756C,0x285Bc6b07C6aa64265690e27696AD6cEf4862C9D,0x516202Ee9BAE2b2880E3157c1C3445B7C9D716a5,0xB7831A5cC2D26B4A1402fDedAa8591105d5206a3,0xA94F4090b207fC861f0aD730d527067f1bf40200,0x20D2e0e35547f9Ef69c403A352593D51dE99dAec,0x5B487eF81057f5841A3eC64a71592b4cC5273989,0x55D8101261605f50A5D4D7588fB83c065C3E2849,0x9B9e480824E43132e282D0DdaB4414E40DA240f7,0x261AD5471D432Cf4f50428e4587B53c7D7cc6dcD,0x53652b1778e81C375653F6985a0AB87f1bb32012,0xe33901292A72EB81787CaF94cac1355e9B001920,0x2E527910E5104000Dd5a571f07047fd4F2ddA158,0x3FcB329c460D8DBA38F815e25860E4BAEF53DC8A,0x373f5e563dc56cd03EEEd49c224b89F931E31e07,0xB4f1A93531151017BC5dF6944aD674d9Ef784699,0x6AFb66bcAAbabDB617fCf3658472248bbd3727D0,0xA1c1eD5A7b21a38D51f4f766aEa83b6Cf031F678,0xbE93c81cD87eB1f82Aa66795D130646531A4b03A,0x11F91CEd95dE946b22d12576768895619E8DA6DB,0x19Ff0119955693D9a072E41C4E08eA9B4011c898,0x0258506b9B32d2B3060fe41115e0A6a4E67a9A8f,0x037136aa7071Ec285782a2900C09fbaD0513fdC2,0x972cDc86F3a6bCCf31728d5d27B039C975F120D0,0xd2F3C22c4d191306A22C64786339A84643Ef53bA,0xD2a119f714D97603407D51Ab4171F8D0e5F19682,0x1Db557Da3Ec47A93C43a1bDb8b040C5174E19A5b,0x790b5A1A76F8E59361021067069692470865088A,0x9838E83c4d8a998318Ca1FE4cd6C3E0aF63C4D62,0x0671416E984C141Ad0df478883A8C157e884A6A7,0xc4b6Ba75f7ADEDBdA4605D1bfCABB5D9E987d190,0xfE08D81666386539716Fe7634e69F151B5Ac62ca,0xa6BC742b61b7487ba4639a8B8B103546b328a12A,0x8D765281b3c8E1A76B60f7Bf8D3779E987A3016B,0xE4B8C8e33b17eC8517403852d7bb272134a2271a,0xDeC396292AceC91F5aEfD263a4621834047a7533,0xe8287d1890db8192FDf0D5b9C2a7a1fACCC4439a,0xb666520f051c7e343dE47aec828855D1D6A712b2,0xb51B14B3863a41aB2A75E9D9b71A01253e61a8CF,0xC07F5364BfA2EBd5eF35B572df87A5BB5B9eBE4F,0x885a36Eb7711Dc22A8F3677340f83Eaad52E0323,0xaa63c9F58125Dbc51808bb687d7e9788e30DF90c,0x1D043752Cd319B68D9Fc77E6c2B66730Bd1d0343,0x30FE0d8d2d81EA568fF60B6E28Ab74Eb7E548cb0,0xC8908316e88e4924DfB9C39aC149009300201374,0x1C1eD1342B9b06b1b4DA957F6261b8D6d03E9199,0xD42a69398961cC7234B32965DCb8248C9B73a595,0x430c984801042FCbd0B2983e36db8Aa15909ad8C,0x01d9fDad609B10D8f3bB3B854CcF50FFB11C8e55,0xC589535447eb5311fCC42F073932543c4efb1998,0xFC353392E6cc20af922025100c26A59f9a78Ca50,0xE59916C25044771259218c48087e1C05c58a9bed,0x2EA434eF415dabc732cd763F930c67941FFf2e7D,0xfA39Bdad2cf6f2095C12351dfAe68539DE4Bb889,0xc210bC9d3CeA3a06cb6d625c2a4E38AA246e4872,0x384311c878C5F4648B6c5b6A0DFE159328219742,0x6557C6F854D0EB8D695Fd19A7cab5cE47c98bF4E,0xad9411d14548820D4E872bBf210be09eBe34A8ba,0x2510Ea7e3DAe76FFf1c7e616Da55313EfF6f66F5,0xeE61b9593B325A0E4499463DF28ACeAb51303508,0xbB0043c6be3a53d234116976403633ac7A8bDa0c,0xdbaFa9174736fd6dE902B77FfD39F47C2a0048cC,0xb1df010877FBAD79aE2d5ef6b6Cf2665442ba181,0x3D20A8bFcEa4B01440E91AC083EFC2FB13fEf200,0x5f1fA5Fb4381d720cAbbFafB38EEf43514Eb0876,0x9e106B9d710B60bE0969929E8e9717740aB6D94f,0x1f1878000FB8149dbFE7F0496555bC7415EF9363,0x8247166A0159D96BBaD8f9452512fa121dc7a637,0xAb6925FCA7E4794b68554627da7F0455Efc68B8b,0x85D170Ce729131dEF0c9F43Cd39EB0B64779b51C,0xFCb15Fd747027A68C4bC487d2669b0D1C8fb0298,0xfb6a8be1A4655288A5C19e01f2b99C9A567A1de5,0x527CC7367d05d0eF65E5eB3a771f3a28e7bA08B3,0xAE3e5CE4EA1512dB0febef411c5A435FAa3a6e55,0x2224A3B57E9Dc2E09946ef53bbdDD94f392e4C80,0x0e829Fbf0A5c564cBEa5C71Efd7ECe9D97B0cc4b,0xdF5Fe34e0d23B4eaEE0D938E375327d238d1F013,0x78A9c3fe912A933534F3efbfC95F8189D8A31B58,0x856b195AF015951dFdF9D0Ce6ccd7e2921e6Cb5d,0x5E7c9777bD63BB7aA8D1b9f18C840C18E71e9770,0x6851F124E65020dB130eE2823d9F83E345cE8266,0x7E1cb685345fcd68861Cf2BA3E2e4C681fD4D326,0x9C403D0eE169971CD9FBbBab3aF950c672A94B1b,0x79CB9E0CA294E091CbEF036B7d67C7f949ff599D,0x383398802D6c7d1C5cf4d1aE2A9048a8166B2b65,0x34d6Dbd097f6b739C59D7467779549Aea60e1F84,0xE81ef15F525C82e49D6df6d113B5faC35Fa8c559,0xa60DD9d42fdD43E91Da63BD261997E14F21C69Fd,0x425d16B0e08a28A3Ff9e4404AE99D78C0a076C5A,0xA5d223c176daAB154a3134369D1C0478c5e6FecF,0xFe72CdB33E91d81825EE0ff2726F3Ccf218D4B0B,0x8D218F591bAd0Bc7762d71Ff00658A585Dcc4c4e,0x233de96A76e355bbF0160F1D615C1fbF8fd2c10F,0x3555aa9864919117aC9F6404ca00549A66A73043,0x3D7089b6CcEc1bd3D3b820BAaE633f4637718ec4,0x026A44b10f24e1Ee0886B144db8Efb521e4724f1,0xE881C357523a77AC837dAE4e08976229BaF59f92,0x1dDb99C48fA0Fba17Dda9770c514C7AE91b7C84E,0xAE17CBe434EF3E2b9D80B6643480d2b8181AA951,0x38adE896Ec75b765667c4baDC8449A455323Dd6A,0x188C30E9A6527F5F0c3f7fe59B72ac7253C62F28,0x727c062d0f33Bf31af1589Fb10661cc6Fb444A8c,0x1fafb618033Fb07d3a99704a47451971976CB586,0x4415c70659Db7eA97373d1439115c5fb7a288A50,0xC4D8F1815C408a49983D843eddf390d1Edf16Cd3,0x23Be060093Db74f38B1a3daF57AfDc1a23dB0077,0x0cEBB78BF382d3b9e5ae2B73930Dc41a9a7A5E06,0xF8e95aa8434B7f16113f3d5119A4464DdD2E8d81,0xdbeDB1B7d359b0776E139D385c78a5ac9B27C0f9,0x81da4F0bcEa8d330d790DA28bf5349D29aD51FDA,0xabBCb6B9240cd5d28c6a7BDf0b55EEEF9147659F,0xD696F6B81377417E2844448C97459C0cC0621800,0x580Ba3f7a1fA2793185f80e394CC4e3426b820E1,0xf2327b04521589f505c7074C163805843A4bd6Cd,0xcCb8ECe2c1378af4221a5c9e8ad97cc258a804a2,0xe90B4aA6002E263031E9A05d50CE8709B9F92fa8,0x7e3De32B65CCAe9233Ad666f5F7B2872EF37FA09,0x1d5E65a087eBc3d03a294412E46CE5D6882969f4,0x07E9d06db58A77407DB95D93Fbe1275a46F97463,0xa95Ca3B03D8E133388c2Af48bE35a8AD0e6EC39B,0x920Eb8ca79F07Eb3bFc39c324c8113948ed3104C,0xD3FcCeaBCf4F36F37273632C8ac86B162C0a4909,0xEA30BBdc252aBDFE56761b645eAfD760C2d78493,0x8112dc79D718cBb226c5e8b35FD8fb551aa04AB8,0x5aD73Ba27c4c6E1E54B91E2bD7A9D9723cAAcd98,0xAc62d7D704a54244629567512fF43CF565cc40d3,0xc1aC1B51c4fdF8739E13846E7116846FfCAaf374,0x284660456037BD9cC9b94d6B98C536E1Cee30d4c,0x0DC1C59c74eaE4B4261a69C9Ff6297A68D52A710,0x4909CaE17FD925DbF1E109f219417f1bC86f02DE,0x8bC3332B8BfD8Fc73d23Ac34F386991Ea03c5398,0xbd17e0C2D7Ab5CC7c3aEb00219C9213863e44084,0xbe6e23bA37Ba18610ccB843b914b4593dc54c2B3,0x9214d183c400252a3EbFD7aECf554bF9A992E7b1,0xeF40c4bF712CF78d217f480D8EDB27568c165cb9,0x3d93455013be32bCD7AD99E6F4Ac7F2b134A292D,0x80d50AD51fa01044adA9BEA7e3caD20Af839CB3C,0xeeF440eA127a0aaBf70601c6C68C425C29d02018,0x8fA54F2e82C2afA672B3c1C3931751af5a5AA2a1,0x196A3Dc8446920Cef0f0d1f6Bf7Ba5b40702C79f,0x10cCD4136471c7c266a9Fc4569622989Fb4caB99,0xE3E39161d35E9A81edEc667a5387bfAE85752854,0x3c229864378b3B0adF98aE247Ca33986AED8EC1E,0x4Fe992E566F8a28248acC4cB401b7FfD7dF959B0,0x2a0059610c92842DC2eF84aF76b244C28687e647,0x6337814f9D2ab10f53e65E6CCc16310E61cf8584,0xCfaba3994C45aa03e479000300801AE35B39c388,0x24fC7A0751BBF53C239cC1D21d2951A5b21f733d,0xBD1f7d88C76A86C60d41bDDD4819fAe404e7151E,0x8577B84527ced5d2D9F299DC6027A9e049C17d6c,0x2d1bdC590Cb736097Bc5577c8974e28dc48F5ECc,0xf82502938B8B06C69770631cc0d9B81CE563a4E2,0x640E0118b2C5a3C0Ea29B94A62d9108ce2c6ced7,0xFCa7C5CF95821f3D45b9949De6E2846D66aF819F,0x0bEbD0898FAB4784EA207B3A33B3d167C70d8f75,0x953cC221d2D43bA9b7EB9BDf17617aEa39CEa774,0x76d2DDCe6b781e66c4B184C82Fbf4F94346Cfb0D,0x16f2F6eb3AFD95cE06eD9b700EC7D44FAF380C8A,0x5275817b74021E97c980E95EdE6bbAc0D0d6f3a2,0xEDF7b675a2fE3c27efb263fb4c204A3f0fb17D46,0xdf3910d26836318379903A47bD26d0E05Cc9a0f5,0x3b2534b8EA1f9a8BF9D9915B91bae673d161F2A5,0x11B1785D9Ac81480c03210e89F1508c8c115888E,0xf7Bd34Dd44B92fB2f9C3D2e31aAAd06570a853A6,0xc8484D4A6BaAaA7C31f411b1362145dA109F9B50,0xE25d5C876e24C52f0938967fb6e164bB70Bb2362,0x70F994a316A76A18C1eD05e1f5a2756D933c3C7a,0x8A7915b7727B0D198719864Bfbf9C8e4cAf9B21e,0xd8Ce0Efcc3f2dd2EA0B1D7b9bD260a3987f7ad46,0x0000A441fBB1fBAADF246539BF253A42ABD31494,0x0E9Fed33f6a202146a615De0FA1985adFb461467,0x66215D23B8A247C80c2D1B7beF4BefC2AB384bCE,0x605B5F6549538a94Bd2653d1EE67612a47039da0,0x1fD7DAe8CE6190509486e657629975e10eCFeF60,0x3C7108FAD72AbA31e2Fa59dFBc458b54F58d9966,0xB9b93bF2DB3678b010E71Ef701d763Aee144E93E,0x985147809e9C0A677e9c9BED656C984bE037D373,0xc9153d97b103F6Df5fbD8239Be4F036a2734a46E,0xBd48dd506E9179a757AE229d04745476ce6C2aad,0x50F27CdB650879A41fb07038bF2B818845c20e17,0x0F45156F109e474295913D78036FA213b1745D5A,0xd87EcC6C74F486B044824a222326A96F696fCfA2,0x6621295A7fAdD3AB78aE6915502bD50fDd5A1491,0x48Bd8b901811ae90b6e43eFed61c9b9fd8444060,0x6483313C87D8cf60aB4A21407A67E4aC7FAb6031,0x8F11796C0D93A54039F626AB4F17b4398d659Ec4,0x81931a6a097856684Ef70Ab61dac896Fe871C209,0x4e9C104d24cA8aA27c3e1A5d9D3249e96c5bbD80,0xF8D0eB5C545F5776Ed9A10F765F31E1B8B8D1980,0x7E8e66E8834F762077dEeC97F792d83092EBE431,0x0F086D4cA0713B673b9D949b45277644b076e6c8,0x289c23Cd7cACAFD4bFee6344EF376FA14f1bF42D,0x60B7ced7EDD929A8Fc9A1211Aad34B6020311DFf,0x694208f12c6BfF64C4abA19a16DD444c4e2B4ada,0xB30452beCa9c462bC6773582c9e0d70Cc60E7321,0x5E0b772FC4E58C470CE4551EeF2391A3B5dA5bb4,0x52dC01082fC06a78eF3910C101b7823df3277355,0xa675E4D5b553eE2EEd5Df9d4f7234d9Cc69E2781,0xC659284Cd530F1DF076b38a469c4207d731a2710,0x39DE56518e136d472Ef9645e7D6E1F7c6C8Ed37b,0x205b993Bb19930C80FB10ddF4f4c423e49c4cAAC,0x7904aDB48351aF7b835Cb061316795d5226b7f1a,0x6CED59A8D2dA7bdf3E6c2920F632421A8f3c34D1,0xB325c1AC788f02fF7997cF53C6FF40Dd762897B3,0xa8ff20f8825C758C8404B9EDbee354e7C4231Cd8,0x95B9F2F528338b0cDB3F14442837b0e7F05DCEeC,0xf5F802dDD72c98791a8659054D4852e97F90C9d7,0x0D703ccD7DeBd7f6F4B0fFB29d2d710D19b09025,0x6ab615CF8deCFc488186E54066Fc10589C9293A3,0xe67e43b831A541c5Fa40DE52aB0aFbE311514E64,0x2D8304750A8AC17DC1B9A5Da1c85c0a55f12c3D3,0x918558df5A12Ba43657222bbcf1a735494a5024f,0x94dFcE828c3DAaF6492f1B6F66f9a1825254D24B,0x542426bBdC01724eD3c6Fba8cb81756e3BbD763E,0xF4e60564dAf7f36DA64E10942A2255D9AEF79d51,0x2B86486477D007b75286474458ED45594320a580,0x95A40112C37d79f6833935ec780495d5D3e23178,0x5444C3377842568E5cCd77Df6F8b26C2c2eF3878,0x0459dDa9eB7062E6FDCA6293A4C363722fCA6102,0xB1Ec171401c914b437D331994b328aC01D904671,0x91384D160a7070005400685Fd464ce409d917EF6,0x39415255619783A2E71fcF7d8f708A951d92e1b6,0x9b616Ac1D31F17Be9B23560d93699cA7732e2808,0xB86B7E3Cd923c9d27673AC61c1C7fAEbC4378e45,0xF96dA4775776ea43c42795b116C7a6eCcd6e71b5,0x9fd8bF23C7a12d35656d07fd0527Dec7a4a08C9c,0x3bd5e344Ac629C9f232F921bAfDeEEc312deAC9b,0x9e6e344f94305d36eA59912b0911fE2c9149Ed3E,0x0716266cC5D3c443e30b0c4E9C72AFA33778E1de,0x72D4D59F31D0Cb4A4213A5dc81FC0108241eCC71,0x45eBC736090424b36106c4A29714B10bB19A5C72,0x73eE1dF910bcEC5f2d181B671856e282e968ff74,0x00C67d9D6D3D13b42a87424E145826c467CcCd84,0x32a59b87352e980dD6aB1bAF462696D28e63525D,0xa53A13A80D72A855481DE5211E7654fAbDFE3526,0x518e5A942Ed7Db4B45e9A491ce318373346dB240,0x580A5b2f32bD14af9da1e01ef41fEB754f78c350,
QmPMkJwTTKxEAR49jAnhWwhHCF9kuNmcGCH2cebSCWAbj1,
QmYDjrShruxA49X7zNnRErucYW8AbbhrE1tDK2U8yqdE4j,
QmQhtTLKeVCgkNFggbvCuDrsismYN3oPRrGzCxTuxitVCM,
QmR6YCff9KeZjbnEs4kdGRpneya7DbMvbSz7H2XULykVKS,
QmfK8iK2w4fA9FcHn6HDPRyQSzq7wQQL81Z31bKijuowrw,
QmeQbJF3E5yAZQyHPJVGLVucDinaF6n7RSQa4XYDuwXWrp,
Qmauef1dgc6CMfpEVoisy11XDeN2Rs17i5AzkwB8qZPV3f,
Qmf6zdb9uWhJLYAqgVF6uWkSuq13g9QQH1yPrfCu2WUyf9,
QmdkLdfTUnv3JSBYCvQAMqzNGm7yFW9w9iUS3qLLpebJe4,
QmP5zrjURvpZTpKT47yf2imABuEqXremyTLbq5wuQtkMUG,
QmRfzecXeFZByXfXHLkVJ1Fe69dkFAUTMTRq4CZ2iaewxN,
QmTzJYQPPpFFsbAz9Lobm1EX8RBWcCdoJQi9YCSxESYrSC,
QmYvGyFPn2GiCRFC2pFh5AcEJSTF4pt94dFjSYGggXPowG,
QmdVHPcaAwYDeBNKVtfSQHdS3ATPZY2JogBVNh3s94dhLd,
QmSifran4mmsNjECHRVMmATkP8u81T9SLj9phQvBV5tRaH,
QmcANtYBksL3pykKCJJeRCX5EmJM6H1c1c7Jv6sp8JeMp1,
QmUpgox6caN173AwZxdtrkkczt33RS3FG4TAN5nKTNEFbh,
QmQmMFZLd78oKM2sEWUrAaG6tyuvwhggQpAgZ4e1fjT58H,
QmPuXK22eUeq1ZqYtDDXuRhcwT2jFCxPoA81JA9QRSaaHz,
QmQ5dkaR24P4Cm8jQmDT3MfUm5ujxDTtG5spob4McJn5eh,
QmT6XdZiC1RDN3NNJUzx37u9ru3pGLavLDPrGLndrKYFAf,
QmRiKc921PwtNsiu1yWfvRHngXCsvx2GheiMJqcGu6Kmqd,
Qmev2rS1Z8Cq3WjBhP9CaFbaCwvSE4a3x2gBvXd31R29iu,
QmTFhJtP1s2WvW32EuQaGzDuWuypD5y6yiJW7y2H1Hqhwo,
QmP4YwdfQdq3rNV2gJcyRTjY2a37tfqZ1ukHhH46Rd8our,
QmPvuispcngEXmMKfuVLesjnPCTNTnNPQ9xxnkhjDPmUzr,
QmNN3jzGyB284CqTfhMk9RFWx6arCdKhekvWxTBP24TpEm,
QmXa5XdF2Du87VhKr2xe5N9VzAPvmw6CJJ1Zgd52jbMgpZ,
QmbzDxpwmmYriKMcotezqBuFtjzhf7SW5zXQmGtqfrTBrs,
QmUqNa5apxgojemsJHhAMnXShahk63kjhYsMVpzKxRxMsv,
QmPCYvAPujQ1z6YPjTaRFiGFQqfZuLfvFm3WisCLFuj4sY,
QmREhW7v7ehFY25UiFNkFjLd9z5jjhYaTye9zianjz8F5W,
QmWsyBa9Y4RQ3S7nNP7URXCGudysHk1m99KkXxTGMtnUVw,
QmUkxrTf5HFSHguJhXzXcZumLGVLxrGzNRYSGkRpymJH4o,
QmcT7UB2fc3nmqPRNpjXXeqo9geoRShKSxtzpYjeJYDX7s,
QmVvFTCcdzywN4ntHjpRWTMzZ35dmTqttyp5RTGTPGgT41,
QmUgRdGx5RYHKapKKAs9RDhVvTe2fVsnNdyiv1xE2v4siy,
QmfJPiXP6pxW88NVZaiueNQ5etn4KtSYMjEKFHSEmrerhT,
QmR77ibveT3wHtRipyqQEvwbJE1bnyfgwoGkhPo5m513AJ,
QmfVFCStXbBa67SKv99WYCf6H7ugtdK34Fne8WjZZPTNc3,
QmZ1CRRXq5zYPqh5LzyDgXUstnrcjSsHmjv1PLgyD5gMFj,
QmYRijdxESdpgEoryX8FA2nvZVstBETQ213bLcLzkhVbXw,
QmXGD2y3pV6iNJZ8wg1bRC6SP8Gdvgq6mFzSQuFoaUB4Ln,
QmXTZzRQL97sQPEFbxSfcr3bibpUaANNyb1CBwfFXmgbLE,
Qmeye9fEGD4y5mt2ARp1X6r8SeCzX3ZCpcvKfKx8qH5QLV,
QmYFez5VVPT2hBscmDk6bciLifhZKX9rsCW8VK8rcmMZuD,
QmQgHBjwyqoTNCw1HjRhXFA8ECwLcSrwf2mpnicuNQT167,
QmTuSoBHcvPfkGHeqrbXwfRiuXA3ZVcGhmzxXbmvbANCSV,
QmWx9kbJpUbJYFczEMD9ZaNqFjFQ4QHLr6b88H2pxXJzoa,
QmV1hZsNruMerGW6Y66StKG7EZEDkaeHB43AXexvT7xdcp,
QmcxK2ZRmD8vU8Nsebd2Br9cLS3ohXKLUGGWSGa1c5zRDT,
QmbjEcDnnkQK6arzsySurA698s8SvrXNvbDkyRAqZxNxmV,
QmbKHv9dYqsZYdGH2U8N1UWTcqUHJFuVAbXP9WhDpbK64r,
QmXzFAGJa3r4aVnW7k3cmfoK3AoKh2MVMAv9euHE2FjwsX,
QmNo3PVnpjr1djApgBDv28jZfFvWeh4RsLhnxSnhtVS7HM,
QmRRqdF2zYYu8MFrpMnZXm7oQ6f9EmRw2pGCYGFjLasxwa,
QmRuyZQ8mesEiPuG7KsNuZZaf68zTeF8ehYHDL6NqEiVFY,
QmV1k5fyo52y6CyFQjsKggu1dpq6JQccijmbwHC924XegP,
QmVZkHHT31L4US1qGaoXoT7p4WHrUiofx57ENv4p8NGAFq,
QmSq2sXZtRADY5cY4Yk5H5Q4BLPv5vNKTdboobrKhviSQU,
QmcYR8u6j7DBhc9DPwQqMjV2mUpVAzbd2tC2TJmCxgkarh,
QmZEGvxE4kDEgw72LdxjgRg9MrzMtJpJgN6ACuSutinD2H,
QmYMogdibVgqqBXskk9ACYq1NwP8FvqAtz84ogPhme9Biy,
QmcR7kwEN3rPyfA9TCXyqBcXMMfPwLNVq6yxthbxS6QkaJ,
QmSTNah12jSXmYvWLAWGVXL4g2VJwJGDNmJnNXRtnKUTD4,
QmQ6bqS9JjNvTZf4a8CRDeVad3g5r6C2WZiVC3hgcZVMz4,
QmRvqpB6rfufgP3QBDj1k9rGmp5X5QymgZ3223ycAfSuum,
QmbKj7GFxtHjeSR1eNipbznxLt9jZUd8YdaSzHAuMdyxL7,
QmduqgpChGUs9Dz7Xs5sp1ebforwiPUcHN6iBTGSNpXFwr,
QmdhULbaTnHSoGubstHFn5mims56qKWZqbv6zqyfb7LLdw,
QmVm7Zb5wzoMCS6tQ6EX8pnxAPF16i2NtnG4RbittperAZ,
QmZ4xeiPWzp44mfi8ZqLJN4XN5sHH7cGT8k9KVMr1y7WEx,
QmY3kCrZSrohRJcXimD8V6FfSJgafLubjZyPyTDwUrDEdX,
QmSjQU4ys9brt96cgyEDfcH9tJQ93e8c26RXCZTJRSX8fS,
