0x0042dfb8301607df72ec9fdab39759371f827bb0,1,0
0x00c9894ec45e1e0c547da44c007b1fa7ead36228,2,0
0x00d9619e4fe35f1a69a4b0579a0247575aeef1ef,4,0
0x014ded81ddb85f7d178a66bcdd6cd6ca89ba7cc5,2,0.4099099099099099
0x016e79e9101a8eaa3e7f46d6d1c267819c09c939,40,0.9214728935336381
0x0353b86f1e8dd2d28b6eed6fd9b5cbbdc2df42c5,2,0.5
0x0366df36344c494aafe34f7b2f852fedc8497770,1,0
0x0372f3696fa7dc99801f435fd6737e57818239f2,105,0.6886596505852524
0x044a03d4f81711938bb88035da9ee588417f94eb,1,0
0x04640fe6378c8f03528f50f6eb7ae1ebdb398d17,1,0
0x055414109ee6ffa78d16ef2af5173d1530d24bed,1,0
0x0557b380dd0f96d04829cfe7f8440d2b61bdb345,1,0
0x059f0264524433ea399c3d10df9d2c317f39cc01,1,0
0x06b7291bf87e310df26f7b20652756e8c5665cd1,1,0
0x071124f489b96101e4a6b1ce78a0c4b9eba881a2,2,0
0x073ac467787c6a4ec93163dbe043b4a03bd60caf,1,0
0x081868a96f106e2286bd27112a0354d7222b4adb,1,0
0x084e61c1b357d556238817ff91fd5e92c2656171,1,0
0x08876be280abdcceb5a6233ab428b85cd7e8a69d,1,0
0x098eabc5cb8ca7d8aaeaf0a927a5c2bbcedffb30,1,0
0x09d0745f49db80dcd483f4fc90234527ce6751d1,1,0
0x0a54aca07be047fa2c44b267a2e546dfd3fecad1,1,0
0x0b07bad3bba914a70367c51319c7554527eb5ef9,1,0
0x0b45a92c9d7f3e3a85d23e211b3061b3406a6029,1,0
0x0bb064536dbbb305fbe4290d06105ea3de918737,4,0
0x0bbaac57e09d230730cd9dff896ab528c7a0c9aa,1,0
0x0c1fc2b9975a880d82b518b141d42cfded7857ab,1,0
0x0cefa8424d3045f36950bc6292eb1c80b01e8759,1,0
0x0e167256d58ed37def84cfdb08f7588723bec2dd,1,0
0x0e5a503842c947762e66c42f8a773757edeb2315,1,0
0x0f1028502960d1c6edd353ab8af077ffbd617fe2,1,0
0x0f2ac0d62bc5e2a194fb5a531a245b8ee03911e0,1,0
0x101aad3a4e4e63f88607144ac3e7318257705e36,1,0
0x108e0ac5241dd65f1213396681a799ed049dd5dc,1,0
0x112bc7f1337de4477781207d8dc788ec232170a2,1,0
0x123e8d543d7528e90b391fcfbc811a9a7a839c68,1,0
0x12ad7d784543e51e030ef5580a2053bd9dd09718,1,0
0x12be45727a5458abbe6209e1b1f42601819e2ec2,1,0
0x12ecd378854ceb1c7e9d9aee0752d044061cd58c,2,0
0x130d96c933d2a8f9c27fee31be78c08d58e04e63,1,0
0x13555020d1d7690ba37d6c0042656fcfa751d2a3,1,0
0x148daa26808201add646d16c5c0a4d0e60d8847c,1,0
0x14ae60c9523b15e05c04a7e8e78a2a7ba3e2ad70,1,0
0x14b8de59612e6a553cc2f900c2dcc52627794689,1,0
0x14bf7c8ef3a9484522f610e1904ad23236289eaa,1,0
0x14f00110956d2f6171afc16baab4c0bac334801f,1,0
0x14f14ab507a700f794752298efde62d545549b24,1,0
0x153260aa83e348e144a0fd824905e934ffbceffe,1,0
0x160042db5365a09c1372ee51de92820891c758f6,1,0
0x161e99f7467f20602c7ff9ff85f22be1ecc41b86,6,0.3333333333333333
0x1621e5d7b9bb0e1330897f4f5df1fba9eb399263,1,0
0x16ddecb0f83ca91a27b2f236d1ff7a7e70d5301a,1,0
0x170e7de6dcee804748d8714bd26538379f967407,1,0
0x17a09f59574e87db1a0e94af5147129f68ccf3de,1,0
0x181c0ee17ffdf4aaa687f4a9eaba645a01cac3a5,1,0
0x18923b96e765aeeabb8090e17c15da958a4846d3,1,0
0x194aaa502839c3d4f7f2225884ae11115fb62d86,1,0
0x195ab0b062685b8a940e78a0e6b3b2db230c7fb7,1,0
0x19cf6f42436acdae68cdec522320b18b36bfda60,1,0
0x1b245f8a7c8623e0736a7ba88430047a8a547d32,1,0
0x1b3d7efb93ec432b0d1d56880c23303979b379e9,38,0.9733526953092096
0x1b76c178355508f247863915e9a838635e653861,1,0
0x1ba850cb53280d7f9987be283ff462038ec8abe2,16,0.6512187299550994
0x1bbab7783d2dbe69f636cfa182dbc67e3f6e5093,1,0
0x1c38710b8b6f0632dd4bfeefb2f3898d7e6c18b1,1,0
0x1c4aa92cd9ba7e6a40d19660f94ee8d23eb56639,1,0
0x1c6f815293f73d1f15ffa1e1a230155ff47369f9,1,0
0x1cafeba65272799149ec0cdadf87f0e706a3cfd3,2,0
0x1e09c5914cbc69bb17872626816abf4fdda24133,1,0
0x1e5435f26bf2aebceb0adc2c888b98b9bddebff5,2,0
0x1e8e2687f1e26dcd4653c256f4b165971b104070,1,0
0x1ea84b986ee08b68d37bfe07c7564b84dee40bd6,1,0
0x1efe05df1f5e82a4994093b1982c97e3dd404e65,110,0.9
0x1f88e090e5a2b7c2d2c3c272b783610862498c60,1,0
0x1fab0f9902a6a47c685d4aaa231a54e08184f89c,1,0
0x1fc8cbf507e888203932137ca3af28cf4c8c910c,1,0
0x1fd169a4f5c59acf79d0fd5d91d1201ef1bce9f1,108,0.8392967987940055
0x2067f7bb96172b35c3eb581d5e407d9e6a2099e4,1,0
0x20aadbcef735356fffeb2f40519ac7105c0284b4,25,0.9599977920052992
0x210aa04057418ee6e571921bd02183430f8292eb,1,0
0x22274338be63f4f3e01d51f23fc50be138ee0cae,1,0
0x23bfa86f33660a5135dac82bf3804c153b1ab72f,1,0
0x23fe7836da91f46051fb0fed622277fe93ddde39,259,0.18208003922289637
0x24128582cbc75e4b7021c6fe9044848aee543f2d,1,0
0x24f13448d8e068f8388aecd4652e184135ac831c,1,0
0x259b4ad7abc561ec29d354e5ad1e7d0a40cf0427,1,0
0x26423dff9e1797be5793f2174c85a4f04956adeb,1,0
0x265989a4a7ce6f025db1618667495aa51c5121e9,2,0.35714285714285715
0x26edf55480c50a2fab52d0d7bdf1dbbf2f4bb14f,37,0.8108050874751704
0x2788140fd34d5bf634fd5e7db2c372b58974f8ab,1,0
0x27e5306d4b5c36070af7d6e87c9df1aebdf0222a,1,0
0x288f70137c4057550f2952468a68d1d223019073,1,0
0x28995c80565f188c9334d20db3e70b6606565b94,2,0
0x29f9340ff5c9d8f8b4760cd1429312a68f044e9a,1,0
0x2b0881c43467bb590a7339ff7afe494807f5f914,1,0
0x2bf0689b22c1092aaf6a09437af316985e67ba12,2,0
0x2c0279d18317186c42fcf041bd427367b266fb4e,3,0
0x2c18fe5be8cd3321f696cca4663972123aea10ed,1,0
0x2cc45f7812c519ac283844c628eb89c2f527e725,1,0
0x2e91c43ec620a0e5d2a3b7e2b5b0daeccd119df4,1,0
0x2eaa38e8ad799041081b98772191133b9d43f41d,1,0
0x2f2f18904ed01112a5d3c51f6f393d893ba7d6a7,1,0
0x2f74969351d4c2509acd7985fbe36bcc1cd38aea,1,0
0x2fad8cd84c6d3e668dd56601bbb7ac0fda4f5e68,1,0
0x2fd32cfee3d548acf28ac067e93e094348c3b540,1,0
0x311c7a64f90d77b36987f681f649a1675d05652c,1,0
0x3226afdbe3911ba1ab32c97a3fc75606ed2f2226,1,0
0x32e173fd9cb2a50bc39d313182bd484729c818b4,3,0.3328335832083958
0x33da52e66c7ca9268f0cfdbc0c67c0ebd6020f93,1,0
0x345996b47b0aa30b12c17b1854a3c4fca46f99c8,1,0
0x34b43f77d22b98876e702622722755c5d74b6d22,1,0
0x34f06983ef6a0229d34a3d250873f1ccd483e1bf,1,0
0x358f82b15e58f9729695af01f8f9dde0d1bf366b,1,0
0x35915fd4404087615eda8619f9872c6479b9a036,1,0
0x36dc48ae5e9ba9b752ab32589c9dd809a69cedba,1,0
0x36fab4ac1d36e5f1015236261e42365cb4feac52,47,0.9299054373522458
0x375cc4d070482484e6c351b9d2de244b3076bf7d,1,0
0x377fa89894956a4d221c8d9d3ed3c33cfc9f70bd,2,0.499999
0x38740a4f02e8985ade62fe65bc5fc336483f4480,1,0
0x38de9a5e1c691c2ae4c8cbd13ac29e2a3ca270ec,1,0
0x3906aaf0bc3fda9ae37b2a33c29411f25c338998,1,0
0x3919c6afed517fd3fb193ddb4a1524cd267f0069,2,0
0x395ed08c20dc119478dc6cf6a16d94b377072379,2,0.5
0x3a268279cc57d669925e8b6eb5a7be7da6f18984,1,0
0x3b1c5ca91ec6ceda5ef3cef8abc275f63ac35232,1,0
0x3bcf65756463c54e15fa26b8f441cdd927b66207,1,0
0x3beb9da3bb0020153ae57a21a8a88166ca5f6f8d,3,0
0x3cb79bcf7badb7eddf5b57d3b82e6727fa4a24e0,1,0
0x3d83d62a11e6e55376a9f9604ff049b493450b85,1,0
0x3ee67bc5c3b53c3f6a80540733c7a17e0005747c,1,0
0x3f2eda983d6926a84df3dba7122142907a5a7c84,1,0
0x3f659631a9bc3db57f84540bcaa7e583e82d4f8b,1,0
0x402184feffa561be348943cd171bd511e5c610a2,1,0
0x405a0e96be7919c7c0dba375d4fb8a9c3a032c6e,1,0
0x4454403f3847626d194c25dbe9ad0013c9d19085,1,0
0x446780dd6b1e115a29b71e97b8b408380613ac87,1,0
0x44b0fc4c6612a550104b074b240652f55d62fb68,1,0
0x44d49863f785d02d302687c9149eb347afccee7b,6,0
0x45105bd53242b6db22e7524732254a3cd666d0fc,3,0
0x4570b4faf71e23942b8b9f934b47ccedf7540162,119,0.7396173402606468
0x46c3e0ee080935768a0d97012841213e88b1fd91,1,0
0x46c90bda9d02b05fd9eb1c4f2977f4457a9e6e44,1,0
0x47b45f8b527a0dbcd315e4c9cee4b8ff118f8a31,26,0.4242603550295858
0x482122333e3af9b969871a66f6c3aa8ea76db31a,1,0
0x4860317bca9a4fbbb9021f65e6f09a25d6aeaed3,1,0
0x4862376ff04f07922fcee312053ad5ff2d6834b3,1,0
0x486375801734a9c2a607687ec8f8df5886868f94,4,0.5192307692307693
0x48c2f0a379f8cc93b1be3775964e242adebfd8dc,7,0.24842336166712367
0x493d0818c75f46686f239e36b2d50cc3b60ce490,1,0
0x49452628e5513a5ea408b52ff2d934c684020b3a,1,0
0x4986d517bb1770d8b42f9d20ba6e9f70b987967f,1,0
0x49c1afd6a4037d4d60142f53c35c4832bdaa0108,6,0.3333333333333333
0x49ecf88449c25a21410a5c15fd1e53a6f2225a0f,1,0
0x4b7b2986696c7b7c1eaa7318c8472c58a0119af7,2,0
0x4cfcc235d964bc44ab7aa70e6e84e3ca9f01b17c,1,0
0x4d6b58f74a7bc0f004427a6733a96dc24e0c5713,1,0
0x4dc514426e4c273cec292affffe6fe19cb9a4a81,1,0
0x4dee5bb2e919c5c123b74e7919f6c1984a6bc349,24,0.7308526693076778
0x4ee0b8bb02cf33859dc88fbf0e26b35e03e31ba9,1,0
0x4f3e03c2f485c9b6aa65ac326cab52a25e015c85,2,0
0x4f63880ecba1c3b7c961fdcec4537eecb5962253,1,0
0x501c4311350fe29ca477296a40b5c9dbefcb7517,1,0
0x50443261312a56529aae8da5500cf7db8ce484f5,1,0
0x508b23e21d5da0610ee7ceeb313ae80bc06db1bb,1,0
0x50af9f731293f540a7679b6b16aaccfbdfeb82cb,1,0
0x5119bee18f914006b0da5d7ae0a3f1687e00e5d6,1,0
0x513838f426c3ace6c4930ae74617d2c5c584b648,2,0.5
0x519f9662798c2e07fbd5b30c1445602320c5cf5b,82,0.8030249843046452
0x5248ab2b7f0db71161f8fa975c49576a8e38a24f,1,0
0x53a1f6afd72eb9015b8867822005112e3dc260ff,1,0
0x543cc138b17fe13d71c5098694a0a88f094feba5,1,0
0x545c32fa2713ae020570742c78ab17a522a794d5,1,0
0x54a6b19d9611d60e0fca88506cbc93f1e8993535,1,0
0x54af0987ddead435a6fcb2206a2ba97f38309ab0,1,0
0x54b7615ec7b60ab7d9315ff647f9f8bd37e68350,4,0
0x556016f807526c2a5f28168b2aedd10fdcbd75f9,4,0.625
0x55695a67f3987aeed7d2a87670dbb4367a709021,3,0
0x55a62791721be8f8d29e95aa2dffa14f64a7b3e9,1,0
0x56e0840c1b86886a743cc8fb696bc9d45f867bfc,3,0.46153846153846156
0x56f887ecd35014b3b94fe8f0daccae473f69ba76,1,0
0x57b5050b0e6ece2d84d14b9b3578f8df86063f85,1,0
0x598facfe509de11e7e61828b0d4be78a9ead97db,1,0
0x5a2220cbd948872528b7d0eff13ebda8fd358064,1,0
0x5a79f04709f1e15722255d9d985edfca4f16d3b3,1,0
0x5a8f0a462e17fb929a5341e9e3fb23ce086e8c7d,1,0
0x5bcaae60f557b456a902b91fa49fed009eb2d0bf,1,0
0x5c130a36cb69c1371e3a00f1305d4c68e67facc3,1,0
0x5c27b98340526d6c5fb8f9211634b0b50ddc5aee,2,0
0x5c85cfd06ddcf8fea736494e4125cd12110c3ebe,1,0
0x5cb1351733c8842b16754eec03b3ad6825ac6915,1,0
0x5d08ea162920e7d457bf526fcebe6d1c555a8577,1,0
0x5d0b8556b208fe2b9ded2db9bab1aab9c35e00b8,4,0.3333333333333333
0x5d853a6061e3a649acb9d10bd3c2c18381a25d8c,1,0
0x5df97c03a57b55faff70b62b16b0fe0e1d417600,1,0
0x5e344035cc0282cb3c9f883d811c1f3eb311ebd1,1,0
0x5e9bfce07b8b17d03169af02da2cb8e3787e678f,1,0
0x5eda5792125e4ad108454e6d607db156f10f7ec3,2,0.5
0x5f7e55224669c57e3cfc7244eb9eef49183ee70a,1,0
0x6076cca540994d41b7245cc123731469e8b5cfaa,1,0
0x6165272c4351021b2b842a5c26cae3ebf16aba2f,10,0
0x6171b6237d5b8ad9214153ca22ab23528d66e3ab,2,0
0x61cf820d6ac8726a62f1e65376efd81691b51868,1,0
0x639810e556058bdcad170d7433c01231f779ac69,1,0
0x63e8579d08a0a02dcf1ae5940e3960a27d7374f1,1,0
0x647d2460d8cb322fc5328afbf9dd402af2d1ba11,1,0
0x64b1c165f34ebf32b28f05791966ba4139192fb7,1,0
0x6522ccef8848393159168e766250c6627a2a9443,1,0
0x65bdb6b65a7652c4529a92fe7340fa22e754da45,4,0
0x6680c3fd10d6449bb0a7617d7bbdc122dd417788,4,0.2672413793103448
0x66a85dd4bc61a1e31c7531331591179aae60d5be,1,0
0x66c2b279e67fe3e661d2d392f5b66a9e3876770d,2,0
0x6754bfb36f9d3d7771a4c3eb53507be7f1c09e49,3,0
0x67b67c5b7384d6c1cdad1ed988b49183f4c59740,3,0.6666666666666666
0x684d023f458925ffd7d05566488bc101e5fc087e,1,0
0x69835ff65724a39f144d1bfa2e8e04aa214d328f,1,0
0x6bb7c65271a0210a62b015a8f4e9d2f529483cae,1,0
0x6c0345d1dae7fbf82b485844d1b2a72f220802e8,1,0
0x6c8b9d71bb6c29e0ac7a33ddaefcf0a0f3e88f8f,3,0.1662510390689942
0x6c9b4f1bdddd7704a26a5caf5242e88501dc5f0b,11,0.7272727272727273
0x6d3e5416d47478e1bcda74faeb98d16e26d50402,1,0
0x6d90e358a1056d9476d53644a93eeab4a2eeb8fa,3,0
0x6e3c107ac4273f7e0bea8172e3a9ddfe7dceabc9,1,0
0x6e956460cfc24f9f479ab54c80a596cb4f54ad7c,1,0
0x6ee5e8a45b326615410258600a6bcb9c797c4ca7,1,0
0x6efafae2a523ac08fdd3787788dd460acb55e67b,1,0
0x6fac6702e5ab65bf836a5645a567f7e38e56a227,1,0
0x6fcb15a911eaf890808aa7358361cf414029e673,1,0
0x703cd5185a8653310f9851a35b7cac0c31397db7,3,0
0x714879cb9028cb7577e1f35a31da7d8eaac15462,17,0.11764705882352941
0x71bfa532de073440625d63fc8b55ee8c26230ae4,1,0
0x72f7afd4ce96171c30f1a5260cbf7faba32bc3fa,1,0
0x73924931773d01a3fc09cc1237f9cce8045fc76b,9,0
0x73eb4b9aa51b7d493c4f4e1a441866c47e96a435,1,0
0x751ce4ba67a135ba9cb8e689dfd29c46859b9249,1,0
0x75a4310da724a3f43415f427e7b3033d7101b91d,61,0.9836063755700898
0x75a660c394d69cf386d8cc290c2eca39faa72404,2,0.1
0x774bba6aacf19412bbabdfd4a6f19451a4a3d1c0,3,0.6466666666666666
0x77a747e8ad955a94c56c31a1fdd63de613bf6ff3,1,0
0x77bf60c1125c684e26cf2bd4d271f344a008227f,1,0
0x785b7f3664b187ea767ff8bd7d9dbc4559253feb,3,0
0x7ae4bc22d038479c8ad21616450cd5e35d3f03cc,5,0.2
0x7bd649681fbdce257c115594c4c7d6bc6beea3e2,2,0
0x7c0d724bb4befc3ed0b41fa614bf57d45fc2f0f4,1,0
0x7d58c962356ae66ba91b108751d67ae5d3b022fc,63,0.12698412698412698
0x7db1f449e67cc4ab38887a364711feea1b2a8101,1,0
0x7e0d0e6bbc029d5aa78353327115072db8c19140,1,0
0x7e88dfdca361064268f812e777e2c403014d7a47,1,0
0x7ef1a1f5a6b74d4d32366a416a2e8564225d3f85,1,0
0x7f534e7a7ce76343c7c8a37360588f628aa78d6a,1,0
0x803ab462932bdb34d584015afa5bea934a417540,1,0
0x80815f046d055df3e90828e351d382ad15e61cab,1,0
0x81429e14c0581d5478547a165f3984067f17d2ad,1,0
0x81699a6bfe9e62e8dbdb6e080a9ca2943f981a22,1,0
0x81b3b7de20633403f3367df3ec8ab9abfa000c52,1,0
0x8234c50ade803425ce1043b73cad8f2f5b8cb3f8,1,0
0x826bd0b5669366559e1352c837fa6e1294d70987,1,0
0x827a9eeaece50deaf176b72a796ca216ab007680,1,0
0x829c2b9cc07589f2accbfc84130f0534b3abbefe,10,0.1
0x8327addb68ea7cec8e22ad8cfb21750a5d57c513,1,0
0x84088acd8fa8a31834070a4cc1ba68810d08a0ac,1,0
0x840931472dd1a8d925c7cfe972949427c9363876,1,0
0x85defa5be988ae72c86b670b3edd107d13103382,1,0
0x869ea07729702cd727378979370292b7162fde06,1,0
0x8768c3c197fb76dfb6dea32c27d9d835adc45ed5,1,0
0x8a0baeb41906e0037b92c9e526b29ceebbf5bd52,1,0
0x8a41a88f16ed18080a36967fb0d7385ed22502cf,1,0
0x8a4aab6f20e529f06e43dccb04abf50e37d2a30a,2,0
0x8a6b2d789c00c6b0972320df6e558268fed8a5a1,1,0
0x8b0bfe0680f6f423b75052bc52e04c29405561bd,1,0
0x8b58788a4dde2e2007a3635150fb2e0256091b39,1,0
0x8b9280f30f386c4b8fc363d5984845d946a936c3,29,0.7426843561937968
0x8bc70cae81ab3dbaaf47794701b399f766b4aeeb,2,0
0x8c07cac4e23915367f910282d546cfa832585845,1,0
0x8c6f91cfa3a7f7998ec2d2af597d885bd3c1ea4a,1,0
0x8cd50e136ad1b6ddd62c4938dc3b9b64334c5937,1,0
0x8d3497ac17233ce564ebc9f2351541eede1f3427,1,0
0x8d3fd6f3802b16037efa69be75bc1d77df4b50ad,1,0
0x8d7c19cf9f851e73803af4a99d20ffdc2bd87565,1,0
0x8d82490646b63a5462d32313563ab2aff6d316a4,4,0.5192307692307693
0x8df3736bdc04217885badadd5b2e3ab5d53613d7,1,0
0x8e0319619aa8be2ee519606b748013c2a7e626e8,1,0
0x8ead46289142f6b91483460494a02cf38e876a7a,1,0
0x8ebbc3666a8ba1c0b7064d8912bd6d892860ae5e,1,0
0x8f56682a50becb1df2fb8136954f2062871bc7fc,106,0.5495281538494332
0x8fab52ecd11774c1dd12d05a3dc812828bbc2210,2,0
0x8fdb56abda980c3fcbbd24855e168c80be9909e8,1,0
0x8fede1c35532fd7bb0ad7d39b7a78a8f022423d4,1,0
0x903e166bc02f6aebbe039730aa6bf91f98892db0,1,0
0x906b0b6dee8e4c9a3b36737f643374485397fa18,1,0
0x90c856f2f6d7ab7e8c80cfc0c39e208d34df2c7e,1,0
0x91a0dab8b10fede56f23ab133628ab7f3c65a9b6,1,0
0x91a490e49edee433e62da2b242bd05aa7d63a79e,1,0
0x91c0a6ab0cd8fef5ed4c62cda41948c8102a3d12,2,0
0x933a3f1f8d6f41368bfc35ab7ae1640760c173a7,32,0.3393172774082254
0x934d6b90e3f916a3ad5d080a674a1e953447dda3,17,0.13097010607521697
0x93c69e4023e4ebaf13c59daae8dc02b69a6f5be7,1,0
0x942fca85c5feb8f7860f3a236f47150106e191fb,2,0
0x946de41b865ab7b53af7480bd8b74f5f550006b5,1,0
0x94b3bbea449598c37d45cc9b9ab6c5e53b9cfc61,1,0
0x95213610eeaa4f7fde7d47a216a367b7440b9ddb,1,0
0x95aed8aeb705db9a491d87518c9cfa7497999353,1,0
0x95fcedbe112f7a43a08c328f617013cf51926dbe,1,0
0x96495743ec55ff35f028c2e61c7d3b3cc2f03a04,1,0
0x9677b254174a50a1bcc1d94b1f28bcd375b09a81,1,0
0x96c8c63352d416378040a31ab8a231dd8104da58,2,0.42857142857142855
0x96eac8cb167ffc7d37621168241a8037ad35dfad,1,0
0x976c989df0a3999418486413613d23c849e403c1,1,0
0x9884a07537c0171ec472e3aa0b1b210d284db588,1,0
0x989324c66b2f8439f266b9d1c87485f1f9f9415a,2,0
0x994388be8c81718bbf84d4689c010204b8a3e036,1,0
0x9a2715be834f8c29b6d5658e69975d9d5c08801a,1,0
0x9a656048c4e56e4a9adce6439d9c2dfe733e80d6,1,0
0x9b3de7442089917eeaec21d3583e468546ab7e3b,1,0
0x9cf8301b628d6d7e421808367add12ab04eb354e,1,0
0x9d4ddf2d9b3fa5e51911004abc141e389b12007d,2,0
0x9d9adcacc66e363ddf94bee548ef9f52627a6dc0,1,0
0x9e5a59666873bf74827ac0a8beb0bbf5a5209ea7,2,0
0x9e6e5d28341920b308e43318c19c0a572f7a3bfe,1,0
0x9f0db0380c45c509c886fcdea0cf21468c44a19d,1,0
0x9f8a1b78e081a0be1d773c375e215c6308bbdfc8,1,0
0x9ff5bf4477f829b50e509206cef75f4e0c9f86da,4,0
0xa160dcbbce567f954b837cbc458f62b6be465d8d,1,0
0xa1c9014ab15a5dd5e0bd987f36ce878bb607d730,1,0
0xa2792e28c47d90c4226672e45dd032c008b0ec58,1,0
0xa41558e787eea24fcbd2dff23b06843eadc25b8c,1,0
0xa440cc047fd0bc519af1dab35d8d8fe558c358e3,1,0
0xa4a83c5d1d92c23578689d93e4235ed45ce9fd8e,1,0
0xa4a96b8d64869ef39c055b91be75a028cac8bede,1,0
0xa5d6bad74164546ad5885debde0222aa26617fac,1,0
0xa6a8c05367817f83bf6ec6cf83603a73f03b4319,1,0
0xa6d9ecaf71414d63e7c227051cca9c796aa162f4,1,0
0xa6fdcb7d7570b483be5be95538a1431d0dcdb8b9,1,0
0xa7bddc46fb3974e64d825f584cc7e2f85df2d0b6,1,0
0xa7d25136873b2159577f4f1e84fa3d42fc322198,1,0
0xa7f635f8f5177d17ecaab21fc78e706c716ccbd9,9,0.009768009768009768
0xa83bfad0771dcb68f40b0c93db3d2f63757f628c,1,0
0xa8421f3512f8f75873abff51f7feb79752027d75,2,0
0xa8fc468da0417f71393523393bd7d57450143a62,2,0.5
0xa9ade79ab198a579772dd5e310ea28643e4a4421,21,0.9365079365079365
0xa9b27c6b40026098d76339272d86a9c745d134cd,1,0
0xaa612e28c4d0c74b150eb62ea9f7cbc654e6eed6,1,0
0xab07bc6857b3cca53c3c15e2a0fd3c2ad38b6b4e,2,0
0xab3b0ce252f728d0a43faa37651efaf46bebc32b,1,0
0xac788c55bbf081cde2fcf446b71b42d1bf8e99e7,1,0
0xacf72f22b47cbdfc39c08de103c34cb802576d38,1,0
0xad18be43b32af9934f1d2f02503b400924701a9f,5,0.49411764705882355
0xad4b526c28f7b9bc0345cb6ab825b799deeefb37,1,0
0xae15c9f51c3966ac8692266f56f8634eb032f1bc,1,0
0xaebf9201c0d3cd09c447b717a7f9e190a5f4ca92,1,0
0xaf4a035891fc392a05743aa9a75816c4d411960f,10,0.66
0xaf8a5d519a1e8a78be3ada0bb01e28cf473f28b9,1,0
0xb0081972a923948616b8436cdc3ee534bf867758,1,0
0xb0736179ffe3e55b1bf3f7d760b52167621b6a22,1,0
0xb0d854aa93ffc875e9a3f589681d2a6a48b17948,1,0
0xb19368c8a9ce4c4a7dc4aa424123983f70802105,2,0
0xb271c5bdc334dfe1938daa72cdfc508f88d11feb,1,0
0xb275b0ef9ce1779ffe0bf911830c7d64f5d8677f,7,0.47619047619047616
0xb2d0b4ab3ba9008f6fa74cb0253106d8b3ffb650,1,0
0xb313b6cda75c26f6b1d9119386e9599ddea394b3,1,0
0xb398d79b4d19566dbb2dfe53ed96362a292d27fb,1,0
0xb40c08ffedf2103cee1d5abd7791e448403e1e97,1,0
0xb42616e266cb0c6d34c1434f09b95ed50bb551ed,9,0.3333333333333333
0xb48b984237a95313c1e1e81acce7edc95b0a5c92,1,0
0xb4c9a09187f24db56ae471572d6c6c91eaa353bc,1,0
0xb50fcb7417503e086625ef46146b128246453b08,1,0
0xb549ec858cd0f4bdd0da02219fd0f1b1752cff10,1,0
0xb5a7deccdfa92187ae77de70994176f774732ded,1,0
0xb5cef5887a0b46d895cb1893b3cddc9a31607261,65,0.5359570661896244
0xb778c1f437e99ad165e30ae2c00a326315c501a3,1,0
0xb8306f0d50c53328685db9c0415c6e3e84442fe0,1,0
0xb849a36afa2cf745d47f687d563b102c2ce5de0b,1,0
0xb899dedcbc090a9c2333f25ddaa29fbf6679c591,1,0
0xb8e156dae6f895ba7316ab14356c754e27c4bd41,2,0
0xb92bef11920dab44fd95ff14894accc9cccba096,1,0
0xb9eab4dad15ed022c2191c1c52be5b9a664255c8,1,0
0xba242b2bad10d2b68494960352ba038c28bd82a5,4,0
0xba7f8d7093a928929e7564c6c6e869863fade451,1,0
0xbaea2646bebd2d6fcf5d8e4831692a6e78b7de7c,1,0
0xbca8b33e415a52e96e82fd1a5a66129b44cb6b29,1,0
0xbcb8ac84216f14f11edf487e2ef68cceec2a06ee,1,0
0xbd6fa666fbb6fdeb4fc5eb36cdd5c87b069b24c1,34,0.9079696394686907
0xbdababda48998a5e72f19edfac5566af25879c40,2,0
0xbeb3e32355a933501c247e2dbde6e6ca2489bf3d,94,0.6032227444261802
0xbf7b847ff199802daf98d3026f84f0616fed30bf,1,0
0xbfac046994715590bdf62e6b5965d0f4565eb822,1,0
0xc0cbf4c4867fc1a0d8d03c4f170dcff70810d8f2,1,0
0xc0da65b8c37125096e9d54bf02eb4bd8657f66b8,13,0.31868131868131866
0xc2a4633e45538c400200975e4d948bf85612a26d,1,0
0xc2b856f2b64a8b287d936529f3646aa8443d885e,8,0
0xc379b99686f295247f306a2d357e1c0a138db15f,1,0
0xc43e09bd5806f56aa2e44677aebe3b12adc82515,1,0
0xc4ccfef4d3f0786c5ae022854369174e5a44f606,1,0
0xc4cd59453b71ef6175dc3aa3393b7510ffa280a0,2,0.5
0xc5edf90e3474cbca466c4a9bf4ed6d3f0555fe53,1,0
0xc6de3a7e4112d5a62a8466af223c6f27e7f4efd2,1,0
0xc6e0596bb2fb3b2dbc36b670afcd89e39ea2841f,1,0
0xc7694cd015587e8ce621a4f0676cababa21ad7d8,1,0
0xc7eccbf0598c94607bfa4fc1820ddf972f058344,1,0
0xc9aad3fba09f46532cfbadef3d885386ca1aa9fe,1,0
0xca09277f288b255fb30fe990253e798f48a43715,1,0
0xcad3cc9e229bd779e8bb9fef9f042754bfe0d435,1,0
0xcaed29b19742c78c21c37383ddf81c4529a37bb5,1,0
0xcb46298767fb5d44c18313976c30d3eeb5071862,12,0.7916666666666666
0xcbab6a09cecd79d20a27e731ec30e9ec7a546abe,1,0
0xcc7dcdb700eed457c8180406d7d699877f4eee24,19,0.5702606029637199
0xccd3e92e38421dd6f5441b2983c7e23152e038e2,1,0
0xcd168c9baa0f45e59e69378a406d6b9440ef6f4c,1,0
0xcea6952b9d31b29c056c7b15b76e728ee5312222,2,0
0xcee155968c81acd7b53377a0575778219cbc6c5d,1,0
0xcf00907c62f81a95f9ae6727608c81b031607886,1,0
0xcfa7700f9c15f03e0ae81ebd524e4c2af915d13b,9,0.5555555555555556
0xd01c53055c80d67083da0d415cd43a3f1a8ce9a4,1,0
0xd03b2e5cf5a01dd00f0cc5528b43e7529c089d8b,1,0
0xd0aaddb042a9f496a47f06ad27658a5a6643aaa5,1,0
0xd13123c68d3e3a2c45bdb9ef647c6d7c6abb95c0,1,0
0xd2303440e177df44d5829ca35a42a4c1f421aaba,1,0
0xd2a39911e256da78a4759f992bdf55fbf89809f4,3,0.3333333333333333
0xd2cf5d07750265706f563351f35940d86b121e30,1,0
0xd300c6616d7b0cd0d99d9555a0f6237074d15b70,1,0
0xd32ef859c95d8dd9e673bd150fbf89c648f11a8e,1,0
0xd33de0e05b314faa8e6cbb86e6ddc18e65fca3fb,1,0
0xd3978be25934bdb9c3dcc04666dbab193ffa75c7,1,0
0xd608200afeb515c19b8313cdba33047d9c7b2835,1,0
0xd704f5107f4d0718f054f1734e86f6f3c548c1b3,1,0
0xd797787127f03012ca35363c06ee6f214df43205,1,0
0xd7cb71297625ce3b1351be36ee6144d0c987f06f,2,0.16666666666666666
0xd7dccde79c589d92b42d611ef4f94c8b0459044e,1,0
0xd84ebd1acf700a4284e23cef897c0ce7af0046ac,1,0
0xd8f08857bf940fb8f73fe45682dfdea5c443cec2,1,0
0xd9da34b0491495a08ded0e91ab6c5ee915c810c7,1,0
0xda6f46819152ce84a7e5f975024913320fe0007d,2,0
0xda7b1338946913f395a0cb2e019bcd352da918cc,1,0
0xdb754598beb551265ad45ac262c377e5740f3b0c,1,0
0xdbf066453ec7091bda004cf29d7faaebf920679f,1,0
0xdc1718fe287ff39ece0e73163e778dcd495c5b2b,1,0
0xdc8071585475c236bfd4efeaf1585661f75af871,1,0
0xdc9dfef0a1992de7c656c9af674d51cf0277750a,1,0
0xdcb167cb19f942f2d6bdf4486ea37e6e4ff37080,6,0
0xdd59020606dfb3de4d05dee82f9012dee8e42d13,1,0
0xdda0d700a2e847a701308dfaf46194ad26698e9a,1,0
0xdda8841a529fffaeb5643ce93819c1e6a3667a7c,1,0
0xdeb067c737bbd6de3829b2c9df198d0d7be960fb,1,0
0xdec090a12f2e280b089daa225892d9efa8ed0ee8,45,0.7555555555555555
0xdecca5c1ed39d1b0948b97d6bcd31acf374efbc5,6,0.16666666666666666
0xdf8daefeb8416fa1d2ecdd34996dce6ae26a2ff6,1,0
0xdfffd273bb9ef82214177d8255bf7e1652f1a63e,1,0
0xe0147994a3a4586ab72f73112d0d6b6b2bac7b24,1,0
0xe0b9cfd861de24553e68b05917a58af28695d04c,1,0
0xe0e052d5cc3b61755ca93728ef93d4e0fb3a92b8,1,0
0xe0e3aaac46e9f1147a1f1c6e0a48979cc2c0df51,1,0
0xe1fa628c1bddca38bee6020e367fc0f7d35bf06c,14,0
0xe28a6133364958bf938cd6cb8fa8fc340117c794,1,0
0xe2e675ae70e4e3d0d487e23c8a11ededfb3039f5,1,0
0xe3043670f935de21600fbbc876501e16cb6f5a59,1,0
0xe3aa9ca8878efcde4990bcb6159445fe9843902f,1,0
0xe4083b6f2eb1b29ccb4ce8cf862867a81b7ae6e3,1,0
0xe4e9cb9b13cf9abf61c3fcacb14d916a01d3ff29,1,0
0xe6d5b72d5433fc5584a7f6d01ddeead735b270e7,1,0
0xe880f6dc2b75435f70e759362c55eaf78cd248a2,1,0
0xe883316bc3549258a4dad870cd7d310f677a93ff,1,0
0xe891670ab84a60e42323f0839087687eae644140,1,0
0xe8a06e64812a06a12c170cecb15c6838f6d26637,1,0
0xe917c7c6932a1b9393e8f2df6e3c2531b58e37db,1,0
0xe94a1b9cc17a831060c5979c4bc40c1468ffbe4d,1,0
0xe97049fa18963a065fb1ac3fa350b55651524132,1,0
0xe9d7e590171cb5080ab8dfd45850692a714260f0,37,0.40540540540540543
0xea5f7ea89dfeb4a0ec5be9ec649a102c61134bc9,1,0
0xeaa32c0fcc78c86e41fe031bbfa7ba695126dff1,1,0
0xeafa854a8d529a2cbd466795bec05bf6c3b3fef0,1,0
0xeb02a1b9981b771dbf53500a9ba9bc01469452c3,1,0
0xeb3945b0a9aae117c73fced07859201108cc2231,1,0
0xec10a54c9ed76f29c9d469b64fd3b6a5fd69c34d,172,0.8512384377483171
0xec9728a48617ea11137d05c4d7a60164c14db672,1,0
0xed433f2ec72e70d508fce1283c2deba1d4ecb5ac,1,0
0xedfa9c95d2b7c19fdf65013233d0aba8df3ab940,1,0
0xee629a192374caf2a72cf1695c485c5c89611ef2,116,0.6726593400759204
0xef8d82a94d5d199827c5bdaeac0e02b879b12b7a,1,0
0xeff19f95b10009d6ff2a087a80276cd998098a1b,1,0
0xf035532764e59372f722a1451cda7d601b4d4772,34,0.8109802698753339
0xf0cbba291d9809569d0a74ea56cd20253a421f8d,1,0
0xf251bd64dc9bb8a9e0180b0adf414799101bc3e8,2,0.5
0xf317001cb0f992a33c603651e3e66a734f1bf6f2,1,0
0xf31db90cf249222b13fff9b4a58eb5547c76af6b,39,0.02564102564102564
0xf333b445120dee2d2f2fced5802737590c29058f,1,0
0xf3e556b94378c1a1cbb1e4681b8660e04d3d8146,1,0
0xf4ea80eacd51173c33ae154da6f6e852b5133ecc,1,0
0xf551b1c3822ba1062599e0f7d7db0a282ec4076b,1,0
0xf556458cd4043b95bf7a0e3f89e9d78febdd5b72,1,0
0xf6aa3d578eca4821beb07a38a08031dd44f8c795,1,0
0xf74c63ece46b4be9a90b781bfcd3b8fb4c61e738,1,0
0xf774684f906cfa9476728225b4ebddefcd8db78b,1,0
0xf7ca63ef8a17379d5d50e5ec6d5845dc58c3a64a,1,0
0xf8484b3d9e8189d4743b0ecf35a87c58b76cee7b,1,0
0xf9bd49d8f9a9290bdb263c6c9b9765b852dabe63,1,0
0xf9ea0b56813fa5351d2cb4f41c8b791118ad7b73,1,0
0xfac8b74cfccbaf1c308d83f75832be860dd288c1,2,0
0xfc3adcb73014163450d34d07f04c702e22176f92,3,0.16
0xfc68a27ad5068ceacbc08a0d513f22a753878748,1,0
0xfc8eba8a52b21562f8b6843f545f4e744f0f0d41,8,0.375
0xfdd6d5c17d5d0fff346554a657f183b9a03720ea,1,0
0xfdec4c4ead347831e1300549117ff8d61e1174d3,1,0
0xfe9cbcc1b54c64ee06303f59032da7884cbf1894,1,0
0xff3e5cf4cbc602098ab4f734a69f4b365f589569,1,0
