0x035786df593d962dc92967ce6893b29bfe8147d4,0x035786df593d962dc92967ce6893b29bfe8147d4,
0x200ce646610bef24b988d1125b779c22ece4a2d4,0x200ce646610bef24b988d1125b779c22ece4a2d4,
0x23146a7907987ab0bdcebb3a3824072be077ea48,0x23146a7907987ab0bdcebb3a3824072be077ea48,
0x2ae8c972fb2e6c00dded8986e2dc672ed190da06,0x2ae8c972fb2e6c00dded8986e2dc672ed190da06,
0x34aa3f359a9d614239015126635ce7732c18fdf3,0x34aa3f359a9d614239015126635ce7732c18fdf3,
0x3a051cff039d0ea6964c0f9f01db6e61cc521748,0x3a051cff039d0ea6964c0f9f01db6e61cc521748,
0x3b067af83f540cb827825a6ee5480441a4237e77,0x3b067af83f540cb827825a6ee5480441a4237e77,
0x523d007855b3543797e0d3d462cb44b601274819,0x523d007855b3543797e0d3d462cb44b601274819,
0x5e349eca2dc61abcd9dd99ce94d04136151a09ee,0x5e349eca2dc61abcd9dd99ce94d04136151a09ee,
0x60ca282757ba67f3adbf21f3ba2ebe4ab3eb01fc,0x60ca282757ba67f3adbf21f3ba2ebe4ab3eb01fc,
0x62e4851e88bec4f5c5ee3dd347f2c601a18af1af,0x62e4851e88bec4f5c5ee3dd347f2c601a18af1af,
0x76ca8582c51ed13240c9b4af43d80f5bb603daaa,0x76ca8582c51ed13240c9b4af43d80f5bb603daaa,
0x7b2e78d4dfaaba045a167a70da285e30e8fca196,0x7b2e78d4dfaaba045a167a70da285e30e8fca196,
0x7c424d4b753185c6e91e0cdd5fd98076198c51b2,0x7c424d4b753185c6e91e0cdd5fd98076198c51b2,
0x839395e20bbb182fa440d08f850e6c7a8f6f0780,0x839395e20bbb182fa440d08f850e6c7a8f6f0780,
0x852ce6f52d2e8b0e006c46ef25a90c0956d02790,0x852ce6f52d2e8b0e006c46ef25a90c0956d02790,
0x94e179def45b2b377610ee915ac513ba17685151,0x94e179def45b2b377610ee915ac513ba17685151,
0x9885a84930e3c8c865a1d3debdc204f990bab7c3,0x9885a84930e3c8c865a1d3debdc204f990bab7c3,
0xa403be83a6f74b62db58bbddc73d2c8a8fc3f1dd,0xa403be83a6f74b62db58bbddc73d2c8a8fc3f1dd,
0xa4ca1b15fe81f57cb2d3f686c7b13309906cd37b,0xa4ca1b15fe81f57cb2d3f686c7b13309906cd37b,
0xa6be72954fcfe1cd3be370ed7c573024a55d34ef,0xa6be72954fcfe1cd3be370ed7c573024a55d34ef,
0xaa1a54bfa93be8ac8d01182827433f227ba59e17,0xaa1a54bfa93be8ac8d01182827433f227ba59e17,
0xacf16886efa51ff0957ef321b8510e53d67d1d7c,0xacf16886efa51ff0957ef321b8510e53d67d1d7c,
0xc69e8318ea6406a248af54dbf0893e0f4caa946b,0xc69e8318ea6406a248af54dbf0893e0f4caa946b,
0xc977e0d130dce62827fa13d0fa90f4901383882a,0xc977e0d130dce62827fa13d0fa90f4901383882a,
0xced608aa29bb92185d9b6340adcbfa263dae075b,0xced608aa29bb92185d9b6340adcbfa263dae075b,
0xd9ffaf2e880df0cc7b7104e9e789d281a81824cf,0xd9ffaf2e880df0cc7b7104e9e789d281a81824cf,
0xe2b23e6bf5f0919df991c191a8ba67d72dc3d5c4,0xe2b23e6bf5f0919df991c191a8ba67d72dc3d5c4,
0xe3a1ebb9a3de6e32b1444c43fb3d651b758570ab,0xe3a1ebb9a3de6e32b1444c43fb3d651b758570ab,
0xf503017d7baf7fbc0fff7492b751025c6a78179b,0xf503017d7baf7fbc0fff7492b751025c6a78179b,
